{
	"info": {
		"info.name": "항공영상 도시건물 변화탐지 데이터",
		"info.id": "TIFF_CHANGE_safe_01",
		"info.date_created": "2021-04-09 09:00:00",
		"info.src_path": "/dataSet/change",
		"info.label_path": "/dataSet/change",
		"info.category": 2,
		"info.type": 1
	},
	"images": {
		"images.id": "2015_DMG_1LB_000037.tif",
		"images.type": "TIF",
		"images.data_captured": "2021-11-15 01:04:38",
		"images.size": 1643,
		"images.width": 1508,
		"images.height": 754,
		"images.h_resolution": 150,
		"images.v_resolution": 150,
		"images.bit": 24
	},
	"annotations": [
		{
			"polygon.id": "PLG_000000",
			"polygon.name": "building",
			"polygon.points": [
				[
					1166.107938353716,
					18.511517723165696
				],
				[
					1253.2427316384587,
					48.14920251389454
				],
				[
					1193.3746083611866,
					239.6086462620028
				],
				[
					1099.1267707266688,
					208.19270038383024
				]
			],
			"polygon.shape": 0,
			"polygon.shift": 2,
			"polygon.updates": [
				1,
				2,
				3
			]
		},
		{
			"polygon.id": "PLG_000001",
			"polygon.name": "building",
			"polygon.points": [
				[
					1461.5606583315628,
					0
				],
				[
					1445.2780474571255,
					36.40169047358371
				],
				[
					1438.2523473402046,
					62.44769794095534
				],
				[
					1505.047378451762,
					77.89444918060408
				],
				[
					1504.5534170385831,
					0.8364687247091069
				]
			],
			"polygon.shape": 1,
			"polygon.shift": 2,
			"polygon.updates": [
				1,
				3
			]
		},
		{
			"polygon.id": "PLG_000002",
			"polygon.name": "building",
			"polygon.points": [
				[
					1345.4556620371795,
					283.4535827325941
				],
				[
					1377.5631538938023,
					293.3328109961704
				],
				[
					1375.0933468279081,
					298.2724251279585
				],
				[
					1392.3819962891666,
					306.66976915199837
				],
				[
					1390.4061506364515,
					319.0188044814687
				],
				[
					1402.261224552743,
					323.95841861325687
				],
				[
					1366.6960028038684,
					430.65408385988064
				],
				[
					1304.456864743338,
					409.4137430931916
				]
			],
			"polygon.shape": 0,
			"polygon.shift": 0
		},
		{
			"polygon.id": "PLG_000003",
			"polygon.name": "building",
			"polygon.points": [
				[
					752.5751327384634,
					393.9144637139746
				],
				[
					732.4215070807678,
					391.5434489307163
				],
				[
					703.9693296816681,
					464.45215351590923
				],
				[
					722.9374479477345,
					492.3115772191943
				],
				[
					753.7606401300925,
					504.7594048313004
				]
			],
			"polygon.shape": 1,
			"polygon.shift": 2,
			"polygon.updates": [
				4
			]
		},
		{
			"polygon.id": "PLG_000004",
			"polygon.name": "building",
			"polygon.points": [
				[
					753.0218319236292,
					318.00045047070626
				],
				[
					652.0166021568255,
					299.5065351612915
				],
				[
					622.1418158877708,
					447.45785763660973
				],
				[
					622.8531203227483,
					457.4161197262946
				],
				[
					673.3557352061501,
					473.06481729579946
				],
				[
					676.9122573810376,
					443.1900310267448
				],
				[
					701.8079126052498,
					447.45785763660973
				],
				[
					721.7244367846196,
					382.01784961868054
				],
				[
					704.6531303451598,
					373.4821963989506
				],
				[
					705.3644347801373,
					370.63697865904066
				],
				[
					753.0218319236292,
					382.01784961868054
				]
			],
			"polygon.shape": 1,
			"polygon.shift": 2,
			"polygon.updates": [
				4
			]
		},
		{
			"polygon.id": "PLG_000005",
			"polygon.name": "building",
			"polygon.points": [
				[
					758.021087673578,
					729.9144815684356
				],
				[
					804.9451338272438,
					660.4825500840846
				],
				[
					826.8770205723831,
					670.5593629129323
				],
				[
					825.0987594849394,
					677.6724072627073
				],
				[
					839.9176018803038,
					684.7854516124822
				],
				[
					839.9176018803038,
					689.5274811789989
				],
				[
					904.5277547240926,
					732.7985009734629
				],
				[
					892.672680807801,
					753.544880326973
				],
				[
					757.4172046002444,
					754.0411298384735
				]
			],
			"polygon.shape": 1,
			"polygon.shift": 2,
			"polygon.updates": [
				3
			]
		}
	]
}