{
	"info": {
		"info.name": "항공영상 도시건물 변화탐지 데이터",
		"info.id": "TIFF_CHANGE_safe_01",
		"info.date_created": "2021-04-09 09:00:00",
		"info.src_path": "/dataSet/change",
		"info.label_path": "/dataSet/change",
		"info.category": 2,
		"info.type": 1
	},
	"images": {
		"images.id": "2015_EPG_1LB_000012.tif",
		"images.type": "TIF",
		"images.data_captured": "2021-11-15 01:04:44",
		"images.size": 1496,
		"images.width": 1508,
		"images.height": 754,
		"images.h_resolution": 150,
		"images.v_resolution": 150,
		"images.bit": 24
	},
	"annotations": [
		{
			"polygon.id": "PLG_000000",
			"polygon.name": "building",
			"polygon.points": [
				[
					753.0361676954733,
					129.44283716797608
				],
				[
					804.2733660680883,
					96.38658015338572
				],
				[
					851.6540011223344,
					163.05003179947627
				],
				[
					848.3483754208754,
					165.25378226711564
				],
				[
					870.3858800972689,
					196.65722643097646
				],
				[
					876.4461938832771,
					195.00441358024693
				],
				[
					948.6190216984662,
					301.88631126075575
				],
				[
					892.9743223905724,
					338.79913159371495
				],
				[
					872.5896305649084,
					310.1503755144033
				],
				[
					826.3108707444819,
					337.6972563598953
				],
				[
					812.5374303217359,
					318.41443976805095
				],
				[
					770.6661714365881,
					341.00288206135434
				],
				[
					756.3417933969322,
					320.06725261878046
				]
			],
			"polygon.shape": 1,
			"polygon.shift": 2,
			"polygon.updates": [
				3
			]
		},
		{
			"polygon.id": "PLG_000001",
			"polygon.name": "building",
			"polygon.points": [
				[
					757.3055711659813,
					661.6850386519513
				],
				[
					805.1300170782937,
					660.1546563827574
				],
				[
					803.9822303763982,
					644.468238123519
				],
				[
					808.1907816166816,
					641.0248780178324
				],
				[
					856.015227528994,
					640.6422824505339
				],
				[
					856.7871056394794,
					753.5918750678211
				],
				[
					757.0814883492519,
					753.5599075947086
				]
			],
			"polygon.shape": 1,
			"polygon.shift": 2,
			"polygon.updates": [
				1,
				3,
				4
			]
		},
		{
			"polygon.id": "PLG_000002",
			"polygon.name": "building",
			"polygon.points": [
				[
					1506.4156490775733,
					392.88853047834505
				],
				[
					1398.0645844186383,
					397.93879196668524
				],
				[
					1404.033075268495,
					516.8494942830589
				],
				[
					1407.828404591424,
					559.5910197825982
				],
				[
					1450.5604326519624,
					560.6980671416795
				],
				[
					1455.8742599755528,
					557.3769250644356
				],
				[
					1507.019847965109,
					555.1628303462729
				]
			],
			"polygon.shape": 1,
			"polygon.shift": 2,
			"polygon.updates": [
				3
			]
		}
	]
}