{
	"info": {
		"info.name": "항공영상 도시건물 변화탐지 데이터",
		"info.id": "TIFF_CHANGE_safe_01",
		"info.date_created": "2021-04-09 09:00:00",
		"info.src_path": "/dataSet/change",
		"info.label_path": "/dataSet/change",
		"info.category": 2,
		"info.type": 1
	},
	"images": {
		"images.id": "2015_EPG_1LB_000078.tif",
		"images.type": "TIF",
		"images.data_captured": "2021-11-15 01:04:48",
		"images.size": 1599,
		"images.width": 1508,
		"images.height": 754,
		"images.h_resolution": 150,
		"images.v_resolution": 150,
		"images.bit": 24
	},
	"annotations": [
		{
			"polygon.id": "PLG_000000",
			"polygon.name": "building",
			"polygon.points": [
				[
					269.28186716704084,
					3.253524143180776
				],
				[
					267.7514848978468,
					54.90392572847822
				],
				[
					216.8662744471464,
					52.225756757388716
				],
				[
					216.8662744471464,
					71.35553512231368
				],
				[
					123.13036045901401,
					70.5903439877167
				],
				[
					123.51295602631252,
					16.644368998628266
				],
				[
					128.86929396849152,
					15.879177864031263
				],
				[
					130.017080670387,
					5.931693114270274
				],
				[
					126.19112499740201,
					6.314288681568776
				],
				[
					126.19112499740201,
					2.48833300858378
				]
			],
			"polygon.shape": 1,
			"polygon.shift": 2,
			"polygon.updates": [
				0,
				3,
				4
			]
		}
	]
}