{
	"info": {
		"info.name": "항공영상 도시건물 변화탐지 데이터",
		"info.id": "TIFF_CHANGE_safe_01",
		"info.date_created": "2021-04-09 09:00:00",
		"info.src_path": "/dataSet/change",
		"info.label_path": "/dataSet/change",
		"info.category": 2,
		"info.type": 1
	},
	"images": {
		"images.id": "2015_EPG_1LB_000062.tif",
		"images.type": "TIF",
		"images.data_captured": "2021-11-15 01:04:48",
		"images.size": 1328,
		"images.width": 1508,
		"images.height": 754,
		"images.h_resolution": 150,
		"images.v_resolution": 150,
		"images.bit": 24
	},
	"annotations": [
		{
			"polygon.id": "PLG_000000",
			"polygon.name": "building",
			"polygon.points": [
				[
					837.5380097268987,
					459.17717912146156
				],
				[
					1005.1148682036414,
					457.799835079187
				],
				[
					1006.9513269266743,
					463.30921124828535
				],
				[
					1003.2784094806087,
					582.6790282454172
				],
				[
					938.5432394937026,
					583.1381429261754
				],
				[
					939.461468855219,
					571.2011612264622
				],
				[
					912.3737026904853,
					571.2011612264622
				],
				[
					912.8328173712434,
					586.3519456914828
				],
				[
					837.9971244076569,
					586.811060372241
				],
				[
					835.2424363231078,
					579.0061107993516
				]
			],
			"polygon.shape": 0,
			"polygon.shift": 2,
			"polygon.updates": [
				3
			]
		},
		{
			"polygon.id": "PLG_000001",
			"polygon.name": "building",
			"polygon.points": [
				[
					1025.001936719042,
					581.0944329311634
				],
				[
					1176.5097813692478,
					582.7472457818928
				],
				[
					1179.264469453797,
					682.4669544425738
				],
				[
					1152.2685262252148,
					684.1197672933033
				],
				[
					1152.2685262252148,
					687.4253929947623
				],
				[
					1096.0728893004111,
					689.0782058454918
				],
				[
					1097.174764534231,
					700.0969581836886
				],
				[
					1024.4509991021323,
					700.6478958005985
				]
			],
			"polygon.shape": 0,
			"polygon.shift": 2,
			"polygon.updates": [
				3
			]
		},
		{
			"polygon.id": "PLG_000002",
			"polygon.name": "building",
			"polygon.points": [
				[
					754.2583359708192,
					440.5192082564324
				],
				[
					651.1228140852973,
					440.5192082564324
				],
				[
					650.4616889450054,
					457.7084619040194
				],
				[
					651.783939225589,
					505.9705971453213
				],
				[
					656.4118152076317,
					506.6317222856131
				],
				[
					657.7340654882153,
					537.704603879328
				],
				[
					651.1228140852973,
					538.3657290196198
				],
				[
					652.4450643658809,
					589.272364822089
				],
				[
					745.0025840067337,
					593.2391156638398
				],
				[
					745.6637091470257,
					574.7276117356691
				],
				[
					754.2583359708192,
					574.7276117356691
				]
			],
			"polygon.shape": 1,
			"polygon.shift": 2,
			"polygon.updates": [
				4,
				3
			]
		}
	]
}