{
	"info": {
		"info.name": "항공영상 도시건물 변화탐지 데이터",
		"info.id": "TIFF_CHANGE_safe_01",
		"info.date_created": "2021-04-09 09:00:00",
		"info.src_path": "/dataSet/change",
		"info.label_path": "/dataSet/change",
		"info.category": 2,
		"info.type": 1
	},
	"images": {
		"images.id": "2015_DMG_1LB_000052.tif",
		"images.type": "TIF",
		"images.data_captured": "2021-11-15 01:04:40",
		"images.size": 1611,
		"images.width": 1508,
		"images.height": 754,
		"images.h_resolution": 150,
		"images.v_resolution": 150,
		"images.bit": 24
	},
	"annotations": [
		{
			"polygon.id": "PLG_000000",
			"polygon.name": "building",
			"polygon.points": [
				[
					755.8745963664937,
					578.2294191911872
				],
				[
					888.6514242289588,
					560.4468083167499
				],
				[
					894.5789611871046,
					628.0207296396115
				],
				[
					902.2847592326941,
					635.1337739893866
				],
				[
					902.8775129285087,
					645.8033405140488
				],
				[
					900.5064981452504,
					649.3598626889363
				],
				[
					902.2847592326941,
					663.5859513884861
				],
				[
					883.9093946624423,
					665.9569661717445
				],
				[
					884.5021483582568,
					698.5584194415462
				],
				[
					827.0050398642429,
					703.8932027038775
				],
				[
					829.3760546475012,
					718.1192914034273
				],
				[
					762.7152263023538,
					722.525789264345
				],
				[
					756.1949356483934,
					662.2716442901071
				]
			],
			"polygon.shape": 1,
			"polygon.shift": 2,
			"polygon.updates": [
				2
			]
		}
	]
}