{
	"info": {
		"info.name": "항공영상 도시건물 변화탐지 데이터",
		"info.id": "TIFF_CHANGE_safe_01",
		"info.date_created": "2021-04-09 09:00:00",
		"info.src_path": "/dataSet/change",
		"info.label_path": "/dataSet/change",
		"info.category": 2,
		"info.type": 1
	},
	"images": {
		"images.id": "2015_DMG_1LB_000045.tif",
		"images.type": "TIF",
		"images.data_captured": "2021-11-15 01:04:40",
		"images.size": 1582,
		"images.width": 1508,
		"images.height": 754,
		"images.h_resolution": 150,
		"images.v_resolution": 150,
		"images.bit": 24
	},
	"annotations": [
		{
			"polygon.id": "PLG_000000",
			"polygon.name": "building",
			"polygon.points": [
				[
					916.7572138610448,
					178.2571971682059
				],
				[
					1051.773333463254,
					164.67325830578852
				],
				[
					1058.3594856389714,
					165.08489281677086
				],
				[
					1064.1223687927243,
					259.7608303427102
				],
				[
					1069.4736174354948,
					259.34919583172785
				],
				[
					1069.0619829245124,
					277.04947980396867
				],
				[
					1067.415444880583,
					280.3425558918275
				],
				[
					946.806533162756,
					293.1032257322802
				],
				[
					939.8087464760561,
					257.29102327681613
				],
				[
					931.5760562564092,
					258.93756132074554
				],
				[
					922.5200970147976,
					250.70487110109863
				]
			],
			"polygon.shape": 0,
			"polygon.shift": 2,
			"polygon.updates": [
				1,
				3
			]
		},
		{
			"polygon.id": "PLG_000001",
			"polygon.name": "building",
			"polygon.points": [
				[
					369.39183823561694,
					615.127137380451
				],
				[
					499.7976513148237,
					600.3082949850866
				],
				[
					506.9106956645986,
					653.6561276083985
				],
				[
					481.32554934141507,
					656.048955727663
				],
				[
					486.5671347084795,
					732.626472540359
				],
				[
					381.4584066705752,
					737.99122663707
				]
			],
			"polygon.shape": 0,
			"polygon.shift": 2,
			"polygon.updates": [
				4
			]
		}
	]
}