{
	"info": {
		"info.name": "항공영상 도시건물 변화탐지 데이터",
		"info.id": "TIFF_CHANGE_safe_01",
		"info.date_created": "2021-04-09 09:00:00",
		"info.src_path": "/dataSet/change",
		"info.label_path": "/dataSet/change",
		"info.category": 2,
		"info.type": 1
	},
	"images": {
		"images.id": "2015_KSG_1LB_000127.tif",
		"images.type": "TIF",
		"images.data_captured": "2021-11-15 01:05:14",
		"images.size": 1463,
		"images.width": 1508,
		"images.height": 754,
		"images.h_resolution": 150,
		"images.v_resolution": 150,
		"images.bit": 24
	},
	"annotations": [
		{
			"polygon.id": "PLG_000000",
			"polygon.name": "building",
			"polygon.points": [
				[
					231.25211859405618,
					752.8644153900024
				],
				[
					208.65630237471382,
					715.7841015941585
				],
				[
					257.3242142317589,
					685.6563466350353
				],
				[
					290.3488687061823,
					740.118057522681
				],
				[
					300.77770696126345,
					733.1654986859603
				],
				[
					312.6925473751189,
					748.811438382948
				],
				[
					313.3631259666236,
					752.8349099319762
				]
			],
			"polygon.shape": 1,
			"polygon.shift": 2,
			"polygon.updates": [
				4,
				3
			]
		},
		{
			"polygon.id": "PLG_000001",
			"polygon.name": "building",
			"polygon.points": [
				[
					471.68726788375636,
					751.8789330919271
				],
				[
					408.9211117189165,
					639.8654851669821
				],
				[
					404.57576244596606,
					643.2452012681658
				],
				[
					395.40224731418175,
					629.2435202775478
				],
				[
					381.88338290944705,
					636.9685856516819
				],
				[
					364.5019858176452,
					610.4136734280958
				],
				[
					306.0811789257558,
					644.2108344399326
				],
				[
					305.11554575398907,
					649.5218168846498
				],
				[
					375.12395070707964,
					753.3273828495772
				]
			],
			"polygon.shape": 1,
			"polygon.shift": 2,
			"polygon.updates": [
				4,
				1,
				3
			]
		},
		{
			"polygon.id": "PLG_000002",
			"polygon.name": "building",
			"polygon.points": [
				[
					755.123904311152,
					103.03896137745991
				],
				[
					785.2516592702752,
					107.09462069888033
				],
				[
					793.8921448912442,
					76.10165841785417
				],
				[
					825.2752229736642,
					82.86109062022153
				],
				[
					833.0002883477983,
					67.89377645783665
				],
				[
					839.7597205501658,
					68.85940962960342
				],
				[
					842.6566200654661,
					71.75630914490371
				],
				[
					849.4160522678334,
					71.75630914490371
				],
				[
					859.5783757675068,
					24.13514364605384
				],
				[
					800.8485662606522,
					4.996294181636518
				],
				[
					754.4981740158473,
					4.996294181636518
				]
			],
			"polygon.shape": 1,
			"polygon.shift": 2,
			"polygon.updates": [
				2
			]
		}
	]
}