{
	"info": {
		"info.name": "항공영상 도시건물 변화탐지 데이터",
		"info.id": "TIFF_CHANGE_safe_01",
		"info.date_created": "2021-04-09 09:00:00",
		"info.src_path": "/dataSet/change",
		"info.label_path": "/dataSet/change",
		"info.category": 2,
		"info.type": 1
	},
	"images": {
		"images.id": "2015_EPG_1LB_000306.tif",
		"images.type": "TIF",
		"images.data_captured": "2021-11-15 01:05:04",
		"images.size": 1586,
		"images.width": 1508,
		"images.height": 754,
		"images.h_resolution": 150,
		"images.v_resolution": 150,
		"images.bit": 24
	},
	"annotations": [
		{
			"polygon.id": "PLG_000000",
			"polygon.name": "building",
			"polygon.points": [
				[
					1268.370275467954,
					79.1950793045695
				],
				[
					1240.5412639205088,
					71.8187147980178
				],
				[
					1245.9058926525463,
					54.38367141889562
				],
				[
					1212.3769630773115,
					47.00730691234392
				],
				[
					1212.041673781559,
					49.35433198261036
				],
				[
					1186.5596873043805,
					44.32499254632512
				],
				[
					1155.7366764615856,
					185.33103999069417
				],
				[
					1178.2681171361435,
					188.54981722991673
				],
				[
					1201.6042521205072,
					196.99910748287596
				],
				[
					1216.647565189929,
					200.08376900379756
				],
				[
					1216.647565189929,
					202.0396232290196
				],
				[
					1221.6769046262143,
					202.0396232290196
				],
				[
					1222.2357201191348,
					204.83370069362252
				],
				[
					1232.014991245245,
					203.99547745424164
				],
				[
					1240.6766313855142,
					160.1284612599759
				],
				[
					1251.0147180045449,
					161.80490773873765
				]
			],
			"polygon.shape": 0,
			"polygon.shift": 2,
			"polygon.updates": [
				1,
				3
			]
		}
	]
}