{
	"info": {
		"info.name": "항공영상 도시건물 변화탐지 데이터",
		"info.id": "TIFF_CHANGE_safe_01",
		"info.date_created": "2021-04-09 09:00:00",
		"info.src_path": "/dataSet/change",
		"info.label_path": "/dataSet/change",
		"info.category": 2,
		"info.type": 1
	},
	"images": {
		"images.id": "2015_EPG_1LB_000077.tif",
		"images.type": "TIF",
		"images.data_captured": "2021-11-15 01:04:48",
		"images.size": 1306,
		"images.width": 1508,
		"images.height": 754,
		"images.h_resolution": 150,
		"images.v_resolution": 150,
		"images.bit": 24
	},
	"annotations": [
		{
			"polygon.id": "PLG_000000",
			"polygon.name": "building",
			"polygon.points": [
				[
					125.84226150392819,
					443.1294388327722
				],
				[
					263.57666573138795,
					447.53693976805096
				],
				[
					265.78041619902734,
					466.26881874298545
				],
				[
					271.28979236812575,
					467.3706939768051
				],
				[
					271.37000888514774,
					575.3359553872056
				],
				[
					267.4032580433969,
					578.5093560606063
				],
				[
					219.00889777403665,
					578.5093560606063
				],
				[
					219.80224794238677,
					599.1364604377106
				],
				[
					124.60022774036659,
					597.5497601010103
				],
				[
					122.47746418228925,
					586.0550375518735
				],
				[
					123.01352740366625,
					539.635197811448
				],
				[
					130.94702908716795,
					539.635197811448
				],
				[
					130.94702908716795,
					508.6945412457914
				],
				[
					123.80687757201642,
					507.10784090909107
				]
			],
			"polygon.shape": 0,
			"polygon.shift": 2,
			"polygon.updates": [
				4,
				3,
				0
			]
		}
	]
}