{
	"info": {
		"info.name": "항공영상 도시건물 변화탐지 데이터",
		"info.id": "TIFF_CHANGE_safe_01",
		"info.date_created": "2021-04-09 09:00:00",
		"info.src_path": "/dataSet/change",
		"info.label_path": "/dataSet/change",
		"info.category": 2,
		"info.type": 1
	},
	"images": {
		"images.id": "2015_KSG_1LB_000068.tif",
		"images.type": "TIF",
		"images.data_captured": "2021-11-15 01:05:10",
		"images.size": 1230,
		"images.width": 1508,
		"images.height": 754,
		"images.h_resolution": 150,
		"images.v_resolution": 150,
		"images.bit": 24
	},
	"annotations": [
		{
			"polygon.id": "PLG_000000",
			"polygon.name": "building",
			"polygon.points": [
				[
					828.6841338135779,
					753.602430225804
				],
				[
					758.2733817055845,
					677.882930935065
				],
				[
					758.2733817055845,
					753.602430225804
				]
			],
			"polygon.shape": 1,
			"polygon.shift": 2,
			"polygon.updates": [
				1,
				3
			]
		}
	]
}