{
	"info": {
		"info.name": "항공영상 도시건물 변화탐지 데이터",
		"info.id": "TIFF_CHANGE_safe_01",
		"info.date_created": "2021-04-09 09:00:00",
		"info.src_path": "/dataSet/change",
		"info.label_path": "/dataSet/change",
		"info.category": 2,
		"info.type": 1
	},
	"images": {
		"images.id": "2015_DMG_1LB_000039.tif",
		"images.type": "TIF",
		"images.data_captured": "2021-11-15 01:04:40",
		"images.size": 1648,
		"images.width": 1508,
		"images.height": 754,
		"images.h_resolution": 150,
		"images.v_resolution": 150,
		"images.bit": 24
	},
	"annotations": [
		{
			"polygon.id": "PLG_000000",
			"polygon.name": "building",
			"polygon.points": [
				[
					472.1377079348514,
					404.73199588477377
				],
				[
					484.9411877644463,
					529.2102720058349
				],
				[
					418.07857087656197,
					536.3233163556098
				],
				[
					415.94465757162953,
					518.5407054811725
				],
				[
					328.45421206939795,
					528.4989675708574
				],
				[
					316.3620366747806,
					418.9580845843236
				]
			],
			"polygon.shape": 0,
			"polygon.shift": 2,
			"polygon.updates": [
				4,
				1,
				3,
				0
			]
		},
		{
			"polygon.id": "PLG_000001",
			"polygon.name": "building",
			"polygon.points": [
				[
					1504.7551771189549,
					167.97173124480767
				],
				[
					1440.026473536003,
					177.2186888995151
				],
				[
					1450.6960400606654,
					256.1734811820167
				],
				[
					1465.6334331951928,
					256.1734811820167
				],
				[
					1469.9012598050576,
					290.31609406093634
				],
				[
					1504.7551771189549,
					286.04826745107135
				]
			],
			"polygon.shape": 1,
			"polygon.shift": 2,
			"polygon.updates": [
				1,
				3,
				0
			]
		},
		{
			"polygon.id": "PLG_000002",
			"polygon.name": "building",
			"polygon.points": [
				[
					1223.786325069696,
					403.7299928556216
				],
				[
					1318.6269164000282,
					393.0604263309592
				],
				[
					1319.2196700958427,
					389.50390415607177
				],
				[
					1349.4501085823863,
					387.13288937281345
				],
				[
					1355.9703992363466,
					458.2633328705627
				],
				[
					1337.5950346660948,
					459.4488402621918
				],
				[
					1345.8935864074988,
					543.6198650678617
				],
				[
					1239.197921160875,
					555.4749389841533
				]
			],
			"polygon.shape": 0,
			"polygon.shift": 2,
			"polygon.updates": [
				2
			]
		}
	]
}