{
	"info": {
		"info.name": "항공영상 도시건물 변화탐지 데이터",
		"info.id": "TIFF_CHANGE_safe_01",
		"info.date_created": "2021-04-09 09:00:00",
		"info.src_path": "/dataSet/change",
		"info.label_path": "/dataSet/change",
		"info.category": 2,
		"info.type": 1
	},
	"images": {
		"images.id": "2015_KSG_1LB_000007.tif",
		"images.type": "TIF",
		"images.data_captured": "2021-11-15 01:05:06",
		"images.size": 1415,
		"images.width": 1508,
		"images.height": 754,
		"images.h_resolution": 150,
		"images.v_resolution": 150,
		"images.bit": 24
	},
	"annotations": [
		{
			"polygon.id": "PLG_000000",
			"polygon.name": "building",
			"polygon.points": [
				[
					1471.1803093097055,
					0.24596608151244936
				],
				[
					1402.3789458213232,
					1.4530075462209027
				],
				[
					1359.3278002467216,
					138.25104021317958
				],
				[
					1359.7301474016244,
					146.70033046613884
				],
				[
					1362.5465774859442,
					146.297983311236
				],
				[
					1365.3630075702638,
					143.88390038181905
				],
				[
					1364.1559661055553,
					137.84869305827675
				],
				[
					1366.1677018800694,
					136.2393044386655
				],
				[
					1370.1911734290977,
					133.8252215092486
				],
				[
					1373.8122978232232,
					127.38766703080346
				],
				[
					1385.8827124703078,
					125.77827841119218
				],
				[
					1397.9531271173923,
					125.37593125628938
				],
				[
					1403.9883344409345,
					126.98531987590066
				],
				[
					1409.621194609574,
					128.19236134060912
				],
				[
					1415.6564019331163,
					126.98531987590066
				],
				[
					1419.6798734821446,
					119.74307108764988
				],
				[
					1432.152635284132,
					119.34072393274708
				],
				[
					1433.8428508426052,
					113.7089042687026
				]
			],
			"polygon.shape": 1,
			"polygon.shift": 2,
			"polygon.updates": [
				3
			]
		}
	]
}