{
	"info": {
		"info.name": "항공영상 도시건물 변화탐지 데이터",
		"info.id": "TIFF_CHANGE_safe_01",
		"info.date_created": "2021-04-09 09:00:00",
		"info.src_path": "/dataSet/change",
		"info.label_path": "/dataSet/change",
		"info.category": 2,
		"info.type": 1
	},
	"images": {
		"images.id": "2015_KSG_1LB_000131.tif",
		"images.type": "TIF",
		"images.data_captured": "2021-11-15 01:05:14",
		"images.size": 1492,
		"images.width": 1508,
		"images.height": 754,
		"images.h_resolution": 150,
		"images.v_resolution": 150,
		"images.bit": 24
	},
	"annotations": [
		{
			"polygon.id": "PLG_000000",
			"polygon.name": "building",
			"polygon.points": [
				[
					2.019301188537156,
					131.5491185475008
				],
				[
					47.88687684745858,
					100.64885705096427
				],
				[
					1.0536680167703878,
					15.19032134960537
				]
			],
			"polygon.shape": 1,
			"polygon.shift": 2,
			"polygon.updates": [
				4,
				1,
				3
			]
		},
		{
			"polygon.id": "PLG_000001",
			"polygon.name": "building",
			"polygon.points": [
				[
					89.40910323342959,
					3.1199067025207796
				],
				[
					21.814781209755893,
					40.29678381554132
				],
				[
					72.02770614162776,
					126.23813610278359
				],
				[
					76.8558720004616,
					125.27250293101682
				],
				[
					209.14761653250872,
					49.95311553320899
				],
				[
					207.69916677485855,
					44.15931650260839
				],
				[
					207.69916677485855,
					36.91706771435763
				],
				[
					187.42087016775645,
					3.1199067025207796
				]
			],
			"polygon.shape": 1,
			"polygon.shift": 2,
			"polygon.updates": [
				4,
				1,
				3
			]
		},
		{
			"polygon.id": "PLG_000002",
			"polygon.name": "building",
			"polygon.points": [
				[
					1018.186095633113,
					3.5530492640329
				],
				[
					1036.726252531035,
					38.89522335069658
				],
				[
					1045.996330979996,
					42.950882672117004
				],
				[
					1069.7509070054584,
					44.68902238129719
				],
				[
					1146.4966993765927,
					2.4795372482298923
				]
			],
			"polygon.shape": 1,
			"polygon.shift": 2,
			"polygon.updates": [
				4,
				3
			]
		},
		{
			"polygon.id": "PLG_000003",
			"polygon.name": "building",
			"polygon.points": [
				[
					757.4526401222458,
					579.9560312112966
				],
				[
					826.6060573711679,
					538.9762283971205
				],
				[
					832.5103626523655,
					532.7728646650389
				],
				[
					784.7433260781775,
					448.4052760228622
				],
				[
					756.1543254603606,
					464.57739638798387
				]
			],
			"polygon.shape": 1,
			"polygon.shift": 2,
			"polygon.updates": [
				3
			]
		},
		{
			"polygon.id": "PLG_000004",
			"polygon.name": "building",
			"polygon.points": [
				[
					173.47431524364825,
					752.6137524687424
				],
				[
					181.00625398342905,
					747.3993333412018
				],
				[
					159.5691975702068,
					726.5416568310397
				],
				[
					169.41865592222783,
					719.589097994319
				],
				[
					152.037258830426,
					691.7788626474361
				],
				[
					152.037258830426,
					683.6675440045952
				],
				[
					115.5363249376422,
					619.3563747649285
				],
				[
					117.2744646468224,
					616.4594752496282
				],
				[
					91.20236900911968,
					573.0059825201237
				],
				[
					6.033523259290803,
					622.8326541832889
				],
				[
					55.860194922456,
					709.1602597392379
				],
				[
					51.80453560103558,
					712.6365391575982
				],
				[
					51.80453560103558,
					717.8509582851389
				],
				[
					57.01895472857612,
					720.7478578004391
				],
				[
					63.3921336622368,
					723.6447573157394
				],
				[
					63.971513565296846,
					725.9622769279797
				],
				[
					81.35291065709865,
					753.1931323718024
				]
			],
			"polygon.shape": 1,
			"polygon.shift": 2,
			"polygon.updates": [
				4,
				1,
				3
			]
		},
		{
			"polygon.id": "PLG_000005",
			"polygon.name": "building",
			"polygon.points": [
				[
					279.50083750363933,
					638.4759115659106
				],
				[
					204.1814501058315,
					504.63915395903655
				],
				[
					175.79183485588848,
					504.0597740559765
				],
				[
					102.21058716726085,
					544.6163672701807
				],
				[
					98.15492784584043,
					552.7276859130216
				],
				[
					169.99803582528787,
					681.350024392355
				],
				[
					179.8474941773089,
					677.8737449739947
				],
				[
					185.6412932079095,
					678.4531248770547
				],
				[
					189.1175726262699,
					680.1912645862349
				],
				[
					193.75261185075036,
					681.929404295415
				],
				[
					204.1814501058315,
					676.1356052648144
				],
				[
					208.2371094272519,
					680.1912645862349
				]
			],
			"polygon.shape": 1,
			"polygon.shift": 2,
			"polygon.updates": [
				4,
				1,
				3
			]
		}
	]
}