{
	"info": {
		"info.name": "항공영상 도시건물 변화탐지 데이터",
		"info.id": "TIFF_CHANGE_safe_01",
		"info.date_created": "2021-04-09 09:00:00",
		"info.src_path": "/dataSet/change",
		"info.label_path": "/dataSet/change",
		"info.category": 2,
		"info.type": 1
	},
	"images": {
		"images.id": "2015_EPG_1LB_000060.tif",
		"images.type": "TIF",
		"images.data_captured": "2021-11-15 01:04:48",
		"images.size": 1468,
		"images.width": 1508,
		"images.height": 754,
		"images.h_resolution": 150,
		"images.v_resolution": 150,
		"images.bit": 24
	},
	"annotations": [
		{
			"polygon.id": "PLG_000000",
			"polygon.name": "building",
			"polygon.points": [
				[
					756.5130891844542,
					531.6817821779177
				],
				[
					800.6980013093903,
					522.1275462962964
				],
				[
					826.5920693041527,
					519.3728582117471
				],
				[
					828.7958197717921,
					567.3044308829033
				],
				[
					836.5089464085298,
					626.2547558922561
				],
				[
					842.0183225776282,
					656.0053872053874
				],
				[
					853.5880125327349,
					708.344460811822
				],
				[
					860.1992639356529,
					724.8725893191172
				],
				[
					856.342700617284,
					725.974464552937
				],
				[
					814.4714417321362,
					725.974464552937
				],
				[
					786.9245608866443,
					727.0763397867565
				],
				[
					756.6229919566031,
					731.4838407220353
				]
			],
			"polygon.shape": 1,
			"polygon.shift": 0
		}
	]
}