{
	"info": {
		"info.name": "항공영상 도시건물 변화탐지 데이터",
		"info.id": "TIFF_CHANGE_safe_01",
		"info.date_created": "2021-04-09 09:00:00",
		"info.src_path": "/dataSet/change",
		"info.label_path": "/dataSet/change",
		"info.category": 2,
		"info.type": 1
	},
	"images": {
		"images.id": "2015_KSG_1LB_000024.tif",
		"images.type": "TIF",
		"images.data_captured": "2021-11-15 01:05:08",
		"images.size": 1545,
		"images.width": 1508,
		"images.height": 754,
		"images.h_resolution": 150,
		"images.v_resolution": 150,
		"images.bit": 24
	},
	"annotations": [
		{
			"polygon.id": "PLG_000000",
			"polygon.name": "building",
			"polygon.points": [
				[
					1063.3786711477785,
					751.5684584228377
				],
				[
					1048.314793668217,
					689.5748087954112
				],
				[
					873.9214428471388,
					688.4160489892911
				],
				[
					797.2501690088575,
					687.2090075245826
				],
				[
					759.0271892930897,
					692.8418676932222
				],
				[
					758.5913132086116,
					753.8198142807162
				]
			],
			"polygon.shape": 1,
			"polygon.shift": 2,
			"polygon.updates": [
				1,
				3
			]
		},
		{
			"polygon.id": "PLG_000001",
			"polygon.name": "building",
			"polygon.points": [
				[
					1259.2008784294376,
					751.5060649519343
				],
				[
					1247.8010423738576,
					696.8539097443013
				],
				[
					1159.9552468867419,
					694.8421739697872
				],
				[
					1156.2670646334661,
					686.1246522802261
				],
				[
					1056.0155652035135,
					685.118784392969
				],
				[
					1069.7976166696335,
					752.8467103742806
				]
			],
			"polygon.shape": 1,
			"polygon.shift": 2,
			"polygon.updates": [
				1,
				3
			]
		}
	]
}