{
	"info": {
		"info.name": "항공영상 도시건물 변화탐지 데이터",
		"info.id": "TIFF_CHANGE_safe_01",
		"info.date_created": "2021-04-09 09:00:00",
		"info.src_path": "/dataSet/change",
		"info.label_path": "/dataSet/change",
		"info.category": 2,
		"info.type": 1
	},
	"images": {
		"images.id": "2015_SDG_1LB_000008.tif",
		"images.type": "TIF",
		"images.data_captured": "2021-11-15 01:05:20",
		"images.size": 1551,
		"images.width": 1508,
		"images.height": 754,
		"images.h_resolution": 150,
		"images.v_resolution": 150,
		"images.bit": 24
	},
	"annotations": [
		{
			"polygon.id": "PLG_000000",
			"polygon.name": "building",
			"polygon.points": [
				[
					757.3899183375211,
					540.4259982587664
				],
				[
					866.0236501612824,
					544.8518169626974
				],
				[
					881.3128420475896,
					517.4922104293056
				],
				[
					936.8367494241787,
					517.0898632744029
				],
				[
					942.4696095928182,
					506.6288372469295
				],
				[
					949.3416989985585,
					284.1952361304546
				],
				[
					882.5520712846903,
					280.976458891232
				],
				[
					881.7473769748848,
					277.3553344971067
				],
				[
					761.0432305040389,
					270.51543286375875
				],
				[
					755.0080231804966,
					274.5389044127869
				]
			],
			"polygon.shape": 1,
			"polygon.shift": 2,
			"polygon.updates": [
				3
			]
		},
		{
			"polygon.id": "PLG_000001",
			"polygon.name": "building",
			"polygon.points": [
				[
					1012.8772381993789,
					545.2344985331227
				],
				[
					889.9378297568506,
					553.3373231804712
				],
				[
					886.3055290528669,
					556.4108083915345
				],
				[
					891.0554607426918,
					621.7922210632427
				],
				[
					894.4083537002153,
					623.7480752884646
				],
				[
					893.5701304608344,
					626.2627450066074
				],
				[
					899.4376931365006,
					627.1009682459882
				],
				[
					899.9965086294212,
					654.2035196526365
				],
				[
					902.7905860940241,
					658.6740435960012
				],
				[
					959.230950879003,
					656.9975971172394
				],
				[
					960.0691741183838,
					649.4535879628115
				],
				[
					1010.6419762276965,
					647.2183259911292
				],
				[
					1010.3625684812363,
					608.660056979609
				],
				[
					1016.5095389033627,
					607.2630182473075
				]
			],
			"polygon.shape": 0,
			"polygon.shift": 2,
			"polygon.updates": [
				3
			]
		},
		{
			"polygon.id": "PLG_000002",
			"polygon.name": "building",
			"polygon.points": [
				[
					931.9838227280266,
					753.331218773706
				],
				[
					931.5814755731237,
					709.4753788892987
				],
				[
					926.3509625593871,
					704.244865875562
				],
				[
					902.6124804201207,
					705.0495601853677
				],
				[
					902.2101332652179,
					715.9129333677438
				],
				[
					833.8111169317385,
					717.9246691422579
				],
				[
					830.1899925376132,
					732.0068195638565
				],
				[
					830.9946868474188,
					753.7335659286089
				]
			],
			"polygon.shape": 1,
			"polygon.shift": 2,
			"polygon.updates": [
				3
			]
		}
	]
}