{
	"info": {
		"info.name": "항공영상 도시건물 변화탐지 데이터",
		"info.id": "TIFF_CHANGE_safe_01",
		"info.date_created": "2021-04-09 09:00:00",
		"info.src_path": "/dataSet/change",
		"info.label_path": "/dataSet/change",
		"info.category": 2,
		"info.type": 1
	},
	"images": {
		"images.id": "2015_DMG_1LB_000046.tif",
		"images.type": "TIF",
		"images.data_captured": "2021-11-15 01:04:40",
		"images.size": 1525,
		"images.width": 1508,
		"images.height": 754,
		"images.h_resolution": 150,
		"images.v_resolution": 150,
		"images.bit": 24
	},
	"annotations": [
		{
			"polygon.id": "PLG_000000",
			"polygon.name": "building",
			"polygon.points": [
				[
					364.71935738229104,
					87.24780533337201
				],
				[
					495.59937341814964,
					74.44432550377715
				],
				[
					500.5785044629921,
					129.92607143202153
				],
				[
					478.5280669786898,
					130.63737586699904
				],
				[
					491.33154680828466,
					207.4582548445682
				],
				[
					380.3680549517959,
					213.8599947593656
				]
			],
			"polygon.shape": 0,
			"polygon.shift": 2,
			"polygon.updates": [
				4
			]
		},
		{
			"polygon.id": "PLG_000001",
			"polygon.name": "building",
			"polygon.points": [
				[
					1128.6314131358802,
					231.5298591388294
				],
				[
					1141.671994443801,
					342.37480025615525
				],
				[
					1000.5966148399316,
					359.5646574347779
				],
				[
					996.4473389692296,
					316.88639133612844
				],
				[
					1014.8227035394815,
					315.1081302486847
				],
				[
					1010.0806739729649,
					284.8776917621413
				],
				[
					993.4835704901568,
					284.8776917621413
				],
				[
					988.7415409236401,
					249.3124700132667
				]
			],
			"polygon.shape": 0,
			"polygon.shift": 2,
			"polygon.updates": [
				1,
				3,
				0,
				4
			]
		}
	]
}