{
	"info": {
		"info.name": "항공영상 도시건물 변화탐지 데이터",
		"info.id": "TIFF_CHANGE_safe_01",
		"info.date_created": "2021-04-09 09:00:00",
		"info.src_path": "/dataSet/change",
		"info.label_path": "/dataSet/change",
		"info.category": 2,
		"info.type": 1
	},
	"images": {
		"images.id": "2015_SDG_1LB_000022.tif",
		"images.type": "TIF",
		"images.data_captured": "2021-11-15 01:05:20",
		"images.size": 1576,
		"images.width": 1508,
		"images.height": 754,
		"images.h_resolution": 150,
		"images.v_resolution": 150,
		"images.bit": 24
	},
	"annotations": [
		{
			"polygon.id": "PLG_000000",
			"polygon.name": "building",
			"polygon.points": [
				[
					757.3029856018444,
					479.5139659346338
				],
				[
					761.3264571508726,
					487.1585618777874
				],
				[
					767.3616644744149,
					487.1585618777874
				],
				[
					784.6625921352361,
					480.7210073993423
				],
				[
					776.2133018822769,
					463.8224268934239
				],
				[
					842.1982352863394,
					432.0370016561011
				],
				[
					842.6005824412422,
					414.33372684037704
				],
				[
					800.3541311764461,
					327.8290885362708
				],
				[
					794.7212710078066,
					324.61031129704827
				],
				[
					756.0959441371359,
					342.71593326767515
				]
			],
			"polygon.shape": 1,
			"polygon.shift": 2,
			"polygon.updates": [
				4,
				1,
				3
			]
		}
	]
}