{
	"info": {
		"info.name": "항공영상 도시건물 변화탐지 데이터",
		"info.id": "TIFF_CHANGE_safe_01",
		"info.date_created": "2021-04-09 09:00:00",
		"info.src_path": "/dataSet/change",
		"info.label_path": "/dataSet/change",
		"info.category": 2,
		"info.type": 1
	},
	"images": {
		"images.id": "2015_DMG_1LB_000061.tif",
		"images.type": "TIF",
		"images.data_captured": "2021-11-15 01:04:40",
		"images.size": 1393,
		"images.width": 1508,
		"images.height": 754,
		"images.h_resolution": 150,
		"images.v_resolution": 150,
		"images.bit": 24
	},
	"annotations": [
		{
			"polygon.id": "PLG_000000",
			"polygon.name": "building",
			"polygon.points": [
				[
					754.2990892888193,
					390.79907842114415
				],
				[
					944.2163389749796,
					282.5041208321823
				],
				[
					974.5189423578508,
					335.3173324928998
				],
				[
					1024.8792963542573,
					308.8568075117371
				],
				[
					1049.632690691474,
					352.3886389323596
				],
				[
					980.4938996116617,
					395.0669050310091
				],
				[
					994.1509447632296,
					418.11316872427983
				],
				[
					755.5073986303038,
					561.0796738626079
				]
			],
			"polygon.shape": 1,
			"polygon.shift": 2,
			"polygon.updates": [
				3
			]
		}
	]
}