{
	"info": {
		"info.name": "항공영상 도시건물 변화탐지 데이터",
		"info.id": "TIFF_CHANGE_safe_01",
		"info.date_created": "2021-04-09 09:00:00",
		"info.src_path": "/dataSet/change",
		"info.label_path": "/dataSet/change",
		"info.category": 2,
		"info.type": 1
	},
	"images": {
		"images.id": "2015_DMG_1LB_000047.tif",
		"images.type": "TIF",
		"images.data_captured": "2021-11-15 01:04:40",
		"images.size": 1461,
		"images.width": 1508,
		"images.height": 754,
		"images.h_resolution": 150,
		"images.v_resolution": 150,
		"images.bit": 24
	},
	"annotations": [
		{
			"polygon.id": "PLG_000000",
			"polygon.name": "building",
			"polygon.points": [
				[
					417.1934046695584,
					753.0503042546543
				],
				[
					372.0272157445512,
					692.7688960863755
				],
				[
					408.89485292815425,
					662.3589887950241
				],
				[
					456.3151485933204,
					629.1647818294077
				],
				[
					480.02529642590355,
					626.2010133503348
				],
				[
					521.5180551329239,
					685.4763829317926
				],
				[
					516.7760255664073,
					690.8111661941238
				],
				[
					519.1470403496655,
					700.2952253271569
				],
				[
					531.0021142659571,
					707.4082696769319
				],
				[
					540.4861733989903,
					714.5213140267068
				],
				[
					547.0064640529507,
					716.8923288099651
				],
				[
					554.7122620985401,
					713.3358066350777
				],
				[
					568.93835079809,
					728.7474027262566
				],
				[
					533.96588274503,
					752.4575505588397
				]
			],
			"polygon.shape": 1,
			"polygon.shift": 2,
			"polygon.updates": [
				4
			]
		}
	]
}