{
	"info": {
		"info.name": "항공영상 도시건물 변화탐지 데이터",
		"info.id": "TIFF_CHANGE_safe_01",
		"info.date_created": "2021-04-09 09:00:00",
		"info.src_path": "/dataSet/change",
		"info.label_path": "/dataSet/change",
		"info.category": 2,
		"info.type": 1
	},
	"images": {
		"images.id": "2015_KSG_1LB_000074.tif",
		"images.type": "TIF",
		"images.data_captured": "2021-11-15 01:05:10",
		"images.size": 1485,
		"images.width": 1508,
		"images.height": 754,
		"images.h_resolution": 150,
		"images.v_resolution": 150,
		"images.bit": 24
	},
	"annotations": [
		{
			"polygon.id": "PLG_000000",
			"polygon.name": "building",
			"polygon.points": [
				[
					844.2850861404211,
					290.20403057437437
				],
				[
					989.2395501380921,
					197.4582330099379
				],
				[
					1009.0350301593108,
					201.80358228288839
				],
				[
					1094.0323794578337,
					143.81615155848792
				],
				[
					1097.5086588761942,
					128.75227407892635
				],
				[
					1198.3207620086446,
					63.86172493619958
				],
				[
					1258.7964362900534,
					151.00046235643262
				],
				[
					1427.8270467284078,
					213.57349188691913
				],
				[
					1381.523004875848,
					336.42520653177434
				],
				[
					1369.3560269115867,
					334.68706682259415
				],
				[
					1320.1087351514816,
					462.15064549580745
				]
			],
			"polygon.shape": 0,
			"polygon.shift": 0
		}
	]
}