{
	"info": {
		"info.name": "항공영상 도시건물 변화탐지 데이터",
		"info.id": "TIFF_CHANGE_safe_01",
		"info.date_created": "2021-04-09 09:00:00",
		"info.src_path": "/dataSet/change",
		"info.label_path": "/dataSet/change",
		"info.category": 2,
		"info.type": 1
	},
	"images": {
		"images.id": "2015_KSG_1LB_000070.tif",
		"images.type": "TIF",
		"images.data_captured": "2021-11-15 01:05:10",
		"images.size": 1530,
		"images.width": 1508,
		"images.height": 754,
		"images.h_resolution": 150,
		"images.v_resolution": 150,
		"images.bit": 24
	},
	"annotations": [
		{
			"polygon.id": "PLG_000000",
			"polygon.name": "building",
			"polygon.points": [
				[
					1150.8462460036083,
					302.77516685867784
				],
				[
					1150.264146531816,
					296.9541721407551
				],
				[
					1057.7548344486668,
					232.76593969187246
				],
				[
					1051.0123059280882,
					231.35544233291108
				],
				[
					1045.6005974776442,
					230.41425782583164
				],
				[
					1027.2626474789633,
					260.97266345770197
				],
				[
					1030.615540436487,
					263.2079254293843
				],
				[
					975.0133988908889,
					339.2068324665836
				],
				[
					973.8957679050477,
					347.8684726068526
				],
				[
					1068.4361729973518,
					412.5681303771977
				],
				[
					1072.0684737013357,
					412.5681303771977
				]
			],
			"polygon.shape": 0,
			"polygon.shift": 2,
			"polygon.updates": [
				2
			]
		}
	]
}