{
	"info": {
		"info.name": "항공영상 도시건물 변화탐지 데이터",
		"info.id": "TIFF_CHANGE_safe_01",
		"info.date_created": "2021-04-09 09:00:00",
		"info.src_path": "/dataSet/change",
		"info.label_path": "/dataSet/change",
		"info.category": 2,
		"info.type": 1
	},
	"images": {
		"images.id": "2015_EPG_1LB_000004.tif",
		"images.type": "TIF",
		"images.data_captured": "2021-11-15 01:04:44",
		"images.size": 1468,
		"images.width": 1508,
		"images.height": 754,
		"images.h_resolution": 150,
		"images.v_resolution": 150,
		"images.bit": 24
	},
	"annotations": [
		{
			"polygon.id": "PLG_000000",
			"polygon.name": "building",
			"polygon.points": [
				[
					1507.4730685715176,
					649.2885614633992
				],
				[
					1398.203774551066,
					651.125020186432
				],
				[
					1397.744659870308,
					663.5211165669034
				],
				[
					1396.3673158280333,
					686.9359652855716
				],
				[
					1396.3673158280333,
					750.7529059109613
				],
				[
					1507.564041592762,
					750.4060802433377
				]
			],
			"polygon.shape": 1,
			"polygon.shift": 2,
			"polygon.updates": [
				4,
				3,
				1
			]
		},
		{
			"polygon.id": "PLG_000001",
			"polygon.name": "building",
			"polygon.points": [
				[
					1198.81180745966,
					218.15569352605974
				],
				[
					1375.1118448708087,
					288.40023968206424
				],
				[
					1368.684239340194,
					308.1421709546668
				],
				[
					1371.438927424743,
					310.43774435845785
				],
				[
					1362.2566338095792,
					333.39347839636775
				],
				[
					1357.2063723212389,
					334.7708224386424
				],
				[
					1354.4516842366897,
					346.2486894575974
				],
				[
					1347.5649640253168,
					345.33046009608097
				],
				[
					1324.6092299874067,
					405.93359795616334
				],
				[
					1179.5289908678158,
					348.0851481806302
				],
				[
					1189.1703991637378,
					328.3432169080276
				],
				[
					1174.4787293794755,
					317.3244645698308
				],
				[
					1173.101385337201,
					314.11066180452343
				],
				[
					1161.623518318246,
					307.6830562739086
				]
			],
			"polygon.shape": 0,
			"polygon.shift": 2,
			"polygon.updates": [
				2
			]
		}
	]
}