{
	"info": {
		"info.name": "항공영상 도시건물 변화탐지 데이터",
		"info.id": "TIFF_CHANGE_safe_01",
		"info.date_created": "2021-04-09 09:00:00",
		"info.src_path": "/dataSet/change",
		"info.label_path": "/dataSet/change",
		"info.category": 2,
		"info.type": 1
	},
	"images": {
		"images.id": "2015_EPG_1LB_000059.tif",
		"images.type": "TIF",
		"images.data_captured": "2021-11-15 01:04:48",
		"images.size": 1486,
		"images.width": 1508,
		"images.height": 754,
		"images.h_resolution": 150,
		"images.v_resolution": 150,
		"images.bit": 24
	},
	"annotations": [
		{
			"polygon.id": "PLG_000000",
			"polygon.name": "building",
			"polygon.points": [
				[
					1273.3356589038533,
					0.48526585297418734
				],
				[
					1331.6432233601447,
					183.67202347549573
				],
				[
					1340.3664022945504,
					183.21290879473753
				],
				[
					1404.6424576006984,
					161.17540411834398
				],
				[
					1408.315375046764,
					169.43946837199155
				],
				[
					1423.4661595117846,
					164.84832156440956
				],
				[
					1426.6799622770918,
					175.40795922184816
				],
				[
					1492.69820475849,
					152.82240629026887
				],
				[
					1490.0200357874005,
					147.84866391538836
				],
				[
					1438.3237227340271,
					0.5463097409276827
				]
			],
			"polygon.shape": 1,
			"polygon.shift": 0
		}
	]
}