{
	"info": {
		"info.name": "항공영상 도시건물 변화탐지 데이터",
		"info.id": "TIFF_CHANGE_safe_01",
		"info.date_created": "2021-04-09 09:00:00",
		"info.src_path": "/dataSet/change",
		"info.label_path": "/dataSet/change",
		"info.category": 2,
		"info.type": 1
	},
	"images": {
		"images.id": "2015_KSG_1LB_000019.tif",
		"images.type": "TIF",
		"images.data_captured": "2021-11-15 01:05:06",
		"images.size": 1510,
		"images.width": 1508,
		"images.height": 754,
		"images.h_resolution": 150,
		"images.v_resolution": 150,
		"images.bit": 24
	},
	"annotations": [
		{
			"polygon.id": "PLG_000000",
			"polygon.name": "building",
			"polygon.points": [
				[
					60.91440606505374,
					4.575345069312803
				],
				[
					62.5908525438155,
					27.766188025516982
				],
				[
					67.34078423364045,
					29.722042250739037
				],
				[
					135.79568211641185,
					23.8544795750729
				],
				[
					135.23686662349127,
					17.428101406486206
				],
				[
					222.4120835191022,
					9.604684505598044
				],
				[
					222.13267577264193,
					3.7371218299319224
				]
			],
			"polygon.shape": 1,
			"polygon.shift": 2,
			"polygon.updates": [
				4,
				1,
				3
			]
		},
		{
			"polygon.id": "PLG_000001",
			"polygon.name": "building",
			"polygon.points": [
				[
					1081.338454184229,
					752.3488599770635
				],
				[
					1077.7173297901036,
					733.0361965417281
				],
				[
					1270.0392698336514,
					694.4108696710574
				],
				[
					1310.2739853239334,
					684.352190798487
				],
				[
					1507.7225094620956,
					685.3872374813125
				],
				[
					1507.7225094620956,
					750.098071561516
				]
			],
			"polygon.shape": 1,
			"polygon.shift": 2,
			"polygon.updates": [
				1,
				3
			]
		},
		{
			"polygon.id": "PLG_000002",
			"polygon.name": "building",
			"polygon.points": [
				[
					153.25775735901604,
					506.8404267875268
				],
				[
					37.84528066945205,
					515.8787532752638
				],
				[
					2.387230602176345,
					522.8313121119845
				],
				[
					3.569544968195139,
					651.4181942351642
				],
				[
					31.309875362934548,
					753.795316667847
				],
				[
					91.07326987146122,
					753.3463591995518
				],
				[
					162.51751783871578,
					734.947408901664
				]
			],
			"polygon.shape": 1,
			"polygon.shift": 2,
			"polygon.updates": [
				3
			]
		}
	]
}