{
	"info": {
		"info.name": "항공영상 도시건물 변화탐지 데이터",
		"info.id": "TIFF_CHANGE_safe_01",
		"info.date_created": "2021-04-09 09:00:00",
		"info.src_path": "/dataSet/change",
		"info.label_path": "/dataSet/change",
		"info.category": 2,
		"info.type": 1
	},
	"images": {
		"images.id": "2015_EPG_1LB_000026.tif",
		"images.type": "TIF",
		"images.data_captured": "2021-11-15 01:04:44",
		"images.size": 1718,
		"images.width": 1508,
		"images.height": 754,
		"images.h_resolution": 150,
		"images.v_resolution": 150,
		"images.bit": 24
	},
	"annotations": [
		{
			"polygon.id": "PLG_000000",
			"polygon.name": "building",
			"polygon.points": [
				[
					366.49019766180345,
					223.65470699588474
				],
				[
					495.40960001870576,
					293.6237843434343
				],
				[
					453.538341133558,
					375.7134892630004
				],
				[
					448.02896496445965,
					386.1813039842873
				],
				[
					438.66302547699235,
					389.4869296857463
				],
				[
					380.81457570145926,
					355.32879743733633
				],
				[
					371.9995738309018,
					357.5325479049757
				],
				[
					321.86425069210645,
					332.18941752712306
				],
				[
					312.4983112046392,
					323.9253532734755
				],
				[
					351.61488200523775,
					249.5487749906472
				]
			],
			"polygon.shape": 0,
			"polygon.shift": 2,
			"polygon.updates": [
				4,
				1,
				3,
				0
			]
		}
	]
}