{
	"info": {
		"info.name": "항공영상 도시건물 변화탐지 데이터",
		"info.id": "TIFF_CHANGE_safe_01",
		"info.date_created": "2021-04-09 09:00:00",
		"info.src_path": "/dataSet/change",
		"info.label_path": "/dataSet/change",
		"info.category": 2,
		"info.type": 1
	},
	"images": {
		"images.id": "2015_EPG_1LB_000333.tif",
		"images.type": "TIF",
		"images.data_captured": "2021-11-15 01:05:06",
		"images.size": 1667,
		"images.width": 1508,
		"images.height": 754,
		"images.h_resolution": 150,
		"images.v_resolution": 150,
		"images.bit": 24
	},
	"annotations": [
		{
			"polygon.id": "PLG_000000",
			"polygon.name": "building",
			"polygon.points": [
				[
					1247.4358933503295,
					1.9022200977268326
				],
				[
					820.2706784222081,
					2.7365271581333133
				],
				[
					819.3127703158154,
					35.09682601038121
				],
				[
					816.4963402314958,
					35.09682601038121
				],
				[
					816.0939930765929,
					82.57379028891394
				],
				[
					812.4728686824676,
					82.97613744381675
				],
				[
					812.0705215275648,
					113.55452121643106
				],
				[
					814.4846044569816,
					113.55452121643106
				],
				[
					812.2818878996072,
					378.7656718421736
				],
				[
					822.3405667721777,
					378.43038254642124
				],
				[
					819.1754358202754,
					493.2334374120257
				],
				[
					949.0530974229057,
					554.068327233332
				],
				[
					946.1561979076054,
					562.7590257792328
				],
				[
					1145.0084962149597,
					653.6303602869402
				],
				[
					1150.3194786596769,
					645.9052949128061
				],
				[
					1216.948167511584,
					677.2883729952259
				],
				[
					1224.6732328857179,
					671.011757378742
				],
				[
					1238.6749138763362,
					642.0427622257389
				]
			],
			"polygon.shape": 1,
			"polygon.shift": 2,
			"polygon.updates": [
				1,
				3
			]
		}
	]
}