{
	"info": {
		"info.name": "항공영상 도시건물 변화탐지 데이터",
		"info.id": "TIFF_CHANGE_safe_01",
		"info.date_created": "2021-04-09 09:00:00",
		"info.src_path": "/dataSet/change",
		"info.label_path": "/dataSet/change",
		"info.category": 2,
		"info.type": 1
	},
	"images": {
		"images.id": "2015_EPG_1LB_000038.tif",
		"images.type": "TIF",
		"images.data_captured": "2021-11-15 01:04:46",
		"images.size": 1595,
		"images.width": 1508,
		"images.height": 754,
		"images.h_resolution": 150,
		"images.v_resolution": 150,
		"images.bit": 24
	},
	"annotations": [
		{
			"polygon.id": "PLG_000000",
			"polygon.name": "building",
			"polygon.points": [
				[
					656.1640964168434,
					661.5779404928919
				],
				[
					654.6337141476495,
					668.8472562715634
				],
				[
					667.2593678685,
					678.4121454540259
				],
				[
					662.668221060918,
					684.1510789635034
				],
				[
					733.9378979610927,
					751.0668183078212
				],
				[
					754.7207145529369,
					751.319556758428
				],
				[
					754.8890566025482,
					614.3044321974894
				],
				[
					742.2634028816977,
					601.2961829093404
				],
				[
					705.5342284210418,
					636.4949751008023
				],
				[
					692.9085747001914,
					625.3997036491459
				]
			],
			"polygon.shape": 1,
			"polygon.shift": 2,
			"polygon.updates": [
				4
			]
		}
	]
}