{
	"info": {
		"info.name": "항공영상 도시건물 변화탐지 데이터",
		"info.id": "TIFF_CHANGE_safe_01",
		"info.date_created": "2021-04-09 09:00:00",
		"info.src_path": "/dataSet/change",
		"info.label_path": "/dataSet/change",
		"info.category": 2,
		"info.type": 1
	},
	"images": {
		"images.id": "2015_DMG_1LB_000070.tif",
		"images.type": "TIF",
		"images.data_captured": "2021-11-15 01:04:42",
		"images.size": 1554,
		"images.width": 1508,
		"images.height": 754,
		"images.h_resolution": 150,
		"images.v_resolution": 150,
		"images.bit": 24
	},
	"annotations": [
		{
			"polygon.id": "PLG_000000",
			"polygon.name": "building",
			"polygon.points": [
				[
					935.9405338591141,
					567.4706041293678
				],
				[
					1042.142237692559,
					500.291851937049
				],
				[
					1069.8040768305727,
					544.7483791231423
				],
				[
					1072.273883896467,
					558.579298692149
				],
				[
					1091.5383790104406,
					586.2411378301626
				],
				[
					1078.6953822677915,
					605.9995943573152
				],
				[
					999.1675947460024,
					656.877619914733
				],
				[
					993.7340192010354,
					656.877619914733
				]
			],
			"polygon.shape": 0,
			"polygon.shift": 2,
			"polygon.updates": [
				1,
				3
			]
		},
		{
			"polygon.id": "PLG_000001",
			"polygon.name": "building",
			"polygon.points": [
				[
					757.5335180625679,
					703.0199628487628
				],
				[
					839.0371512370721,
					646.2144003331993
				],
				[
					848.0931104786837,
					645.3911313112345
				],
				[
					858.7956077642247,
					648.272572888111
				],
				[
					896.2543482636181,
					706.3130389366215
				],
				[
					895.8427137526357,
					710.429384046445
				],
				[
					827.6424655047192,
					754.0669397798362
				],
				[
					758.2377954593406,
					753.516929161381
				]
			],
			"polygon.shape": 1,
			"polygon.shift": 2,
			"polygon.updates": [
				3
			]
		}
	]
}