{
	"info": {
		"info.name": "항공영상 도시건물 변화탐지 데이터",
		"info.id": "TIFF_CHANGE_safe_01",
		"info.date_created": "2021-04-09 09:00:00",
		"info.src_path": "/dataSet/change",
		"info.label_path": "/dataSet/change",
		"info.category": 2,
		"info.type": 1
	},
	"images": {
		"images.id": "2015_KSG_1LB_000053.tif",
		"images.type": "TIF",
		"images.data_captured": "2021-11-15 01:05:10",
		"images.size": 1408,
		"images.width": 1508,
		"images.height": 754,
		"images.h_resolution": 150,
		"images.v_resolution": 150,
		"images.bit": 24
	},
	"annotations": [
		{
			"polygon.id": "PLG_000000",
			"polygon.name": "building",
			"polygon.points": [
				[
					1503.6787216015848,
					0.7163983862036645
				],
				[
					1474.6203159697145,
					0.7163983862036645
				],
				[
					1396.6655547072933,
					28.37776528577251
				],
				[
					1399.7390399183564,
					37.59822091896214
				],
				[
					1336.8722969647908,
					60.50965612870604
				],
				[
					1329.6076955568233,
					69.45070401543538
				],
				[
					1326.2548025992999,
					78.95056739508527
				],
				[
					1347.5456728795739,
					132.2056838704168
				],
				[
					1357.8837594986048,
					131.64686837749625
				],
				[
					1367.1042151317943,
					130.80864513811537
				],
				[
					1370.1777003428576,
					133.32331485625798
				],
				[
					1382.1922334406502,
					165.73461344565177
				],
				[
					1472.4409355473242,
					131.08805288457566
				],
				[
					1482.779022166355,
					154.27889584077982
				],
				[
					1504.572826390258,
					143.94080922174905
				]
			],
			"polygon.shape": 1,
			"polygon.shift": 2,
			"polygon.updates": [
				1,
				3
			]
		}
	]
}