{
	"info": {
		"info.name": "항공영상 도시건물 변화탐지 데이터",
		"info.id": "TIFF_CHANGE_safe_01",
		"info.date_created": "2021-04-09 09:00:00",
		"info.src_path": "/dataSet/change",
		"info.label_path": "/dataSet/change",
		"info.category": 2,
		"info.type": 1
	},
	"images": {
		"images.id": "2015_KSG_1LB_000113.tif",
		"images.type": "TIF",
		"images.data_captured": "2021-11-15 01:05:14",
		"images.size": 1664,
		"images.width": 1508,
		"images.height": 754,
		"images.h_resolution": 150,
		"images.v_resolution": 150,
		"images.bit": 24
	},
	"annotations": [
		{
			"polygon.id": "PLG_000000",
			"polygon.name": "building",
			"polygon.points": [
				[
					900.340055733945,
					567.9164969265124
				],
				[
					996.9033729106217,
					492.2752318047823
				],
				[
					997.3057200655245,
					482.2165529322118
				],
				[
					918.8480248594747,
					391.28609592417456
				],
				[
					884.2461695378322,
					415.42692521834374
				],
				[
					880.2226979888039,
					411.00110651441275
				],
				[
					851.6560499907038,
					431.9231585693594
				],
				[
					855.6795215397319,
					436.75132442819324
				],
				[
					827.9175678514374,
					458.47807079294546
				],
				[
					828.7222621612431,
					473.76726267925267
				]
			],
			"polygon.shape": 0,
			"polygon.shift": 2,
			"polygon.updates": [
				2
			]
		},
		{
			"polygon.id": "PLG_000001",
			"polygon.name": "building",
			"polygon.points": [
				[
					1431.3425978041087,
					319.43802467605815
				],
				[
					1368.9787887941716,
					239.30388299124658
				],
				[
					1238.5512527465075,
					336.87306805518034
				],
				[
					1281.132993307056,
					391.52522326281337
				],
				[
					1307.2855583757391,
					372.74902270068173
				],
				[
					1327.7382054166326,
					395.54869481184153
				],
				[
					1331.7616769656609,
					396.2192734033463
				]
			],
			"polygon.shape": 0,
			"polygon.shift": 2,
			"polygon.updates": [
				3
			]
		}
	]
}