{
	"info": {
		"info.name": "항공영상 도시건물 변화탐지 데이터",
		"info.id": "TIFF_CHANGE_safe_01",
		"info.date_created": "2021-04-09 09:00:00",
		"info.src_path": "/dataSet/change",
		"info.label_path": "/dataSet/change",
		"info.category": 2,
		"info.type": 1
	},
	"images": {
		"images.id": "2015_EPG_1LB_000015.tif",
		"images.type": "TIF",
		"images.data_captured": "2021-11-15 01:04:44",
		"images.size": 1312,
		"images.width": 1508,
		"images.height": 754,
		"images.h_resolution": 150,
		"images.v_resolution": 150,
		"images.bit": 24
	},
	"annotations": [
		{
			"polygon.id": "PLG_000000",
			"polygon.name": "building",
			"polygon.points": [
				[
					998.6394054788182,
					752.6771534692539
				],
				[
					987.8463383058986,
					655.5489757918693
				],
				[
					1121.4487104065347,
					633.0523564347176
				],
				[
					1126.958086575633,
					637.6435032422996
				],
				[
					1142.0183063357802,
					752.769407415844
				]
			],
			"polygon.shape": 1,
			"polygon.shift": 2,
			"polygon.updates": [
				2
			]
		},
		{
			"polygon.id": "PLG_000001",
			"polygon.name": "building",
			"polygon.points": [
				[
					875.5260523655869,
					402.07231448749286
				],
				[
					981.8349749245095,
					398.105563645742
				],
				[
					991.3551769447115,
					498.8610350262134
				],
				[
					991.3551769447115,
					548.048745463924
				],
				[
					984.21502542956,
					554.3955468107252
				],
				[
					884.2529042174388,
					563.9157488309272
				],
				[
					881.8728537123883,
					535.3551427703212
				],
				[
					886.6329547224893,
					532.9750922652706
				],
				[
					889.0130052275398,
					521.0748397400182
				],
				[
					883.4595540490886,
					518.6947892349676
				],
				[
					877.9061028706375,
					512.3479878881662
				]
			],
			"polygon.shape": 0,
			"polygon.shift": 2,
			"polygon.updates": [
				3
			]
		}
	]
}