{
	"info": {
		"info.name": "항공영상 도시건물 변화탐지 데이터",
		"info.id": "TIFF_CHANGE_safe_01",
		"info.date_created": "2021-04-09 09:00:00",
		"info.src_path": "/dataSet/change",
		"info.label_path": "/dataSet/change",
		"info.category": 2,
		"info.type": 1
	},
	"images": {
		"images.id": "2015_SDG_1LB_000016.tif",
		"images.type": "TIF",
		"images.data_captured": "2021-11-15 01:05:20",
		"images.size": 1751,
		"images.width": 1508,
		"images.height": 754,
		"images.h_resolution": 150,
		"images.v_resolution": 150,
		"images.bit": 24
	},
	"annotations": [
		{
			"polygon.id": "PLG_000000",
			"polygon.name": "building",
			"polygon.points": [
				[
					756.4299656638262,
					206.89891180262126
				],
				[
					875.2028457911385,
					227.17720840972336
				],
				[
					876.1684789629053,
					233.93664061209074
				],
				[
					803.6178837462768,
					637.8867465800433
				],
				[
					757.7503080873554,
					629.8398034819869
				]
			],
			"polygon.shape": 1,
			"polygon.shift": 0
		}
	]
}