{
	"info": {
		"info.name": "항공영상 도시건물 변화탐지 데이터",
		"info.id": "TIFF_CHANGE_safe_01",
		"info.date_created": "2021-04-09 09:00:00",
		"info.src_path": "/dataSet/change",
		"info.label_path": "/dataSet/change",
		"info.category": 2,
		"info.type": 1
	},
	"images": {
		"images.id": "2015_KSG_1LB_000095.tif",
		"images.type": "TIF",
		"images.data_captured": "2021-11-15 01:05:12",
		"images.size": 1419,
		"images.width": 1508,
		"images.height": 754,
		"images.h_resolution": 150,
		"images.v_resolution": 150,
		"images.bit": 24
	},
	"annotations": [
		{
			"polygon.id": "PLG_000000",
			"polygon.name": "building",
			"polygon.points": [
				[
					1334.0942347051628,
					1.0310558920797064
				],
				[
					1414.9660128406294,
					79.89109825303237
				],
				[
					1421.4035673190747,
					73.45354377458725
				],
				[
					1504.2870812290555,
					150.70419751592863
				],
				[
					1503.080039764347,
					0.6287087371768934
				]
			],
			"polygon.shape": 1,
			"polygon.shift": 0
		}
	]
}