{
	"info": {
		"info.name": "항공영상 도시건물 변화탐지 데이터",
		"info.id": "TIFF_CHANGE_safe_01",
		"info.date_created": "2021-04-09 09:00:00",
		"info.src_path": "/dataSet/change",
		"info.label_path": "/dataSet/change",
		"info.category": 2,
		"info.type": 1
	},
	"images": {
		"images.id": "2015_EPG_1LB_000057.tif",
		"images.type": "TIF",
		"images.data_captured": "2021-11-15 01:04:46",
		"images.size": 1577,
		"images.width": 1508,
		"images.height": 754,
		"images.h_resolution": 150,
		"images.v_resolution": 150,
		"images.bit": 24
	},
	"annotations": [
		{
			"polygon.id": "PLG_000000",
			"polygon.name": "building",
			"polygon.points": [
				[
					1066.1371677872692,
					333.33650682580253
				],
				[
					1163.673756453423,
					461.1746644219977
				],
				[
					1164.224694070333,
					470.54060390946495
				],
				[
					1074.972800130939,
					537.2040555555554
				],
				[
					1028.1431026936027,
					482.6612314814814
				],
				[
					968.0909024504302,
					411.5902789001122
				]
			],
			"polygon.shape": 0,
			"polygon.shift": 2,
			"polygon.updates": [
				3
			]
		}
	]
}