{
	"info": {
		"info.name": "항공영상 도시건물 변화탐지 데이터",
		"info.id": "TIFF_CHANGE_safe_01",
		"info.date_created": "2021-04-09 09:00:00",
		"info.src_path": "/dataSet/change",
		"info.label_path": "/dataSet/change",
		"info.category": 2,
		"info.type": 1
	},
	"images": {
		"images.id": "2015_EPG_1LB_000314.tif",
		"images.type": "TIF",
		"images.data_captured": "2021-11-15 01:05:04",
		"images.size": 1656,
		"images.width": 1508,
		"images.height": 754,
		"images.h_resolution": 150,
		"images.v_resolution": 150,
		"images.bit": 24
	},
	"annotations": [
		{
			"polygon.id": "PLG_000000",
			"polygon.name": "building",
			"polygon.points": [
				[
					302.02706473769933,
					741.167989546318
				],
				[
					303.73941462500915,
					722.0644623223361
				],
				[
					313.39574634267683,
					611.4189947240607
				],
				[
					170.56250635217583,
					612.6260361887691
				],
				[
					170.160159197273,
					623.4894093711453
				],
				[
					167.7460762678561,
					623.4894093711453
				],
				[
					161.30852178941097,
					725.2832395615586
				],
				[
					164.1249518737307,
					726.8926281811699
				],
				[
					211.19956899736061,
					726.8926281811699
				],
				[
					210.394874687555,
					718.8456850831135
				],
				[
					238.55917553075236,
					718.8456850831135
				],
				[
					237.75448122094673,
					740.5724314478658
				],
				[
					240.16856415036364,
					738.1583485184489
				],
				[
					248.61785440332284,
					736.9513070537404
				],
				[
					251.03193733273974,
					736.9513070537404
				],
				[
					253.04367310725388,
					737.756001363546
				],
				[
					257.06714465628204,
					740.170084292963
				],
				[
					260.6486402052398,
					740.681820067477
				]
			],
			"polygon.shape": 0,
			"polygon.shift": 2,
			"polygon.updates": [
				4
			]
		}
	]
}