{
	"info": {
		"info.name": "항공영상 도시건물 변화탐지 데이터",
		"info.id": "TIFF_CHANGE_safe_01",
		"info.date_created": "2021-04-09 09:00:00",
		"info.src_path": "/dataSet/change",
		"info.label_path": "/dataSet/change",
		"info.category": 2,
		"info.type": 1
	},
	"images": {
		"images.id": "2015_EPG_1LB_000065.tif",
		"images.type": "TIF",
		"images.data_captured": "2021-11-15 01:04:48",
		"images.size": 1490,
		"images.width": 1508,
		"images.height": 754,
		"images.h_resolution": 150,
		"images.v_resolution": 150,
		"images.bit": 24
	},
	"annotations": [
		{
			"polygon.id": "PLG_000000",
			"polygon.name": "building",
			"polygon.points": [
				[
					645.600100230702,
					55.59160361329344
				],
				[
					653.3132268674398,
					57.244416464022954
				],
				[
					663.7810415887267,
					55.59160361329344
				],
				[
					671.4941682254644,
					48.980352210375365
				],
				[
					722.7313665980795,
					125.00974334393318
				],
				[
					637.3360359770544,
					180.6544426518269
				],
				[
					642.8454121461527,
					194.97882069148278
				],
				[
					593.2610266242673,
					225.83132723843374
				],
				[
					529.3522630627259,
					127.76443142848237
				]
			],
			"polygon.shape": 0,
			"polygon.shift": 2,
			"polygon.updates": [
				4
			]
		},
		{
			"polygon.id": "PLG_000001",
			"polygon.name": "building",
			"polygon.points": [
				[
					730.8831994232448,
					174.42507358461154
				],
				[
					608.5750484692605,
					268.635406076194
				],
				[
					662.5669349264247,
					343.0119843590223
				],
				[
					670.2800615631625,
					339.70635865756327
				],
				[
					679.0950634337198,
					352.9288614633994
				],
				[
					751.8188288658187,
					298.38603738932534
				],
				[
					751.2678912489089,
					201.42101681319363
				]
			],
			"polygon.shape": 1,
			"polygon.shift": 2,
			"polygon.updates": [
				4
			]
		}
	]
}