{
	"info": {
		"info.name": "항공영상 도시건물 변화탐지 데이터",
		"info.id": "TIFF_CHANGE_safe_01",
		"info.date_created": "2021-04-09 09:00:00",
		"info.src_path": "/dataSet/change",
		"info.label_path": "/dataSet/change",
		"info.category": 2,
		"info.type": 1
	},
	"images": {
		"images.id": "2015_KSG_1LB_000133.tif",
		"images.type": "TIF",
		"images.data_captured": "2021-11-15 01:05:14",
		"images.size": 1559,
		"images.width": 1508,
		"images.height": 754,
		"images.h_resolution": 150,
		"images.v_resolution": 150,
		"images.bit": 24
	},
	"annotations": [
		{
			"polygon.id": "PLG_000000",
			"polygon.name": "building",
			"polygon.points": [
				[
					2.2083414063643616,
					563.0743020056227
				],
				[
					9.752350560792227,
					558.0449625693375
				],
				[
					14.781689997077475,
					564.7507484843845
				],
				[
					56.4134442196609,
					539.6040513029583
				],
				[
					55.01640548735945,
					535.6923428525142
				],
				[
					55.01640548735945,
					528.7071491910069
				],
				[
					58.36929844488294,
					524.5160329941025
				],
				[
					62.83982238824761,
					521.7219555294996
				],
				[
					67.58975407807256,
					519.7661013042775
				],
				[
					70.38383154267548,
					516.1338006002937
				],
				[
					34.999634530944164,
					444.05777832339703
				],
				[
					26.147997123082135,
					440.43665392927164
				],
				[
					2.114181969551403,
					455.3770057309952
				]
			],
			"polygon.shape": 1,
			"polygon.shift": 2,
			"polygon.updates": [
				4,
				1,
				3
			]
		},
		{
			"polygon.id": "PLG_000001",
			"polygon.name": "building",
			"polygon.points": [
				[
					81.49404588480283,
					753.5206887912811
				],
				[
					91.15037760247048,
					747.8878286226417
				],
				[
					77.87292149067744,
					726.5634294127922
				],
				[
					161.15878255556112,
					679.0864651342595
				],
				[
					103.60704551826183,
					587.7375670851234
				],
				[
					96.07510677848106,
					587.7375670851234
				],
				[
					75.21743026831888,
					599.3251651463246
				],
				[
					77.53494988055911,
					607.4364837891654
				],
				[
					2.794942385811339,
					650.3105966156099
				],
				[
					4.533082094991499,
					698.399128569595
				],
				[
					36.398976763294826,
					753.4402193603006
				]
			],
			"polygon.shape": 1,
			"polygon.shift": 2,
			"polygon.updates": [
				4,
				3,
				2
			]
		},
		{
			"polygon.id": "PLG_000002",
			"polygon.name": "building",
			"polygon.points": [
				[
					1024.7921035051118,
					752.5524205997154
				],
				[
					996.6278026619143,
					700.2472904623489
				],
				[
					1129.4023637798448,
					619.777859481785
				],
				[
					1185.7625094831837,
					722.5321728003822
				],
				[
					1182.1413850890585,
					735.4072817572725
				],
				[
					1149.1489183870272,
					751.903515108288
				]
			],
			"polygon.shape": 1,
			"polygon.shift": 2,
			"polygon.updates": [
				4,
				1,
				3
			]
		}
	]
}