{
	"info": {
		"info.name": "항공영상 도시건물 변화탐지 데이터",
		"info.id": "TIFF_CHANGE_safe_01",
		"info.date_created": "2021-04-09 09:00:00",
		"info.src_path": "/dataSet/change",
		"info.label_path": "/dataSet/change",
		"info.category": 2,
		"info.type": 1
	},
	"images": {
		"images.id": "2015_KSG_1LB_000045.tif",
		"images.type": "TIF",
		"images.data_captured": "2021-11-15 01:05:08",
		"images.size": 1405,
		"images.width": 1508,
		"images.height": 754,
		"images.h_resolution": 150,
		"images.v_resolution": 150,
		"images.bit": 24
	},
	"annotations": [
		{
			"polygon.id": "PLG_000000",
			"polygon.name": "building",
			"polygon.points": [
				[
					1369.483420964672,
					496.435946521911
				],
				[
					1327.6393168547788,
					491.20543350817434
				],
				[
					1326.4322753900703,
					504.88523677487024
				],
				[
					1287.002254209594,
					499.6547237611336
				],
				[
					1287.4046013644968,
					483.5608375650208
				],
				[
					1244.3534557898952,
					477.5256302414785
				],
				[
					1241.5370257055754,
					483.15849041011796
				],
				[
					1224.6384451996569,
					595.4133466280047
				],
				[
					1232.2830411428104,
					598.2297767123243
				],
				[
					1349.3070972805258,
					617.2265622245114
				],
				[
					1354.1352631393597,
					616.0195207598031
				]
			],
			"polygon.shape": 0,
			"polygon.shift": 2,
			"polygon.updates": [
				3
			]
		}
	]
}