{
	"info": {
		"info.name": "항공영상 도시건물 변화탐지 데이터",
		"info.id": "TIFF_CHANGE_safe_01",
		"info.date_created": "2021-04-09 09:00:00",
		"info.src_path": "/dataSet/change",
		"info.label_path": "/dataSet/change",
		"info.category": 2,
		"info.type": 1
	},
	"images": {
		"images.id": "2015_EPG_1LB_000308.tif",
		"images.type": "TIF",
		"images.data_captured": "2021-11-15 01:05:04",
		"images.size": 1655,
		"images.width": 1508,
		"images.height": 754,
		"images.h_resolution": 150,
		"images.v_resolution": 150,
		"images.bit": 24
	},
	"annotations": [
		{
			"polygon.id": "PLG_000000",
			"polygon.name": "building",
			"polygon.points": [
				[
					753.3711204053586,
					609.6082351515774
				],
				[
					694.9283334374144,
					610.0739147290112
				],
				[
					694.4626538599806,
					622.1815837422905
				],
				[
					692.1342559728115,
					622.1815837422905
				],
				[
					687.1865095591911,
					723.7267991551657
				],
				[
					736.2728624573351,
					723.3244520002629
				],
				[
					736.2728624573351,
					713.6681202825953
				],
				[
					753.5737901181564,
					713.6681202825953
				]
			],
			"polygon.shape": 1,
			"polygon.shift": 2,
			"polygon.updates": [
				4
			]
		}
	]
}