{
	"info": {
		"info.name": "항공영상 도시건물 변화탐지 데이터",
		"info.id": "TIFF_CHANGE_safe_01",
		"info.date_created": "2021-04-09 09:00:00",
		"info.src_path": "/dataSet/change",
		"info.label_path": "/dataSet/change",
		"info.category": 2,
		"info.type": 1
	},
	"images": {
		"images.id": "2015_EPG_1LB_000008.tif",
		"images.type": "TIF",
		"images.data_captured": "2021-11-15 01:04:44",
		"images.size": 1517,
		"images.width": 1508,
		"images.height": 754,
		"images.h_resolution": 150,
		"images.v_resolution": 150,
		"images.bit": 24
	},
	"annotations": [
		{
			"polygon.id": "PLG_000000",
			"polygon.name": "building",
			"polygon.points": [
				[
					1087.781808829031,
					312.3661143845866
				],
				[
					1006.2430415263748,
					433.5723901047512
				],
				[
					1011.0690466785625,
					441.61432355317584
				],
				[
					1129.6530677141786,
					513.458344556678
				],
				[
					1206.2333964646464,
					388.94644313505427
				],
				[
					1203.4787083800973,
					380.13144126449686
				],
				[
					1159.40369902731,
					350.93174756827534
				],
				[
					1097.147748316498,
					314.01892723531614
				]
			],
			"polygon.shape": 0,
			"polygon.shift": 2,
			"polygon.updates": [
				1,
				3,
				4
			]
		},
		{
			"polygon.id": "PLG_000001",
			"polygon.name": "building",
			"polygon.points": [
				[
					1333.8139217606151,
					619.8789560133657
				],
				[
					1379.4315564407498,
					684.6692197619628
				],
				[
					1376.7870558795826,
					687.9748454634218
				],
				[
					1399.926435789796,
					719.0477270571369
				],
				[
					1405.2154369121304,
					718.3866019168449
				],
				[
					1426.6232566215704,
					750.8487278053599
				],
				[
					1225.0719117687208,
					753.1443012091509
				],
				[
					1245.7320724028398,
					735.238828659581
				],
				[
					1233.7950907031268,
					720.0880441945606
				],
				[
					1282.9203615442539,
					687.9500165414865
				],
				[
					1267.7695770792334,
					664.0760531420602
				]
			],
			"polygon.shape": 1,
			"polygon.shift": 2,
			"polygon.updates": [
				3
			]
		}
	]
}