{
	"info": {
		"info.name": "항공영상 도시건물 변화탐지 데이터",
		"info.id": "TIFF_CHANGE_safe_01",
		"info.date_created": "2021-04-09 09:00:00",
		"info.src_path": "/dataSet/change",
		"info.label_path": "/dataSet/change",
		"info.category": 2,
		"info.type": 1
	},
	"images": {
		"images.id": "2015_EPG_1LB_000311.tif",
		"images.type": "TIF",
		"images.data_captured": "2021-11-15 01:05:04",
		"images.size": 1580,
		"images.width": 1508,
		"images.height": 754,
		"images.h_resolution": 150,
		"images.v_resolution": 150,
		"images.bit": 24
	},
	"annotations": [
		{
			"polygon.id": "PLG_000000",
			"polygon.name": "building",
			"polygon.points": [
				[
					755.5852821239412,
					269.7852021757756
				],
				[
					800.1787584590036,
					274.14396302055616
				],
				[
					785.7613187416525,
					407.25381343423896
				],
				[
					756.5911500111981,
					406.91852413848665
				]
			],
			"polygon.shape": 1,
			"polygon.shift": 2,
			"polygon.updates": [
				4,
				3
			]
		},
		{
			"polygon.id": "PLG_000001",
			"polygon.name": "building",
			"polygon.points": [
				[
					882.8360590507432,
					753.9902438146597
				],
				[
					882.5566513042829,
					748.9609043783745
				],
				[
					878.6449428538389,
					746.7256424066921
				],
				[
					848.7483139825877,
					745.3286036743907
				],
				[
					776.9405231422927,
					725.7700614221702
				],
				[
					771.0729604666267,
					719.9024987465041
				],
				[
					767.9994752555634,
					716.8290135354409
				],
				[
					758.7790196223738,
					715.7113825495998
				],
				[
					759.0584273688341,
					753.9902438146597
				]
			],
			"polygon.shape": 1,
			"polygon.shift": 2,
			"polygon.updates": [
				3
			]
		},
		{
			"polygon.id": "PLG_000002",
			"polygon.name": "building",
			"polygon.points": [
				[
					1505.8030214267492,
					311.32181861908964
				],
				[
					1394.2032361835666,
					319.2057268102144
				],
				[
					1385.0297210517822,
					326.4479755984652
				],
				[
					1392.7547864259163,
					445.2208557257775
				],
				[
					1399.9970352141672,
					449.5662049987279
				],
				[
					1506.6995006943948,
					445.70367231166085
				]
			],
			"polygon.shape": 1,
			"polygon.shift": 2,
			"polygon.updates": [
				4,
				3
			]
		},
		{
			"polygon.id": "PLG_000003",
			"polygon.name": "building",
			"polygon.points": [
				[
					1504.2907823937105,
					143.064687240813
				],
				[
					1366.4868818394948,
					151.44691963462174
				],
				[
					1371.8861571320933,
					262.31069781879813
				],
				[
					1505.860107533882,
					257.24048772513885
				]
			],
			"polygon.shape": 1,
			"polygon.shift": 2,
			"polygon.updates": [
				2
			]
		}
	]
}