{
	"info": {
		"info.name": "항공영상 도시건물 변화탐지 데이터",
		"info.id": "TIFF_CHANGE_safe_01",
		"info.date_created": "2021-04-09 09:00:00",
		"info.src_path": "/dataSet/change",
		"info.label_path": "/dataSet/change",
		"info.category": 2,
		"info.type": 1
	},
	"images": {
		"images.id": "2015_EPG_1LB_000091.tif",
		"images.type": "TIF",
		"images.data_captured": "2021-11-15 01:04:50",
		"images.size": 1627,
		"images.width": 1508,
		"images.height": 754,
		"images.h_resolution": 150,
		"images.v_resolution": 150,
		"images.bit": 24
	},
	"annotations": [
		{
			"polygon.id": "PLG_000000",
			"polygon.name": "building",
			"polygon.points": [
				[
					871.2920329062227,
					2.60277621897991
				],
				[
					871.2920329062227,
					39.79106536039406
				],
				[
					865.3235420563661,
					43.92309748721786
				],
				[
					864.8644273756079,
					60.45122599451304
				],
				[
					871.751147586981,
					75.14289577877541
				],
				[
					909.3985514091532,
					78.35669854408282
				],
				[
					910.7758954514279,
					85.2434187554558
				],
				[
					913.530583535977,
					87.998106840005
				],
				[
					923.6311065126574,
					87.5389921592468
				],
				[
					926.8449092779649,
					82.02961599014841
				],
				[
					985.1524737342562,
					83.8660747131812
				],
				[
					990.2027352225964,
					81.57050130939021
				],
				[
					1054.019675847986,
					82.94784535166481
				],
				[
					1060.9063960593592,
					88.9163362015214
				],
				[
					1148.8029834611543,
					87.29511044082805
				],
				[
					1150.180327503429,
					3.7362385428357587
				],
				[
					1150.3182285492808,
					1.0651644239462463
				]
			],
			"polygon.shape": 1,
			"polygon.shift": 2,
			"polygon.updates": [
				3
			]
		}
	]
}