{
	"info": {
		"info.name": "항공영상 도시건물 변화탐지 데이터",
		"info.id": "TIFF_CHANGE_safe_01",
		"info.date_created": "2021-04-09 09:00:00",
		"info.src_path": "/dataSet/change",
		"info.label_path": "/dataSet/change",
		"info.category": 2,
		"info.type": 1
	},
	"images": {
		"images.id": "2015_EPG_1LB_000016.tif",
		"images.type": "TIF",
		"images.data_captured": "2021-11-15 01:04:44",
		"images.size": 1453,
		"images.width": 1508,
		"images.height": 754,
		"images.h_resolution": 150,
		"images.v_resolution": 150,
		"images.bit": 24
	},
	"annotations": [
		{
			"polygon.id": "PLG_000000",
			"polygon.name": "building",
			"polygon.points": [
				[
					992.0639053342063,
					126.00384048821559
				],
				[
					996.4714062694851,
					179.99572694537983
				],
				[
					1004.1845329062228,
					220.2141729797981
				],
				[
					1030.629538517895,
					218.5613601290686
				],
				[
					1035.5879770700838,
					225.7235491488965
				],
				[
					1037.2407899208133,
					238.3951143378228
				],
				[
					1081.3157992736003,
					235.64042625327357
				],
				[
					1103.9042415669037,
					235.64042625327357
				],
				[
					1141.3679995167727,
					226.82542438271616
				],
				[
					1126.492683860207,
					109.47571198092041
				],
				[
					1120.9833076911086,
					108.37383674710074
				]
			],
			"polygon.shape": 0,
			"polygon.shift": 2,
			"polygon.updates": [
				2
			]
		}
	]
}