{
	"info": {
		"info.name": "항공영상 도시건물 변화탐지 데이터",
		"info.id": "TIFF_CHANGE_safe_01",
		"info.date_created": "2021-04-09 09:00:00",
		"info.src_path": "/dataSet/change",
		"info.label_path": "/dataSet/change",
		"info.category": 2,
		"info.type": 1
	},
	"images": {
		"images.id": "2015_KSG_1LB_000090.tif",
		"images.type": "TIF",
		"images.data_captured": "2021-11-15 01:05:12",
		"images.size": 1418,
		"images.width": 1508,
		"images.height": 754,
		"images.h_resolution": 150,
		"images.v_resolution": 150,
		"images.bit": 24
	},
	"annotations": [
		{
			"polygon.id": "PLG_000000",
			"polygon.name": "building",
			"polygon.points": [
				[
					417.6750596667383,
					1.7205514520044574
				],
				[
					430.08076360957523,
					56.70799595538982
				],
				[
					434.77481375010814,
					60.39617820866566
				],
				[
					569.2258213468003,
					36.25534891449648
				],
				[
					575.5963179660951,
					29.88485229520184
				],
				[
					568.5552427552957,
					1.3852621562521108
				]
			],
			"polygon.shape": 1,
			"polygon.shift": 2,
			"polygon.updates": [
				4
			]
		}
	]
}