{
	"info": {
		"info.name": "항공영상 도시건물 변화탐지 데이터",
		"info.id": "TIFF_CHANGE_safe_01",
		"info.date_created": "2021-04-09 09:00:00",
		"info.src_path": "/dataSet/change",
		"info.label_path": "/dataSet/change",
		"info.category": 2,
		"info.type": 1
	},
	"images": {
		"images.id": "2015_KSG_1LB_000060.tif",
		"images.type": "TIF",
		"images.data_captured": "2021-11-15 01:05:10",
		"images.size": 1437,
		"images.width": 1508,
		"images.height": 754,
		"images.h_resolution": 150,
		"images.v_resolution": 150,
		"images.bit": 24
	},
	"annotations": [
		{
			"polygon.id": "PLG_000000",
			"polygon.name": "building",
			"polygon.points": [
				[
					887.3015015150148,
					133.75978844331297
				],
				[
					910.5237913981542,
					162.3439174515496
				],
				[
					1037.3384645799401,
					60.558456081958184
				],
				[
					1020.6523233718106,
					40.53508663220248
				],
				[
					1021.486630432217,
					20.51171718244683
				],
				[
					1039.0070787007533,
					3.8255759743170756
				],
				[
					754.5778966905084,
					4.2659047006427215
				],
				[
					755.5063980480431,
					256.2688055002573
				]
			],
			"polygon.shape": 1,
			"polygon.shift": 2,
			"polygon.updates": [
				2
			]
		},
		{
			"polygon.id": "PLG_000001",
			"polygon.name": "building",
			"polygon.points": [
				[
					1507.983216007964,
					675.0315904219792
				],
				[
					1469.3578891372933,
					635.601569241503
				],
				[
					1375.2086548900336,
					731.360192108374
				],
				[
					1378.8297792841588,
					733.371927882888
				],
				[
					1384.8649866077012,
					732.9695807279853
				],
				[
					1392.1072353959519,
					738.6024408966248
				],
				[
					1395.3260126351745,
					747.8564254593896
				],
				[
					1393.3142768606604,
					746.2470368397783
				],
				[
					1386.4743752273125,
					744.2353010652643
				],
				[
					1384.8649866077012,
					746.6493839946811
				],
				[
					1386.4743752273125,
					750.6728555437094
				],
				[
					1507.983216007964,
					750.2705083888065
				]
			],
			"polygon.shape": 1,
			"polygon.shift": 2,
			"polygon.updates": [
				2
			]
		}
	]
}