{
	"info": {
		"info.name": "항공영상 도시건물 변화탐지 데이터",
		"info.id": "TIFF_CHANGE_safe_01",
		"info.date_created": "2021-04-09 09:00:00",
		"info.src_path": "/dataSet/change",
		"info.label_path": "/dataSet/change",
		"info.category": 2,
		"info.type": 1
	},
	"images": {
		"images.id": "2015_KSG_1LB_000138.tif",
		"images.type": "TIF",
		"images.data_captured": "2021-11-15 01:05:16",
		"images.size": 1504,
		"images.width": 1508,
		"images.height": 754,
		"images.h_resolution": 150,
		"images.v_resolution": 150,
		"images.bit": 24
	},
	"annotations": [
		{
			"polygon.id": "PLG_000000",
			"polygon.name": "building",
			"polygon.points": [
				[
					1006.1198067889434,
					292.7043956400633
				],
				[
					1011.3342259164839,
					282.85493728804227
				],
				[
					1009.5960862073036,
					193.63043221679294
				],
				[
					1004.3816670797631,
					186.67787338007224
				],
				[
					1002.6435273705829,
					183.20159396171186
				],
				[
					996.8497283399823,
					177.40779493111125
				],
				[
					949.3405762890575,
					177.40779493111125
				],
				[
					943.5467772584568,
					181.46345425253168
				],
				[
					938.9117380339762,
					187.2572532831323
				],
				[
					860.6954511208681,
					185.5191135739521
				],
				[
					858.957311411688,
					288.6487363186428
				],
				[
					862.4335908300484,
					290.9662559308831
				],
				[
					871.1242893759493,
					290.9662559308831
				],
				[
					875.1799486973697,
					294.4425353492435
				]
			],
			"polygon.shape": 0,
			"polygon.shift": 2,
			"polygon.updates": [
				2
			]
		},
		{
			"polygon.id": "PLG_000001",
			"polygon.name": "building",
			"polygon.points": [
				[
					1211.0970570793124,
					751.3700838940737
				],
				[
					1210.2923627695068,
					736.0808920077665
				],
				[
					1203.050113981256,
					730.0456846842242
				],
				[
					1081.5412732006043,
					726.8269074450017
				],
				[
					1081.5412732006043,
					730.8503789940298
				],
				[
					1081.205983904852,
					747.0224993591515
				],
				[
					1078.1324986937886,
					748.419538091453
				],
				[
					1077.8530909473284,
					752.331246541897
				]
			],
			"polygon.shape": 1,
			"polygon.shift": 2,
			"polygon.updates": [
				3
			]
		}
	]
}