{
	"info": {
		"info.name": "항공영상 도시건물 변화탐지 데이터",
		"info.id": "TIFF_CHANGE_safe_01",
		"info.date_created": "2021-04-09 09:00:00",
		"info.src_path": "/dataSet/change",
		"info.label_path": "/dataSet/change",
		"info.category": 2,
		"info.type": 1
	},
	"images": {
		"images.id": "2015_DMG_1LB_000005.tif",
		"images.type": "TIF",
		"images.data_captured": "2021-11-15 01:04:36",
		"images.size": 1285,
		"images.width": 1508,
		"images.height": 754,
		"images.h_resolution": 150,
		"images.v_resolution": 150,
		"images.bit": 24
	},
	"annotations": [
		{
			"polygon.id": "PLG_000000",
			"polygon.name": "building",
			"polygon.points": [
				[
					1327.0034860577907,
					320.5260597179746
				],
				[
					1397.0584894556841,
					376.40326480915144
				],
				[
					1386.2166436917244,
					389.7470749801787
				],
				[
					1187.293793567135,
					646.3485445690336
				],
				[
					1117.2387901692416,
					590.4713394778569
				]
			],
			"polygon.shape": 0,
			"polygon.shift": 0
		}
	]
}