{
	"info": {
		"info.name": "항공영상 도시건물 변화탐지 데이터",
		"info.id": "TIFF_CHANGE_safe_01",
		"info.date_created": "2021-04-09 09:00:00",
		"info.src_path": "/dataSet/change",
		"info.label_path": "/dataSet/change",
		"info.category": 2,
		"info.type": 1
	},
	"images": {
		"images.id": "2015_KSG_1LB_000116.tif",
		"images.type": "TIF",
		"images.data_captured": "2021-11-15 01:05:14",
		"images.size": 1619,
		"images.width": 1508,
		"images.height": 754,
		"images.h_resolution": 150,
		"images.v_resolution": 150,
		"images.bit": 24
	},
	"annotations": [
		{
			"polygon.id": "PLG_000000",
			"polygon.name": "building",
			"polygon.points": [
				[
					752.8805813768088,
					495.3636216139214
				],
				[
					709.0247414924015,
					417.3082735627744
				],
				[
					591.5393722607781,
					482.48851265703115
				],
				[
					614.070812935336,
					525.9420053865357
				],
				[
					606.0238698372796,
					529.563129780661
				],
				[
					603.6097869078627,
					535.1959899493005
				],
				[
					612.4614243157247,
					550.0828346807049
				],
				[
					626.1412275824206,
					543.2429330473569
				],
				[
					649.4773625667841,
					582.6729542278333
				],
				[
					654.3055284256179,
					582.6729542278333
				],
				[
					752.8805813768088,
					527.9537411610497
				]
			],
			"polygon.shape": 1,
			"polygon.shift": 2,
			"polygon.updates": [
				4,
				3,
				0
			]
		},
		{
			"polygon.id": "PLG_000001",
			"polygon.name": "building",
			"polygon.points": [
				[
					1506.6556579442051,
					578.2655546547762
				],
				[
					1377.8486868260109,
					648.1174912698491
				],
				[
					1377.2898713330903,
					650.911568734452
				],
				[
					1413.23437401239,
					719.5840321158004
				],
				[
					1420.2195676738972,
					720.9810708481018
				],
				[
					1507.7054963320072,
					671.1533560626834
				]
			],
			"polygon.shape": 1,
			"polygon.shift": 2,
			"polygon.updates": [
				3
			]
		}
	]
}