{
	"info": {
		"info.name": "항공영상 도시건물 변화탐지 데이터",
		"info.id": "TIFF_CHANGE_safe_01",
		"info.date_created": "2021-04-09 09:00:00",
		"info.src_path": "/dataSet/change",
		"info.label_path": "/dataSet/change",
		"info.category": 2,
		"info.type": 1
	},
	"images": {
		"images.id": "2015_DMG_1LB_000084.tif",
		"images.type": "TIF",
		"images.data_captured": "2021-11-15 01:04:42",
		"images.size": 1347,
		"images.width": 1508,
		"images.height": 754,
		"images.h_resolution": 150,
		"images.v_resolution": 150,
		"images.bit": 24
	},
	"annotations": [
		{
			"polygon.id": "PLG_000000",
			"polygon.name": "building",
			"polygon.points": [
				[
					755.5487089201877,
					339.4212745609459
				],
				[
					989.0841810119979,
					418.2907103112502
				],
				[
					1040.2981003303773,
					433.65488610676414
				],
				[
					1120.1918144670492,
					251.33333333333334
				],
				[
					1146.8230525126064,
					192.94946531038082
				],
				[
					1155.7484778009627,
					114.10829964354036
				],
				[
					1161.4389132807828,
					43.68916058076864
				],
				[
					1128.0076048368405,
					32.308289621128765
				],
				[
					1126.5849959668856,
					16.65959205162394
				],
				[
					1088.3452695424953,
					1.466129320504713
				],
				[
					752.3819588139262,
					4.538964479607479
				]
			],
			"polygon.shape": 1,
			"polygon.shift": 2,
			"polygon.updates": [
				1
			]
		}
	]
}