{
	"info": {
		"info.name": "항공영상 도시건물 변화탐지 데이터",
		"info.id": "TIFF_CHANGE_safe_01",
		"info.date_created": "2021-04-09 09:00:00",
		"info.src_path": "/dataSet/change",
		"info.label_path": "/dataSet/change",
		"info.category": 2,
		"info.type": 1
	},
	"images": {
		"images.id": "2015_EPG_1LB_000310.tif",
		"images.type": "TIF",
		"images.data_captured": "2021-11-15 01:05:04",
		"images.size": 1486,
		"images.width": 1508,
		"images.height": 754,
		"images.h_resolution": 150,
		"images.v_resolution": 150,
		"images.bit": 24
	},
	"annotations": [
		{
			"polygon.id": "PLG_000000",
			"polygon.name": "building",
			"polygon.points": [
				[
					1189.0225591716787,
					751.4438608434182
				],
				[
					1175.6109873415849,
					631.7455822598292
				],
				[
					1059.6008910112719,
					639.4572360621333
				],
				[
					1057.92444453251,
					642.1395504281521
				],
				[
					986.8431138330119,
					649.1806256389515
				],
				[
					980.8079065094696,
					654.8805436667415
				],
				[
					989.5254281990307,
					753.4555966179322
				]
			],
			"polygon.shape": 1,
			"polygon.shift": 2,
			"polygon.updates": [
				3
			]
		}
	]
}