{
	"info": {
		"info.name": "항공영상 도시건물 변화탐지 데이터",
		"info.id": "TIFF_CHANGE_safe_01",
		"info.date_created": "2021-04-09 09:00:00",
		"info.src_path": "/dataSet/change",
		"info.label_path": "/dataSet/change",
		"info.category": 2,
		"info.type": 1
	},
	"images": {
		"images.id": "2015_EPG_1LB_000087.tif",
		"images.type": "TIF",
		"images.data_captured": "2021-11-15 01:04:48",
		"images.size": 1547,
		"images.width": 1508,
		"images.height": 754,
		"images.h_resolution": 150,
		"images.v_resolution": 150,
		"images.bit": 24
	},
	"annotations": [
		{
			"polygon.id": "PLG_000000",
			"polygon.name": "building",
			"polygon.points": [
				[
					1285.3385479927026,
					367.9577224424025
				],
				[
					1223.2827770906065,
					369.57400180733964
				],
				[
					1220.5280890060571,
					362.6872815959666
				],
				[
					1220.5280890060571,
					321.8260750084869
				],
				[
					1218.2325156022662,
					320.9078456469705
				],
				[
					1216.9004325456915,
					273.47087119999736
				],
				[
					1224.2951546492,
					272.67379710145883
				],
				[
					1225.5783504943975,
					265.35496927522837
				],
				[
					1260.4710662320206,
					261.6820518291628
				],
				[
					1261.1943715842108,
					256.19243027461124
				],
				[
					1319.7658773839491,
					253.75725719587282
				],
				[
					1321.625716947206,
					259.3367758856426
				],
				[
					1357.6655945505427,
					257.64847949148844
				],
				[
					1361.1195823108762,
					305.4729254038009
				],
				[
					1364.3078787050304,
					304.9415426714419
				],
				[
					1364.7032274579055,
					364.30974706152176
				],
				[
					1360.558442145505,
					372.2804880469071
				],
				[
					1287.5768369885686,
					372.6296999555165
				]
			],
			"polygon.shape": 0,
			"polygon.shift": 2,
			"polygon.updates": [
				1,
				3
			]
		}
	]
}