{
	"info": {
		"info.name": "항공영상 도시건물 변화탐지 데이터",
		"info.id": "TIFF_CHANGE_safe_01",
		"info.date_created": "2021-04-09 09:00:00",
		"info.src_path": "/dataSet/change",
		"info.label_path": "/dataSet/change",
		"info.category": 2,
		"info.type": 1
	},
	"images": {
		"images.id": "2015_DMG_1LB_000051.tif",
		"images.type": "TIF",
		"images.data_captured": "2021-11-15 01:04:40",
		"images.size": 1487,
		"images.width": 1508,
		"images.height": 754,
		"images.h_resolution": 150,
		"images.v_resolution": 150,
		"images.bit": 24
	},
	"annotations": [
		{
			"polygon.id": "PLG_000000",
			"polygon.name": "building",
			"polygon.points": [
				[
					751.0252667410502,
					10.826821028519937
				],
				[
					645.8296014944265,
					91.59939515349993
				],
				[
					660.7669946289537,
					120.05157255259962
				],
				[
					655.2783476918705,
					124.82707788402914
				],
				[
					672.8591700235711,
					148.5037499516993
				],
				[
					652.9426458442013,
					166.9976652611141
				],
				[
					693.4869986379183,
					223.9020200593135
				],
				[
					701.3113474226708,
					223.19071562433595
				],
				[
					751.8139623060727,
					184.0689717005739
				]
			],
			"polygon.shape": 1,
			"polygon.shift": 2,
			"polygon.updates": [
				4,
				3,
				0
			]
		},
		{
			"polygon.id": "PLG_000001",
			"polygon.name": "building",
			"polygon.points": [
				[
					390.7140853216056,
					1.7766527959173146
				],
				[
					454.9290690348514,
					85.75009303631563
				],
				[
					419.3638472859768,
					118.35154630611734
				],
				[
					415.4121559805463,
					119.33946913247499
				],
				[
					389.726162495248,
					139.59188707280634
				],
				[
					354.6549021595522,
					95.1353598867131
				],
				[
					326.4991016083598,
					115.88173924022328
				],
				[
					321.06552606339284,
					113.41193217432922
				],
				[
					291.92180268584286,
					74.38898053320293
				],
				[
					300.8131081230615,
					67.47352074869954
				],
				[
					279.0788059431937,
					31.414337586646134
				],
				[
					318.5957189974988,
					1.7766527959173146
				]
			],
			"polygon.shape": 1,
			"polygon.shift": 2,
			"polygon.updates": [
				4,
				3,
				1,
				0
			]
		}
	]
}