{
	"info": {
		"info.name": "항공영상 도시건물 변화탐지 데이터",
		"info.id": "TIFF_CHANGE_safe_01",
		"info.date_created": "2021-04-09 09:00:00",
		"info.src_path": "/dataSet/change",
		"info.label_path": "/dataSet/change",
		"info.category": 2,
		"info.type": 1
	},
	"images": {
		"images.id": "2015_EPG_1LB_000042.tif",
		"images.type": "TIF",
		"images.data_captured": "2021-11-15 01:04:46",
		"images.size": 1599,
		"images.width": 1508,
		"images.height": 754,
		"images.h_resolution": 150,
		"images.v_resolution": 150,
		"images.bit": 24
	},
	"annotations": [
		{
			"polygon.id": "PLG_000000",
			"polygon.name": "building",
			"polygon.points": [
				[
					1364.700144252669,
					514.5194201033828
				],
				[
					1373.5013429952821,
					563.014908953215
				],
				[
					1391.86593022561,
					648.3337204607805
				],
				[
					1451.1682431568775,
					637.6210445764225
				],
				[
					1486.3670353483394,
					630.7343243650495
				],
				[
					1488.280013184832,
					624.6127952882734
				],
				[
					1479.0977195696678,
					576.788349375961
				],
				[
					1474.4203816326853,
					576.9090659293548
				],
				[
					1464.8554924502228,
					524.8760687767589
				],
				[
					1460.2643456426408,
					514.9285840269979
				],
				[
					1422.004788912791,
					517.9893485653859
				],
				[
					1420.0918110762982,
					504.21590814263993
				]
			],
			"polygon.shape": 0,
			"polygon.shift": 2,
			"polygon.updates": [
				1,
				3
			]
		}
	]
}