{
	"info": {
		"info.name": "항공영상 도시건물 변화탐지 데이터",
		"info.id": "TIFF_CHANGE_safe_01",
		"info.date_created": "2021-04-09 09:00:00",
		"info.src_path": "/dataSet/change",
		"info.label_path": "/dataSet/change",
		"info.category": 2,
		"info.type": 1
	},
	"images": {
		"images.id": "2015_KSG_1LB_000120.tif",
		"images.type": "TIF",
		"images.data_captured": "2021-11-15 01:05:14",
		"images.size": 1417,
		"images.width": 1508,
		"images.height": 754,
		"images.h_resolution": 150,
		"images.v_resolution": 150,
		"images.bit": 24
	},
	"annotations": [
		{
			"polygon.id": "PLG_000000",
			"polygon.name": "building",
			"polygon.points": [
				[
					342.39874723345685,
					700.9427729479386
				],
				[
					475.5756555062901,
					672.7784721047412
				],
				[
					452.2395205219266,
					554.0860614084094
				],
				[
					381.8287684139332,
					568.9729061398137
				],
				[
					379.4146854845162,
					550.8672841691869
				],
				[
					367.3442708374316,
					553.2813670986038
				],
				[
					363.32079928840346,
					535.9804394377825
				],
				[
					357.28559196486117,
					535.9804394377825
				],
				[
					305.3828089823974,
					549.2578955495756
				],
				[
					305.3828089823974,
					557.7071858025348
				]
			],
			"polygon.shape": 0,
			"polygon.shift": 2,
			"polygon.updates": [
				4,
				2,
				1,
				3
			]
		}
	]
}