{
	"info": {
		"info.name": "항공영상 도시건물 변화탐지 데이터",
		"info.id": "TIFF_CHANGE_safe_01",
		"info.date_created": "2021-04-09 09:00:00",
		"info.src_path": "/dataSet/change",
		"info.label_path": "/dataSet/change",
		"info.category": 2,
		"info.type": 1
	},
	"images": {
		"images.id": "2015_DMG_1LB_000018.tif",
		"images.type": "TIF",
		"images.data_captured": "2021-11-15 01:04:38",
		"images.size": 1328,
		"images.width": 1508,
		"images.height": 754,
		"images.h_resolution": 150,
		"images.v_resolution": 150,
		"images.bit": 24
	},
	"annotations": [
		{
			"polygon.id": "PLG_000000",
			"polygon.name": "building",
			"polygon.points": [
				[
					1076.2694611048591,
					0.9099385694597153
				],
				[
					753.7126582990937,
					145.6406326308522
				],
				[
					753.7126582990937,
					3.873707048532598
				]
			],
			"polygon.shape": 1,
			"polygon.shift": 0
		},
		{
			"polygon.id": "PLG_000001",
			"polygon.name": "building",
			"polygon.points": [
				[
					1162.559502494392,
					752.8779591926237
				],
				[
					1146.066117740058,
					622.0687141140869
				],
				[
					1198.7553351457982,
					613.4243893834577
				],
				[
					1199.990238678745,
					620.4221760701575
				],
				[
					1258.0307047272559,
					612.1894858505107
				],
				[
					1262.5586843480614,
					620.8338105811398
				],
				[
					1265.723875472528,
					656.9983683360243
				],
				[
					1234.250556279319,
					751.5853742539953
				]
			],
			"polygon.shape": 1,
			"polygon.shift": 2,
			"polygon.updates": [
				3
			]
		}
	]
}