{
	"info": {
		"info.name": "항공영상 도시건물 변화탐지 데이터",
		"info.id": "TIFF_CHANGE_safe_01",
		"info.date_created": "2021-04-09 09:00:00",
		"info.src_path": "/dataSet/change",
		"info.label_path": "/dataSet/change",
		"info.category": 2,
		"info.type": 1
	},
	"images": {
		"images.id": "2015_EPG_1LB_000316.tif",
		"images.type": "TIF",
		"images.data_captured": "2021-11-15 01:05:04",
		"images.size": 1494,
		"images.width": 1508,
		"images.height": 754,
		"images.h_resolution": 150,
		"images.v_resolution": 150,
		"images.bit": 24
	},
	"annotations": [
		{
			"polygon.id": "PLG_000000",
			"polygon.name": "building",
			"polygon.points": [
				[
					1038.532801444256,
					752.6444646336392
				],
				[
					1010.2039604836987,
					729.3604857619483
				],
				[
					1003.4127999794555,
					728.5843531328919
				],
				[
					982.4572189949336,
					752.8384977909034
				]
			],
			"polygon.shape": 1,
			"polygon.shift": 2,
			"polygon.updates": [
				4,
				3
			]
		}
	]
}