{
	"info": {
		"info.name": "항공영상 도시건물 변화탐지 데이터",
		"info.id": "TIFF_CHANGE_safe_01",
		"info.date_created": "2021-04-09 09:00:00",
		"info.src_path": "/dataSet/change",
		"info.label_path": "/dataSet/change",
		"info.category": 2,
		"info.type": 1
	},
	"images": {
		"images.id": "2015_EPG_1LB_000097.tif",
		"images.type": "TIF",
		"images.data_captured": "2021-11-15 01:04:50",
		"images.size": 1524,
		"images.width": 1508,
		"images.height": 754,
		"images.h_resolution": 150,
		"images.v_resolution": 150,
		"images.bit": 24
	},
	"annotations": [
		{
			"polygon.id": "PLG_000000",
			"polygon.name": "building",
			"polygon.points": [
				[
					811.0826590837619,
					2.384121626068634
				],
				[
					817.871639344404,
					99.85184309010893
				],
				[
					821.697595017389,
					129.50299955574266
				],
				[
					924.0419092697376,
					125.35821424334223
				],
				[
					920.8536128755834,
					55.21569357195065
				],
				[
					921.4912721544142,
					45.969634028903585
				],
				[
					935.2009466492772,
					45.65080438948816
				],
				[
					935.2009466492772,
					2.9276327078223865
				]
			],
			"polygon.shape": 1,
			"polygon.shift": 2,
			"polygon.updates": [
				3
			]
		},
		{
			"polygon.id": "PLG_000001",
			"polygon.name": "building",
			"polygon.points": [
				[
					1168.050746550514,
					1.8273085384751653
				],
				[
					1173.5601227196125,
					114.76952000499223
				],
				[
					1224.9809669645308,
					112.47394660120123
				],
				[
					1246.100242279408,
					109.26014383589383
				],
				[
					1249.3140450447154,
					96.40493277466426
				],
				[
					1269.5150909980762,
					95.02758873238965
				],
				[
					1265.8421735520105,
					0.9090791769587696
				]
			],
			"polygon.shape": 1,
			"polygon.shift": 2,
			"polygon.updates": [
				3
			]
		}
	]
}