{
	"info": {
		"info.name": "항공영상 도시건물 변화탐지 데이터",
		"info.id": "TIFF_CHANGE_safe_01",
		"info.date_created": "2021-04-09 09:00:00",
		"info.src_path": "/dataSet/change",
		"info.label_path": "/dataSet/change",
		"info.category": 2,
		"info.type": 1
	},
	"images": {
		"images.id": "2015_DMG_1LB_000014.tif",
		"images.type": "TIF",
		"images.data_captured": "2021-11-15 01:04:38",
		"images.size": 1332,
		"images.width": 1508,
		"images.height": 754,
		"images.h_resolution": 150,
		"images.v_resolution": 150,
		"images.bit": 24
	},
	"annotations": [
		{
			"polygon.id": "PLG_000000",
			"polygon.name": "building",
			"polygon.points": [
				[
					1224.2666927490873,
					192.13823682837764
				],
				[
					1025.146974439228,
					277.68596765779864
				],
				[
					1166.5220503117012,
					591.7748650395746
				],
				[
					1162.9655281368136,
					592.9603724312037
				],
				[
					1212.6189625916165,
					698.4386871347862
				],
				[
					1218.0847708059866,
					696.0102788936201
				],
				[
					1507.5991657248019,
					567.5810301912067
				],
				[
					1507.5991657248019,
					436.06368538160837
				],
				[
					1363.7904802787925,
					499.97865669094585
				]
			],
			"polygon.shape": 1,
			"polygon.shift": 0
		}
	]
}