{
	"info": {
		"info.name": "항공영상 도시건물 변화탐지 데이터",
		"info.id": "TIFF_CHANGE_safe_01",
		"info.date_created": "2021-04-09 09:00:00",
		"info.src_path": "/dataSet/change",
		"info.label_path": "/dataSet/change",
		"info.category": 2,
		"info.type": 1
	},
	"images": {
		"images.id": "2015_DMG_1LB_000079.tif",
		"images.type": "TIF",
		"images.data_captured": "2021-11-15 01:04:42",
		"images.size": 1377,
		"images.width": 1508,
		"images.height": 754,
		"images.h_resolution": 150,
		"images.v_resolution": 150,
		"images.bit": 24
	},
	"annotations": [
		{
			"polygon.id": "PLG_000000",
			"polygon.name": "building",
			"polygon.points": [
				[
					1114.4749753666026,
					2.3053092215846425
				],
				[
					1031.6791391352226,
					248.13212194980588
				],
				[
					1507.0328939094245,
					412.03559955626343
				],
				[
					1506.3360585654186,
					0
				]
			],
			"polygon.shape": 1,
			"polygon.shift": 2,
			"polygon.updates": [
				1
			]
		}
	]
}