{
	"info": {
		"info.name": "항공영상 도시건물 변화탐지 데이터",
		"info.id": "TIFF_CHANGE_safe_01",
		"info.date_created": "2021-04-09 09:00:00",
		"info.src_path": "/dataSet/change",
		"info.label_path": "/dataSet/change",
		"info.category": 2,
		"info.type": 1
	},
	"images": {
		"images.id": "2015_DMG_1LB_000021.tif",
		"images.type": "TIF",
		"images.data_captured": "2021-11-15 01:04:38",
		"images.size": 1413,
		"images.width": 1508,
		"images.height": 754,
		"images.h_resolution": 150,
		"images.v_resolution": 150,
		"images.bit": 24
	},
	"annotations": [
		{
			"polygon.id": "PLG_000000",
			"polygon.name": "building",
			"polygon.points": [
				[
					1154.6679142634794,
					304.9526060517387
				],
				[
					1166.6053150819673,
					306.59914409566807
				],
				[
					1167.8402186149144,
					297.5431848540565
				],
				[
					1246.8740447235245,
					306.59914409566807
				],
				[
					1246.0507757015598,
					316.47837235924436
				],
				[
					1261.2812526079067,
					318.12491040317377
				],
				[
					1255.9300039651362,
					385.6329702042783
				],
				[
					1252.6369278772775,
					387.27950824820766
				],
				[
					1250.5787553223659,
					408.6845028192896
				],
				[
					1236.1715474379837,
					407.861233797325
				],
				[
					1218.8828979767252,
					407.861233797325
				],
				[
					1184.3055990542082,
					406.2146957533956
				],
				[
					1150.1399346426736,
					396.74710200080165
				]
			],
			"polygon.shape": 0,
			"polygon.shift": 2,
			"polygon.updates": [
				0,
				1,
				3,
				4
			]
		}
	]
}