{
	"info": {
		"info.name": "항공영상 도시건물 변화탐지 데이터",
		"info.id": "TIFF_CHANGE_safe_01",
		"info.date_created": "2021-04-09 09:00:00",
		"info.src_path": "/dataSet/change",
		"info.label_path": "/dataSet/change",
		"info.category": 2,
		"info.type": 1
	},
	"images": {
		"images.id": "2015_SDG_1LB_000017.tif",
		"images.type": "TIF",
		"images.data_captured": "2021-11-15 01:05:20",
		"images.size": 1405,
		"images.width": 1508,
		"images.height": 754,
		"images.h_resolution": 150,
		"images.v_resolution": 150,
		"images.bit": 24
	},
	"annotations": [
		{
			"polygon.id": "PLG_000000",
			"polygon.name": "building",
			"polygon.points": [
				[
					755.241352771738,
					104.80122303244113
				],
				[
					801.1759862898099,
					111.84229824324046
				],
				[
					819.2816082604368,
					4.549723602488548
				],
				[
					753.9001955887286,
					4.214434306736202
				]
			],
			"polygon.shape": 1,
			"polygon.shift": 0
		}
	]
}