{
	"info": {
		"info.name": "항공영상 도시건물 변화탐지 데이터",
		"info.id": "TIFF_CHANGE_safe_01",
		"info.date_created": "2021-04-09 09:00:00",
		"info.src_path": "/dataSet/change",
		"info.label_path": "/dataSet/change",
		"info.category": 2,
		"info.type": 1
	},
	"images": {
		"images.id": "2015_EPG_1LB_000309.tif",
		"images.type": "TIF",
		"images.data_captured": "2021-11-15 01:05:04",
		"images.size": 1522,
		"images.width": 1508,
		"images.height": 754,
		"images.h_resolution": 150,
		"images.v_resolution": 150,
		"images.bit": 24
	},
	"annotations": [
		{
			"polygon.id": "PLG_000000",
			"polygon.name": "building",
			"polygon.points": [
				[
					751.706197196799,
					85.47846465334302
				],
				[
					693.2411667545781,
					85.31962183635243
				],
				[
					693.3658597358901,
					95.87243282166587
				],
				[
					690.0129667783667,
					95.87243282166587
				],
				[
					684.6483380463291,
					196.12393225161844
				],
				[
					688.0012310038526,
					198.4709573218849
				],
				[
					733.9358645219245,
					198.4709573218849
				],
				[
					733.6005752261722,
					190.75930351958084
				],
				[
					751.0356186052943,
					190.08872492807615
				]
			],
			"polygon.shape": 1,
			"polygon.shift": 2,
			"polygon.updates": [
				4
			]
		}
	]
}