{
	"info": {
		"info.name": "항공영상 도시건물 변화탐지 데이터",
		"info.id": "TIFF_CHANGE_safe_01",
		"info.date_created": "2021-04-09 09:00:00",
		"info.src_path": "/dataSet/change",
		"info.label_path": "/dataSet/change",
		"info.category": 2,
		"info.type": 1
	},
	"images": {
		"images.id": "2015_KSG_1LB_000005.tif",
		"images.type": "TIF",
		"images.data_captured": "2021-11-15 01:05:06",
		"images.size": 1365,
		"images.width": 1508,
		"images.height": 754,
		"images.h_resolution": 150,
		"images.v_resolution": 150,
		"images.bit": 24
	},
	"annotations": [
		{
			"polygon.id": "PLG_000000",
			"polygon.name": "building",
			"polygon.points": [
				[
					1084.1955741448908,
					751.9107023031104
				],
				[
					1087.6718535632513,
					677.1706948083627
				],
				[
					1060.4409981194283,
					651.09859917066
				],
				[
					1051.7502995735274,
					652.2573589767801
				],
				[
					1050.5915397674073,
					648.7810795584197
				],
				[
					758.0046887220768,
					631.979062369678
				],
				[
					758.6645380561175,
					753.2625887435839
				]
			],
			"polygon.shape": 1,
			"polygon.shift": 2,
			"polygon.updates": [
				3
			]
		}
	]
}