{
	"info": {
		"info.name": "항공영상 도시건물 변화탐지 데이터",
		"info.id": "TIFF_CHANGE_safe_01",
		"info.date_created": "2021-04-09 09:00:00",
		"info.src_path": "/dataSet/change",
		"info.label_path": "/dataSet/change",
		"info.category": 2,
		"info.type": 1
	},
	"images": {
		"images.id": "2015_EPG_1LB_000011.tif",
		"images.type": "TIF",
		"images.data_captured": "2021-11-15 01:04:44",
		"images.size": 1384,
		"images.width": 1508,
		"images.height": 754,
		"images.h_resolution": 150,
		"images.v_resolution": 150,
		"images.bit": 24
	},
	"annotations": [
		{
			"polygon.id": "PLG_000000",
			"polygon.name": "building",
			"polygon.points": [
				[
					658.3775487334215,
					0
				],
				[
					659.8879058070416,
					30.23014292877333
				],
				[
					638.8451496056242,
					33.290907467161325
				],
				[
					637.6973629037287,
					48.21213459180281
				],
				[
					543.5788533482978,
					52.038090264787805
				],
				[
					543.1962577809993,
					60.83778831265329
				],
				[
					504.5541054838509,
					61.2203838799518
				],
				[
					492.3110473302989,
					58.1596193415638
				],
				[
					481.98096701323936,
					57.0118326396683
				],
				[
					477.77241577295587,
					60.45519274535479
				],
				[
					468.97271772509043,
					59.69000161075779
				],
				[
					467.8249310231949,
					0.3876886794903678
				]
			],
			"polygon.shape": 1,
			"polygon.shift": 2,
			"polygon.updates": [
				1,
				3,
				4,
				0
			]
		},
		{
			"polygon.id": "PLG_000001",
			"polygon.name": "building",
			"polygon.points": [
				[
					1208.4617709845093,
					0
				],
				[
					1213.3209906623438,
					161.6627993565437
				],
				[
					1062.3640836290479,
					162.21373697345354
				],
				[
					1060.1603331614085,
					1.3399528357804513
				]
			],
			"polygon.shape": 1,
			"polygon.shift": 2,
			"polygon.updates": [
				2
			]
		},
		{
			"polygon.id": "PLG_000002",
			"polygon.name": "building",
			"polygon.points": [
				[
					1054.2195281528707,
					266.825550221193
				],
				[
					1053.558403012579,
					443.34596267910547
				],
				[
					1220.0178570566202,
					439.167793708016
				],
				[
					1226.7731897690323,
					438.05696155677106
				],
				[
					1222.8064389272815,
					263.51992451973393
				]
			],
			"polygon.shape": 0,
			"polygon.shift": 2,
			"polygon.updates": [
				1
			]
		},
		{
			"polygon.id": "PLG_000003",
			"polygon.name": "building",
			"polygon.points": [
				[
					1231.4791110822043,
					421.4760962233962
				],
				[
					1275.0950057542334,
					420.5578668618798
				],
				[
					1275.5541204349915,
					425.60812835022
				],
				[
					1360.4903363752585,
					425.1490136694618
				],
				[
					1360.4903363752585,
					418.721408138847
				],
				[
					1422.0117035968572,
					419.18052281960524
				],
				[
					1422.4708182776153,
					478.86543131817115
				],
				[
					1419.257015512308,
					480.24277536044576
				],
				[
					1390.7919053052997,
					480.7018900412039
				],
				[
					1390.3327906245413,
					502.7393947175975
				],
				[
					1388.9554465822669,
					504.1167387598721
				],
				[
					1388.9554465822669,
					520.6448672671672
				],
				[
					1284.7364140501554,
					520.6448672671672
				],
				[
					1282.4408406463644,
					525.6951287555075
				],
				[
					1236.0702578897865,
					527.9907021592985
				],
				[
					1229.1835376784134,
					520.6448672671672
				],
				[
					1230.1017670399299,
					433.4130779231094
				]
			],
			"polygon.shape": 0,
			"polygon.shift": 2,
			"polygon.updates": [
				3
			]
		},
		{
			"polygon.id": "PLG_000004",
			"polygon.name": "building",
			"polygon.points": [
				[
					1507.6335275289077,
					638.6512973083197
				],
				[
					1448.1334762279166,
					638.5415716637484
				],
				[
					1442.4392428612434,
					641.8651000736272
				],
				[
					1441.521013499727,
					742.870329840431
				],
				[
					1446.5712749880672,
					751.1343940940786
				],
				[
					1507.4663611312706,
					750.5785447758885
				]
			],
			"polygon.shape": 1,
			"polygon.shift": 2,
			"polygon.updates": [
				3
			]
		}
	]
}