{
	"info": {
		"info.name": "항공영상 도시건물 변화탐지 데이터",
		"info.id": "TIFF_CHANGE_safe_01",
		"info.date_created": "2021-04-09 09:00:00",
		"info.src_path": "/dataSet/change",
		"info.label_path": "/dataSet/change",
		"info.category": 2,
		"info.type": 1
	},
	"images": {
		"images.id": "2015_KSG_1LB_000040.tif",
		"images.type": "TIF",
		"images.data_captured": "2021-11-15 01:05:08",
		"images.size": 1537,
		"images.width": 1508,
		"images.height": 754,
		"images.h_resolution": 150,
		"images.v_resolution": 150,
		"images.bit": 24
	},
	"annotations": [
		{
			"polygon.id": "PLG_000000",
			"polygon.name": "building",
			"polygon.points": [
				[
					1037.4739154947254,
					503.11779875386145
				],
				[
					862.3225128303174,
					570.3805569184022
				],
				[
					884.1163170542201,
					626.3738693090446
				],
				[
					1057.1255936624325,
					558.9807208628224
				],
				[
					1057.7961722539374,
					553.2808028350324
				]
			],
			"polygon.shape": 0,
			"polygon.shift": 0
		},
		{
			"polygon.id": "PLG_000001",
			"polygon.name": "building",
			"polygon.points": [
				[
					1026.3843527796794,
					334.3506247754198
				],
				[
					1219.5109871330328,
					259.031237377612
				],
				[
					1171.2293285446945,
					131.56765870439872
				],
				[
					976.1714278478075,
					205.9214129304398
				],
				[
					971.826078574857,
					209.30112903162347
				]
			],
			"polygon.shape": 0,
			"polygon.shift": 2,
			"polygon.updates": [
				3
			]
		}
	]
}