{
	"info": {
		"info.name": "항공영상 도시건물 변화탐지 데이터",
		"info.id": "TIFF_CHANGE_safe_01",
		"info.date_created": "2021-04-09 09:00:00",
		"info.src_path": "/dataSet/change",
		"info.label_path": "/dataSet/change",
		"info.category": 2,
		"info.type": 1
	},
	"images": {
		"images.id": "2015_KSG_1LB_000042.tif",
		"images.type": "TIF",
		"images.data_captured": "2021-11-15 01:05:08",
		"images.size": 1402,
		"images.width": 1508,
		"images.height": 754,
		"images.h_resolution": 150,
		"images.v_resolution": 150,
		"images.bit": 24
	},
	"annotations": [
		{
			"polygon.id": "PLG_000000",
			"polygon.name": "building",
			"polygon.points": [
				[
					1353.216062035714,
					397.34078363567335
				],
				[
					1353.6817416131478,
					387.56151250956316
				],
				[
					1310.3828545033512,
					277.5307419535004
				],
				[
					1250.3236213294495,
					302.82158885480794
				],
				[
					1243.897243160863,
					303.10099660126826
				],
				[
					1208.1330516139456,
					318.189014910124
				],
				[
					1206.1771973887235,
					320.9830923747269
				],
				[
					1255.377835762353,
					437.60564848248606
				]
			],
			"polygon.shape": 0,
			"polygon.shift": 2,
			"polygon.updates": [
				3
			]
		},
		{
			"polygon.id": "PLG_000001",
			"polygon.name": "building",
			"polygon.points": [
				[
					1111.1067365304461,
					171.8012416142628
				],
				[
					1075.0631372370685,
					80.1555007752872
				],
				[
					1067.2397203361802,
					70.93504514209758
				],
				[
					975.0351640042841,
					107.25805218193547
				],
				[
					972.2410865396812,
					105.02279021025313
				],
				[
					963.8588541458724,
					109.21390640715751
				],
				[
					990.9614055525208,
					179.90406626161126
				],
				[
					1004.0935696361544,
					208.68306414702127
				],
				[
					1011.9169865370426,
					220.4181894983535
				],
				[
					1074.783729490608,
					194.4332690775464
				],
				[
					1072.8278752653862,
					189.40392964126116
				],
				[
					1082.6071463914964,
					186.60985217665825
				],
				[
					1081.2101076591948,
					184.37459020497593
				]
			],
			"polygon.shape": 0,
			"polygon.shift": 2,
			"polygon.updates": [
				1,
				3
			]
		}
	]
}