{
	"info": {
		"info.name": "항공영상 도시건물 변화탐지 데이터",
		"info.id": "TIFF_CHANGE_safe_01",
		"info.date_created": "2021-04-09 09:00:00",
		"info.src_path": "/dataSet/change",
		"info.label_path": "/dataSet/change",
		"info.category": 2,
		"info.type": 1
	},
	"images": {
		"images.id": "2015_KSG_1LB_000089.tif",
		"images.type": "TIF",
		"images.data_captured": "2021-11-15 01:05:12",
		"images.size": 1439,
		"images.width": 1508,
		"images.height": 754,
		"images.h_resolution": 150,
		"images.v_resolution": 150,
		"images.bit": 24
	},
	"annotations": [
		{
			"polygon.id": "PLG_000000",
			"polygon.name": "building",
			"polygon.points": [
				[
					575.3284822245087,
					559.8681131895978
				],
				[
					550.7853057754367,
					435.54284232462646
				],
				[
					545.7982970996122,
					425.5041415928
				],
				[
					429.6788121496879,
					453.64846429525335
				],
				[
					419.21778612221453,
					461.29306023840695
				],
				[
					431.2882007692991,
					521.2427863189271
				],
				[
					420.82717474182584,
					526.0709521777609
				],
				[
					431.2882007692991,
					579.1807766249331
				],
				[
					436.116366628133,
					586.0206782582811
				]
			],
			"polygon.shape": 0,
			"polygon.shift": 2,
			"polygon.updates": [
				4
			]
		}
	]
}