{
	"info": {
		"info.name": "항공영상 도시건물 변화탐지 데이터",
		"info.id": "TIFF_CHANGE_safe_01",
		"info.date_created": "2021-04-09 09:00:00",
		"info.src_path": "/dataSet/change",
		"info.label_path": "/dataSet/change",
		"info.category": 2,
		"info.type": 1
	},
	"images": {
		"images.id": "2015_KSG_1LB_000052.tif",
		"images.type": "TIF",
		"images.data_captured": "2021-11-15 01:05:10",
		"images.size": 1437,
		"images.width": 1508,
		"images.height": 754,
		"images.h_resolution": 150,
		"images.v_resolution": 150,
		"images.bit": 24
	},
	"annotations": [
		{
			"polygon.id": "PLG_000000",
			"polygon.name": "building",
			"polygon.points": [
				[
					1507.546800742534,
					512.3929477545287
				],
				[
					1398.1121000455864,
					551.9757118364033
				],
				[
					1401.3718570876233,
					563.6177012722487
				],
				[
					1340.7279579836754,
					585.4798051675085
				],
				[
					1332.9666316931118,
					594.0172640871285
				],
				[
					1330.6553087237821,
					604.5354134761004
				],
				[
					1350.4373771731707,
					655.1640971347052
				],
				[
					1360.4960560457412,
					657.1758329092193
				],
				[
					1367.5371312565405,
					655.4993864304575
				],
				[
					1371.5606028055688,
					659.858147275238
				],
				[
					1385.307463931415,
					690.0341838929496
				],
				[
					1475.5002844887972,
					654.1582292474482
				],
				[
					1485.5589633613677,
					680.3107943161315
				],
				[
					1507.2968860359788,
					668.0634214296219
				]
			],
			"polygon.shape": 1,
			"polygon.shift": 2,
			"polygon.updates": [
				1,
				3
			]
		},
		{
			"polygon.id": "PLG_000001",
			"polygon.name": "building",
			"polygon.points": [
				[
					1212.2995450471537,
					109.47231370645505
				],
				[
					1101.318788153126,
					160.77157595656456
				],
				[
					1098.6364737871072,
					167.8126511673639
				],
				[
					1158.9214891633796,
					294.05577680403866
				],
				[
					1164.2861178954172,
					294.72635539554335
				],
				[
					1279.6256356342255,
					242.42122525817678
				],
				[
					1220.9500088775644,
					115.34658216803625
				]
			],
			"polygon.shape": 0,
			"polygon.shift": 2,
			"polygon.updates": [
				3
			]
		}
	]
}