{
	"info": {
		"info.name": "항공영상 도시건물 변화탐지 데이터",
		"info.id": "TIFF_CHANGE_safe_01",
		"info.date_created": "2021-04-09 09:00:00",
		"info.src_path": "/dataSet/change",
		"info.label_path": "/dataSet/change",
		"info.category": 2,
		"info.type": 1
	},
	"images": {
		"images.id": "2015_SDG_1LB_000006.tif",
		"images.type": "TIF",
		"images.data_captured": "2021-11-15 01:05:20",
		"images.size": 1515,
		"images.width": 1508,
		"images.height": 754,
		"images.h_resolution": 150,
		"images.v_resolution": 150,
		"images.bit": 24
	},
	"annotations": [
		{
			"polygon.id": "PLG_000000",
			"polygon.name": "building",
			"polygon.points": [
				[
					1285.0019592568985,
					268.5856909331256
				],
				[
					1282.2209357222102,
					272.75722623515804
				],
				[
					1272.4873533508012,
					536.2592061468735
				],
				[
					1393.4618771097419,
					542.5165090999221
				],
				[
					1406.6717388995112,
					515.4015296367113
				],
				[
					1458.8391053710393,
					515.725982382425
				],
				[
					1465.79166420776,
					505.2971441273439
				],
				[
					1473.3236029475406,
					280.7294937012645
				],
				[
					1408.8888326618878,
					277.8325941859642
				],
				[
					1405.0262999748206,
					274.4528780847805
				]
			],
			"polygon.shape": 0,
			"polygon.shift": 2,
			"polygon.updates": [
				3
			]
		},
		{
			"polygon.id": "PLG_000001",
			"polygon.name": "building",
			"polygon.points": [
				[
					1355.86155257423,
					750.4316470712379
				],
				[
					1355.823190438612,
					721.2251689897327
				],
				[
					1360.1685397115625,
					714.9485533732486
				],
				[
					1433.6467865285351,
					712.6503464244438
				],
				[
					1434.8538279932436,
					751.2756732951145
				]
			],
			"polygon.shape": 1,
			"polygon.shift": 2,
			"polygon.updates": [
				3
			]
		},
		{
			"polygon.id": "PLG_000002",
			"polygon.name": "building",
			"polygon.points": [
				[
					1507.0465193327382,
					545.6660937689811
				],
				[
					1412.0925907756725,
					552.5059954023291
				],
				[
					1418.127798099215,
					615.6744987220718
				],
				[
					1419.7371867188263,
					617.283887341683
				],
				[
					1420.139533873729,
					625.3308304397394
				],
				[
					1425.7723940423684,
					624.5261361299338
				],
				[
					1424.56535257766,
					649.0693125790058
				],
				[
					1427.3817826619797,
					655.5068670574509
				],
				[
					1482.845571291994,
					653.8150070715483
				],
				[
					1482.9595245452088,
					649.1358586774932
				],
				[
					1507.4725700650042,
					649.2830134239622
				]
			],
			"polygon.shape": 1,
			"polygon.shift": 2,
			"polygon.updates": [
				3
			]
		}
	]
}