{
	"info": {
		"info.name": "항공영상 도시건물 변화탐지 데이터",
		"info.id": "TIFF_CHANGE_safe_01",
		"info.date_created": "2021-04-09 09:00:00",
		"info.src_path": "/dataSet/change",
		"info.label_path": "/dataSet/change",
		"info.category": 2,
		"info.type": 1
	},
	"images": {
		"images.id": "2015_EPG_1LB_000098.tif",
		"images.type": "TIF",
		"images.data_captured": "2021-11-15 01:04:50",
		"images.size": 1532,
		"images.width": 1508,
		"images.height": 754,
		"images.h_resolution": 150,
		"images.v_resolution": 150,
		"images.bit": 24
	},
	"annotations": [
		{
			"polygon.id": "PLG_000000",
			"polygon.name": "building",
			"polygon.points": [
				[
					755.2767305903686,
					370.1092150933201
				],
				[
					762.9286419363386,
					371.6395973625141
				],
				[
					769.0501710131147,
					378.1437220065886
				],
				[
					833.3262263192626,
					376.23074417009605
				],
				[
					841.3607332325311,
					367.43104612223055
				],
				[
					840.5955420979341,
					308.51132875826164
				],
				[
					837.1521819922475,
					306.98094648906766
				],
				[
					832.9436307519641,
					260.3042872786507
				],
				[
					826.822101675188,
					256.47833160566574
				],
				[
					796.2144562913081,
					256.09573603836725
				],
				[
					754.5115394557716,
					256.47833160566574
				]
			],
			"polygon.shape": 1,
			"polygon.shift": 2,
			"polygon.updates": [
				1,
				3
			]
		}
	]
}