{
	"info": {
		"info.name": "항공영상 도시건물 변화탐지 데이터",
		"info.id": "TIFF_CHANGE_safe_01",
		"info.date_created": "2021-04-09 09:00:00",
		"info.src_path": "/dataSet/change",
		"info.label_path": "/dataSet/change",
		"info.category": 2,
		"info.type": 1
	},
	"images": {
		"images.id": "2015_EPG_1LB_000064.tif",
		"images.type": "TIF",
		"images.data_captured": "2021-11-15 01:04:48",
		"images.size": 1598,
		"images.width": 1508,
		"images.height": 754,
		"images.h_resolution": 150,
		"images.v_resolution": 150,
		"images.bit": 24
	},
	"annotations": [
		{
			"polygon.id": "PLG_000000",
			"polygon.name": "building",
			"polygon.points": [
				[
					1381.1984381211284,
					749.7570432197488
				],
				[
					1373.5465267751583,
					713.7930598936899
				],
				[
					1407.2149366974263,
					703.4629795766305
				],
				[
					1408.7453189666203,
					706.5237441150184
				],
				[
					1440.1181554850973,
					697.7240460671529
				],
				[
					1443.5615155907838,
					691.9851125576754
				],
				[
					1474.1691609746638,
					684.715796779004
				],
				[
					1491.0033659357978,
					744.7833008448683
				],
				[
					1470.9271112504134,
					750.6556458310916
				]
			],
			"polygon.shape": 1,
			"polygon.shift": 2,
			"polygon.updates": [
				3,
				4
			]
		},
		{
			"polygon.id": "PLG_000001",
			"polygon.name": "building",
			"polygon.points": [
				[
					1011.588942531031,
					753.4165397556659
				],
				[
					1004.702222319658,
					720.5133209679949
				],
				[
					1135.5499063357447,
					691.436057853309
				],
				[
					1144.3496043836103,
					692.201248987906
				],
				[
					1149.9396809995872,
					700.7608694398828
				],
				[
					1159.65342707555,
					753.0339441883673
				]
			],
			"polygon.shape": 1,
			"polygon.shift": 2,
			"polygon.updates": [
				3
			]
		}
	]
}