{
	"info": {
		"info.name": "항공영상 도시건물 변화탐지 데이터",
		"info.id": "TIFF_CHANGE_safe_01",
		"info.date_created": "2021-04-09 09:00:00",
		"info.src_path": "/dataSet/change",
		"info.label_path": "/dataSet/change",
		"info.category": 2,
		"info.type": 1
	},
	"images": {
		"images.id": "2015_KSG_1LB_000018.tif",
		"images.type": "TIF",
		"images.data_captured": "2021-11-15 01:05:06",
		"images.size": 1592,
		"images.width": 1508,
		"images.height": 754,
		"images.h_resolution": 150,
		"images.v_resolution": 150,
		"images.bit": 24
	},
	"annotations": [
		{
			"polygon.id": "PLG_000000",
			"polygon.name": "building",
			"polygon.points": [
				[
					66.45984982308991,
					552.5355171867747
				],
				[
					137.72357789947733,
					550.2179975745344
				],
				[
					138.88233770559745,
					541.5272990286335
				],
				[
					229.84498248602694,
					538.6303995133333
				],
				[
					220.57490403706598,
					415.2224801615404
				],
				[
					219.41614423094583,
					408.2699213248196
				],
				[
					204.40532676930917,
					406.82893224087206
				],
				[
					72.82707785862306,
					412.3786406641649
				],
				[
					56.03101156800882,
					426.81007822274154
				]
			],
			"polygon.shape": 0,
			"polygon.shift": 2,
			"polygon.updates": [
				4,
				1,
				3
			]
		}
	]
}