{
	"info": {
		"info.name": "항공영상 도시건물 변화탐지 데이터",
		"info.id": "TIFF_CHANGE_safe_01",
		"info.date_created": "2021-04-09 09:00:00",
		"info.src_path": "/dataSet/change",
		"info.label_path": "/dataSet/change",
		"info.category": 2,
		"info.type": 1
	},
	"images": {
		"images.id": "2015_KSG_1LB_000105.tif",
		"images.type": "TIF",
		"images.data_captured": "2021-11-15 01:05:12",
		"images.size": 1670,
		"images.width": 1508,
		"images.height": 754,
		"images.h_resolution": 150,
		"images.v_resolution": 150,
		"images.bit": 24
	},
	"annotations": [
		{
			"polygon.id": "PLG_000000",
			"polygon.name": "building",
			"polygon.points": [
				[
					1426.4259103734676,
					562.4211572653575
				],
				[
					1434.8081427672762,
					559.8599195894715
				],
				[
					1506.2620171287213,
					501.7803626919255
				],
				[
					1507.938463607483,
					462.886804384653
				],
				[
					1444.0983765793965,
					387.7766375073944
				],
				[
					1409.0069988859557,
					413.10662617049866
				],
				[
					1403.41884395675,
					407.5184712412928
				],
				[
					1376.3162925501015,
					428.47405222581466
				],
				[
					1381.6250397328472,
					435.45924588732197
				],
				[
					1354.801896072659,
					455.85601137892326
				],
				[
					1352.566634100977,
					467.0323212373349
				],
				[
					1355.9195270585003,
					473.7381071523819
				]
			],
			"polygon.shape": 1,
			"polygon.shift": 2,
			"polygon.updates": [
				2
			]
		}
	]
}