{
	"info": {
		"info.name": "항공영상 도시건물 변화탐지 데이터",
		"info.id": "TIFF_CHANGE_safe_01",
		"info.date_created": "2021-04-09 09:00:00",
		"info.src_path": "/dataSet/change",
		"info.label_path": "/dataSet/change",
		"info.category": 2,
		"info.type": 1
	},
	"images": {
		"images.id": "2015_DMG_1LB_000020.tif",
		"images.type": "TIF",
		"images.data_captured": "2021-11-15 01:04:38",
		"images.size": 1545,
		"images.width": 1508,
		"images.height": 754,
		"images.h_resolution": 150,
		"images.v_resolution": 150,
		"images.bit": 24
	},
	"annotations": [
		{
			"polygon.id": "PLG_000000",
			"polygon.name": "building",
			"polygon.points": [
				[
					239.20629453734296,
					420.5017859212889
				],
				[
					248.0975999745616,
					418.1307711380306
				],
				[
					246.91209258293242,
					408.0539583091828
				],
				[
					333.45413217186064,
					392.0496085221892
				],
				[
					335.82514695511895,
					399.7554065677787
				],
				[
					366.9897175166046,
					396.22742054367234
				],
				[
					384.4309500119142,
					472.6641111529716
				],
				[
					374.946890878881,
					476.2206333278591
				],
				[
					378.50341305376844,
					495.78150528974015
				],
				[
					351.23674304629793,
					501.7090422478859
				],
				[
					348.8657282630396,
					505.26556442277337
				],
				[
					297.88891042298604,
					517.120638339065
				],
				[
					297.88891042298604,
					512.9713624683628
				],
				[
					270.0294867197009,
					517.7133920348795
				],
				[
					259.35992019503857,
					518.8988994265086
				]
			],
			"polygon.shape": 0,
			"polygon.shift": 2,
			"polygon.updates": [
				4
			]
		}
	]
}