{
	"info": {
		"info.name": "항공영상 도시건물 변화탐지 데이터",
		"info.id": "TIFF_CHANGE_safe_01",
		"info.date_created": "2021-04-09 09:00:00",
		"info.src_path": "/dataSet/change",
		"info.label_path": "/dataSet/change",
		"info.category": 2,
		"info.type": 1
	},
	"images": {
		"images.id": "2015_KSG_1LB_000108.tif",
		"images.type": "TIF",
		"images.data_captured": "2021-11-15 01:05:14",
		"images.size": 1678,
		"images.width": 1508,
		"images.height": 754,
		"images.h_resolution": 150,
		"images.v_resolution": 150,
		"images.bit": 24
	},
	"annotations": [
		{
			"polygon.id": "PLG_000000",
			"polygon.name": "building",
			"polygon.points": [
				[
					1071.8333255815053,
					752.4578765139735
				],
				[
					1126.2888548620213,
					719.6062463519388
				],
				[
					1132.994640777068,
					724.0767702953035
				],
				[
					1148.0826590859238,
					747.8264287444283
				],
				[
					1139.7004266921151,
					750.0616907161107
				],
				[
					1142.494504156718,
					752.5763604342533
				]
			],
			"polygon.shape": 1,
			"polygon.shift": 2,
			"polygon.updates": [
				1,
				3
			]
		}
	]
}