{
	"info": {
		"info.name": "항공영상 도시건물 변화탐지 데이터",
		"info.id": "TIFF_CHANGE_safe_01",
		"info.date_created": "2021-04-09 09:00:00",
		"info.src_path": "/dataSet/change",
		"info.label_path": "/dataSet/change",
		"info.category": 2,
		"info.type": 1
	},
	"images": {
		"images.id": "2015_EPG_1LB_000054.tif",
		"images.type": "TIF",
		"images.data_captured": "2021-11-15 01:04:46",
		"images.size": 1469,
		"images.width": 1508,
		"images.height": 754,
		"images.h_resolution": 150,
		"images.v_resolution": 150,
		"images.bit": 24
	},
	"annotations": [
		{
			"polygon.id": "PLG_000000",
			"polygon.name": "building",
			"polygon.points": [
				[
					756.1666334330962,
					442.3217554713804
				],
				[
					868.6497302188551,
					444.15821419441323
				],
				[
					872.7817623456789,
					460.6863427017084
				],
				[
					873.2408770264371,
					555.7230816186557
				],
				[
					832.8387851197156,
					557.5595403416885
				],
				[
					832.3796704389574,
					578.6788156565656
				],
				[
					821.8200327815188,
					583.7290771449058
				],
				[
					756.1666334330962,
					586.0246505486969
				]
			],
			"polygon.shape": 1,
			"polygon.shift": 2,
			"polygon.updates": [
				4,
				1,
				3
			]
		},
		{
			"polygon.id": "PLG_000001",
			"polygon.name": "building",
			"polygon.points": [
				[
					1151.8507269358533,
					751.2602765238114
				],
				[
					1153.4448751329305,
					640.3075620072466
				],
				[
					1157.9084900847463,
					637.1192656130925
				],
				[
					1296.280553591037,
					638.7134138101695
				],
				[
					1296.7023878064024,
					643.0940493816095
				],
				[
					1296.906084520473,
					705.7794990422294
				],
				[
					1296.9182128698678,
					721.9279496975931
				],
				[
					1296.6256325228392,
					752.6929679832801
				]
			],
			"polygon.shape": 1,
			"polygon.shift": 2,
			"polygon.updates": [
				1,
				3,
				4,
				2
			]
		},
		{
			"polygon.id": "PLG_000002",
			"polygon.name": "building",
			"polygon.points": [
				[
					1507.0916808811203,
					456.4441050190166
				],
				[
					1361.2854784810852,
					457.34087767062283
				],
				[
					1360.1716166610322,
					463.09462202825137
				],
				[
					1361.273491894852,
					582.0971472807765
				],
				[
					1438.4047582622295,
					582.6480848976864
				],
				[
					1438.9556958791393,
					568.3237068580306
				],
				[
					1465.4007014908116,
					568.8746444749404
				],
				[
					1467.0535143415411,
					583.1990225145962
				],
				[
					1506.7210227590494,
					582.0971472807765
				]
			],
			"polygon.shape": 1,
			"polygon.shift": 2,
			"polygon.updates": [
				3
			]
		},
		{
			"polygon.id": "PLG_000003",
			"polygon.name": "building",
			"polygon.points": [
				[
					984.5736299795562,
					435.47473854373504
				],
				[
					985.4918593410725,
					506.1783993804977
				],
				[
					989.1647767871382,
					514.9015783149035
				],
				[
					1009.8249374212571,
					556.2218995831414
				],
				[
					1140.2135067565857,
					557.1401289446578
				],
				[
					1148.0184563294752,
					537.3981976720553
				],
				[
					1155.3642912216062,
					537.3981976720553
				],
				[
					1169.5968463251104,
					502.9645966151903
				],
				[
					1170.515075686627,
					437.3111972667678
				]
			],
			"polygon.shape": 0,
			"polygon.shift": 2,
			"polygon.updates": [
				1
			]
		}
	]
}