{
	"info": {
		"info.name": "항공영상 도시건물 변화탐지 데이터",
		"info.id": "TIFF_CHANGE_safe_01",
		"info.date_created": "2021-04-09 09:00:00",
		"info.src_path": "/dataSet/change",
		"info.label_path": "/dataSet/change",
		"info.category": 2,
		"info.type": 1
	},
	"images": {
		"images.id": "2015_DMG_1LB_000009.tif",
		"images.type": "TIF",
		"images.data_captured": "2021-11-15 01:04:38",
		"images.size": 1341,
		"images.width": 1508,
		"images.height": 754,
		"images.h_resolution": 150,
		"images.v_resolution": 150,
		"images.bit": 24
	},
	"annotations": [
		{
			"polygon.id": "PLG_000000",
			"polygon.name": "building",
			"polygon.points": [
				[
					1252.8223763978638,
					566.2758610159384
				],
				[
					1289.0197781204856,
					557.1058525795409
				],
				[
					1428.0178007353531,
					551.3142683039214
				],
				[
					1430.4309608501947,
					557.1058525795409
				],
				[
					1434.076529326135,
					638.6065808128355
				],
				[
					1431.1807371883253,
					641.019740927677
				],
				[
					1432.6286332572301,
					662.7381819612501
				],
				[
					1306.6616752625064,
					668.5297662368696
				],
				[
					1303.7658831246965,
					664.1860780301549
				],
				[
					1302.80061907876,
					639.5718448587721
				],
				[
					1292.665346596426,
					638.6065808128355
				],
				[
					1292.6387207529829,
					635.7569669069834
				],
				[
					1254.4142645338943,
					634.3669866808348
				]
			],
			"polygon.shape": 0,
			"polygon.shift": 2,
			"polygon.updates": [
				2
			]
		}
	]
}