{
	"info": {
		"info.name": "항공영상 도시건물 변화탐지 데이터",
		"info.id": "TIFF_CHANGE_safe_01",
		"info.date_created": "2021-04-09 09:00:00",
		"info.src_path": "/dataSet/change",
		"info.label_path": "/dataSet/change",
		"info.category": 2,
		"info.type": 1
	},
	"images": {
		"images.id": "2015_KSG_1LB_000102.tif",
		"images.type": "TIF",
		"images.data_captured": "2021-11-15 01:05:12",
		"images.size": 1494,
		"images.width": 1508,
		"images.height": 754,
		"images.h_resolution": 150,
		"images.v_resolution": 150,
		"images.bit": 24
	},
	"annotations": [
		{
			"polygon.id": "PLG_000000",
			"polygon.name": "building",
			"polygon.points": [
				[
					756.5223677457881,
					288.96146756516225
				],
				[
					835.7847572616436,
					202.85917641595884
				],
				[
					844.6363946695055,
					207.68734227479268
				],
				[
					847.8551719087282,
					207.28499511988986
				],
				[
					848.6598662185338,
					204.87091219047295
				],
				[
					825.3237312341703,
					187.9723316845545
				],
				[
					850.671601993048,
					160.61272515116278
				],
				[
					857.109156471493,
					163.4291552354825
				],
				[
					880.4452914558565,
					140.8977145609246
				],
				[
					886.0781516244961,
					145.72588041975843
				],
				[
					891.7110117931354,
					138.8859787864105
				],
				[
					755.0546053247026,
					13.63691885378232
				]
			],
			"polygon.shape": 1,
			"polygon.shift": 0
		}
	]
}