{
	"info": {
		"info.name": "항공영상 도시건물 변화탐지 데이터",
		"info.id": "TIFF_CHANGE_safe_01",
		"info.date_created": "2021-04-09 09:00:00",
		"info.src_path": "/dataSet/change",
		"info.label_path": "/dataSet/change",
		"info.category": 2,
		"info.type": 1
	},
	"images": {
		"images.id": "2015_DMG_1LB_000062.tif",
		"images.type": "TIF",
		"images.data_captured": "2021-11-15 01:04:40",
		"images.size": 1331,
		"images.width": 1508,
		"images.height": 754,
		"images.h_resolution": 150,
		"images.v_resolution": 150,
		"images.bit": 24
	},
	"annotations": [
		{
			"polygon.id": "PLG_000000",
			"polygon.name": "building",
			"polygon.points": [
				[
					1507.3600473032334,
					696.5546871142648
				],
				[
					1478.2163239256834,
					695.5667642879072
				],
				[
					1477.2284010993258,
					692.6029958088343
				],
				[
					1460.9276744644249,
					691.6150729824766
				],
				[
					1459.4457902248882,
					702.4822240724105
				],
				[
					1454.5061760931003,
					701.4943012460529
				],
				[
					1450.5544847876697,
					741.9991371267156
				],
				[
					1449.6365423080335,
					750.2725867247118
				],
				[
					1507.8540087164122,
					751.3844039771132
				]
			],
			"polygon.shape": 1,
			"polygon.shift": 2,
			"polygon.updates": [
				3,
				1
			]
		}
	]
}