{
	"info": {
		"info.name": "항공영상 도시건물 변화탐지 데이터",
		"info.id": "TIFF_CHANGE_safe_01",
		"info.date_created": "2021-04-09 09:00:00",
		"info.src_path": "/dataSet/change",
		"info.label_path": "/dataSet/change",
		"info.category": 2,
		"info.type": 1
	},
	"images": {
		"images.id": "2015_KSG_1LB_000015.tif",
		"images.type": "TIF",
		"images.data_captured": "2021-11-15 01:05:06",
		"images.size": 1485,
		"images.width": 1508,
		"images.height": 754,
		"images.h_resolution": 150,
		"images.v_resolution": 150,
		"images.bit": 24
	},
	"annotations": [
		{
			"polygon.id": "PLG_000000",
			"polygon.name": "building",
			"polygon.points": [
				[
					753.0297935895319,
					533.3387606323129
				],
				[
					744.3390950436309,
					413.40712069888036
				],
				[
					742.0215754313906,
					410.5102211835801
				],
				[
					592.5415604418951,
					423.2565790509014
				],
				[
					591.962180538835,
					426.15347856620167
				],
				[
					583.2714819929341,
					429.62975798456205
				],
				[
					592.5415604418951,
					552.4582974332949
				],
				[
					663.8052885182825,
					545.5057385965741
				],
				[
					664.3846684213426,
					539.1325596629135
				]
			],
			"polygon.shape": 0,
			"polygon.shift": 2,
			"polygon.updates": [
				4,
				3,
				1
			]
		}
	]
}