{
	"info": {
		"info.name": "항공영상 도시건물 변화탐지 데이터",
		"info.id": "TIFF_CHANGE_safe_01",
		"info.date_created": "2021-04-09 09:00:00",
		"info.src_path": "/dataSet/change",
		"info.label_path": "/dataSet/change",
		"info.category": 2,
		"info.type": 1
	},
	"images": {
		"images.id": "2015_EPG_1LB_000312.tif",
		"images.type": "TIF",
		"images.data_captured": "2021-11-15 01:05:04",
		"images.size": 1710,
		"images.width": 1508,
		"images.height": 754,
		"images.h_resolution": 150,
		"images.v_resolution": 150,
		"images.bit": 24
	},
	"annotations": [
		{
			"polygon.id": "PLG_000000",
			"polygon.name": "building",
			"polygon.points": [
				[
					1505.4997230095935,
					228.4591900829984
				],
				[
					1471.812974138694,
					270.4764178502569
				],
				[
					1471.812974138694,
					279.8645181313227
				],
				[
					1451.3603270978008,
					305.68179390425365
				],
				[
					1465.1071882236472,
					318.75807643859525
				],
				[
					1433.5899944229263,
					358.32221333737255
				],
				[
					1500.6478535733963,
					403.2509789681874
				],
				[
					1506.0124823054339,
					394.86874657437863
				]
			],
			"polygon.shape": 1,
			"polygon.shift": 2,
			"polygon.updates": [
				1,
				3
			]
		}
	]
}