{
	"info": {
		"info.name": "항공영상 도시건물 변화탐지 데이터",
		"info.id": "TIFF_CHANGE_safe_01",
		"info.date_created": "2021-04-09 09:00:00",
		"info.src_path": "/dataSet/change",
		"info.label_path": "/dataSet/change",
		"info.category": 2,
		"info.type": 1
	},
	"images": {
		"images.id": "2015_KSG_1LB_000122.tif",
		"images.type": "TIF",
		"images.data_captured": "2021-11-15 01:05:14",
		"images.size": 1497,
		"images.width": 1508,
		"images.height": 754,
		"images.h_resolution": 150,
		"images.v_resolution": 150,
		"images.bit": 24
	},
	"annotations": [
		{
			"polygon.id": "PLG_000000",
			"polygon.name": "building",
			"polygon.points": [
				[
					1120.8869438772563,
					1.7347406804155128
				],
				[
					1119.9213107054895,
					19.5989543581007
				],
				[
					1157.5810044043935,
					30.220919247535136
				],
				[
					1152.7528385455596,
					37.4631680357859
				],
				[
					1153.235655131443,
					44.70541682403665
				],
				[
					1229.0378591151343,
					62.569630501721846
				],
				[
					1224.6925098421839,
					85.74482662412426
				],
				[
					1304.8400630988256,
					106.50593981710973
				],
				[
					1310.1510455435428,
					105.0574900594596
				],
				[
					1320.7730104329771,
					70.77751246173936
				],
				[
					1349.7420055859802,
					79.46821100764025
				],
				[
					1360.3639704754146,
					66.43216318878889
				],
				[
					1363.260869990715,
					66.43216318878889
				],
				[
					1368.0890358495487,
					69.3290627040892
				],
				[
					1374.8484680519161,
					67.88061294643906
				],
				[
					1385.4704329413505,
					23.46148704516777
				],
				[
					1375.8141012236829,
					15.253605085150241
				],
				[
					1324.6355431200443,
					0.7691075086487444
				]
			],
			"polygon.shape": 1,
			"polygon.shift": 2,
			"polygon.updates": [
				2
			]
		},
		{
			"polygon.id": "PLG_000001",
			"polygon.name": "building",
			"polygon.points": [
				[
					755.0380452565606,
					126.78457241305523
				],
				[
					800.5032737605793,
					156.15591472096105
				],
				[
					802.1126623801906,
					157.76530334057236
				],
				[
					801.7103152252878,
					167.82398221314284
				],
				[
					769.5225428330622,
					220.1291123505094
				],
				[
					761.0732525801029,
					224.1525838995376
				],
				[
					755.4403924114634,
					224.1525838995376
				]
			],
			"polygon.shape": 1,
			"polygon.shift": 2,
			"polygon.updates": [
				3
			]
		}
	]
}