{
	"info": {
		"info.name": "항공영상 도시건물 변화탐지 데이터",
		"info.id": "TIFF_CHANGE_safe_01",
		"info.date_created": "2021-04-09 09:00:00",
		"info.src_path": "/dataSet/change",
		"info.label_path": "/dataSet/change",
		"info.category": 2,
		"info.type": 1
	},
	"images": {
		"images.id": "2015_KSG_1LB_000014.tif",
		"images.type": "TIF",
		"images.data_captured": "2021-11-15 01:05:06",
		"images.size": 1428,
		"images.width": 1508,
		"images.height": 754,
		"images.h_resolution": 150,
		"images.v_resolution": 150,
		"images.bit": 24
	},
	"annotations": [
		{
			"polygon.id": "PLG_000000",
			"polygon.name": "building",
			"polygon.points": [
				[
					1096.1472226812941,
					163.11862792150305
				],
				[
					992.2075409980656,
					164.51566665380452
				],
				[
					992.068060651033,
					415.5436330168285
				],
				[
					1090.3078243064715,
					412.86131865080966
				],
				[
					1094.3312958554995,
					404.8143755527533
				]
			],
			"polygon.shape": 0,
			"polygon.shift": 2,
			"polygon.updates": [
				3
			]
		},
		{
			"polygon.id": "PLG_000001",
			"polygon.name": "building",
			"polygon.points": [
				[
					1014.3889781205917,
					753.0434037527646
				],
				[
					1014.1561383318748,
					659.2089688998501
				],
				[
					907.0498355220964,
					662.9344055193206
				],
				[
					907.2826753108134,
					677.6033122084859
				],
				[
					909.1453936205486,
					677.370472419769
				],
				[
					909.1453936205486,
					686.9169037571623
				],
				[
					906.5841559446626,
					686.6840639684453
				],
				[
					909.1453936205486,
					753.0434037527646
				]
			],
			"polygon.shape": 1,
			"polygon.shift": 2,
			"polygon.updates": [
				3
			]
		}
	]
}