{
	"info": {
		"info.name": "항공영상 도시건물 변화탐지 데이터",
		"info.id": "TIFF_CHANGE_safe_01",
		"info.date_created": "2021-04-09 09:00:00",
		"info.src_path": "/dataSet/change",
		"info.label_path": "/dataSet/change",
		"info.category": 2,
		"info.type": 1
	},
	"images": {
		"images.id": "2015_DMG_1LB_000093.tif",
		"images.type": "TIF",
		"images.data_captured": "2021-11-15 01:04:42",
		"images.size": 1485,
		"images.width": 1508,
		"images.height": 754,
		"images.h_resolution": 150,
		"images.v_resolution": 150,
		"images.bit": 24
	},
	"annotations": [
		{
			"polygon.id": "PLG_000000",
			"polygon.name": "building",
			"polygon.points": [
				[
					1094.5184838032658,
					29.72957445651859
				],
				[
					1121.4135889008032,
					120.9851074611823
				],
				[
					1111.92952976777,
					125.7271370276989
				],
				[
					1116.078805638472,
					173.74018638867963
				],
				[
					1015.310677349994,
					202.19236378777933
				],
				[
					973.225164947159,
					67.6372748378704
				],
				[
					979.1527019053048,
					62.89524527135377
				]
			],
			"polygon.shape": 0,
			"polygon.shift": 2,
			"polygon.updates": [
				2
			]
		}
	]
}