{
	"info": {
		"info.name": "항공영상 도시건물 변화탐지 데이터",
		"info.id": "TIFF_CHANGE_safe_01",
		"info.date_created": "2021-04-09 09:00:00",
		"info.src_path": "/dataSet/change",
		"info.label_path": "/dataSet/change",
		"info.category": 2,
		"info.type": 1
	},
	"images": {
		"images.id": "2015_EPG_1LB_000018.tif",
		"images.type": "TIF",
		"images.data_captured": "2021-11-15 01:04:44",
		"images.size": 1312,
		"images.width": 1508,
		"images.height": 754,
		"images.h_resolution": 150,
		"images.v_resolution": 150,
		"images.bit": 24
	},
	"annotations": [
		{
			"polygon.id": "PLG_000000",
			"polygon.name": "building",
			"polygon.points": [
				[
					1211.2396123269732,
					306.9778563411897
				],
				[
					1254.7636840628506,
					310.28348204264876
				],
				[
					1276.801188739244,
					324.0569224653947
				],
				[
					1277.903063973064,
					328.4644234006734
				],
				[
					1309.8574457538346,
					331.2191114852226
				],
				[
					1310.9593209876543,
					347.19630237560796
				],
				[
					1326.9365118780397,
					349.4000528432473
				],
				[
					1328.589324728769,
					362.0716180321736
				],
				[
					1330.7930751964084,
					367.580994201272
				],
				[
					1326.3855742611297,
					429.286007295174
				],
				[
					1269.6389997194162,
					426.5313192106248
				],
				[
					1267.435249251777,
					467.3007028619529
				],
				[
					1245.3977445753833,
					468.4025780957726
				],
				[
					1244.2958693415637,
					497.0513341750842
				],
				[
					1196.3642966704076,
					492.64383323980553
				],
				[
					1195.8133590534978,
					483.27789375233823
				],
				[
					1201.3227352225963,
					396.22975028058363
				]
			],
			"polygon.shape": 0,
			"polygon.shift": 2,
			"polygon.updates": [
				3
			]
		}
	]
}