{
	"info": {
		"info.name": "항공영상 도시건물 변화탐지 데이터",
		"info.id": "TIFF_CHANGE_safe_01",
		"info.date_created": "2021-04-09 09:00:00",
		"info.src_path": "/dataSet/change",
		"info.label_path": "/dataSet/change",
		"info.category": 2,
		"info.type": 1
	},
	"images": {
		"images.id": "2015_DMG_1LB_000042.tif",
		"images.type": "TIF",
		"images.data_captured": "2021-11-15 01:04:40",
		"images.size": 1517,
		"images.width": 1508,
		"images.height": 754,
		"images.h_resolution": 150,
		"images.v_resolution": 150,
		"images.bit": 24
	},
	"annotations": [
		{
			"polygon.id": "PLG_000000",
			"polygon.name": "building",
			"polygon.points": [
				[
					1270.569917993328,
					579.343919052725
				],
				[
					1412.2380512930117,
					559.1902933950295
				],
				[
					1415.2018197720847,
					561.5613081782877
				],
				[
					1418.758341946972,
					608.3888501476393
				],
				[
					1418.1655882511577,
					625.578707326262
				],
				[
					1426.4641399925617,
					632.6917516760369
				],
				[
					1426.4641399925617,
					646.9178403755868
				],
				[
					1424.685878905118,
					663.5149438583949
				],
				[
					1408.0887754223097,
					664.1076975542095
				],
				[
					1408.0887754223097,
					696.1163971281967
				],
				[
					1351.777174319925,
					701.4511803905278
				],
				[
					1353.5554354073688,
					715.0845153942631
				],
				[
					1291.9090510426527,
					721.0120523524089
				]
			],
			"polygon.shape": 0,
			"polygon.shift": 2,
			"polygon.updates": [
				2
			]
		}
	]
}