{
	"info": {
		"info.name": "항공영상 도시건물 변화탐지 데이터",
		"info.id": "TIFF_CHANGE_safe_01",
		"info.date_created": "2021-04-09 09:00:00",
		"info.src_path": "/dataSet/change",
		"info.label_path": "/dataSet/change",
		"info.category": 2,
		"info.type": 1
	},
	"images": {
		"images.id": "2015_KSG_1LB_000109.tif",
		"images.type": "TIF",
		"images.data_captured": "2021-11-15 01:05:14",
		"images.size": 1645,
		"images.width": 1508,
		"images.height": 754,
		"images.h_resolution": 150,
		"images.v_resolution": 150,
		"images.bit": 24
	},
	"annotations": [
		{
			"polygon.id": "PLG_000000",
			"polygon.name": "building",
			"polygon.points": [
				[
					1124.43834477936,
					189.6690016464141
				],
				[
					1020.3687845751132,
					250.9622593889165
				],
				[
					1019.251153589272,
					257.38863755750316
				],
				[
					1071.9251019519663,
					346.56888444171307
				],
				[
					1076.283862796747,
					350.5923559907413
				],
				[
					1102.4364278654302,
					334.4984697946285
				],
				[
					1105.7893208229536,
					337.5160734563997
				],
				[
					1185.5881732120129,
					293.59317571284186
				],
				[
					1185.9234625077652,
					286.88738979779487
				]
			],
			"polygon.shape": 0,
			"polygon.shift": 2,
			"polygon.updates": [
				1,
				3
			]
		},
		{
			"polygon.id": "PLG_000001",
			"polygon.name": "building",
			"polygon.points": [
				[
					758.5194842404841,
					742.5917753589969
				],
				[
					801.2353405193335,
					718.9203510788809
				],
				[
					757.3459717053511,
					640.9655898164597
				]
			],
			"polygon.shape": 1,
			"polygon.shift": 2,
			"polygon.updates": [
				3
			]
		},
		{
			"polygon.id": "PLG_000002",
			"polygon.name": "building",
			"polygon.points": [
				[
					1202.3476583366557,
					751.8156296145486
				],
				[
					1197.9218396327246,
					746.1827694459091
				],
				[
					1206.7734770405868,
					740.5499092772695
				],
				[
					1205.9687827307812,
					726.8701060105737
				],
				[
					1177.8044818875837,
					683.818960435972
				],
				[
					1166.5387615503048,
					690.2565149144172
				],
				[
					1129.9251704541482,
					625.4786229750632
				],
				[
					1026.1196044892208,
					683.0142661261664
				],
				[
					1025.7172573343178,
					687.4400848300974
				],
				[
					1063.4349286274842,
					752.3906978115937
				]
			],
			"polygon.shape": 1,
			"polygon.shift": 2,
			"polygon.updates": [
				3
			]
		}
	]
}