{
	"info": {
		"info.name": "항공영상 도시건물 변화탐지 데이터",
		"info.id": "TIFF_CHANGE_safe_01",
		"info.date_created": "2021-04-09 09:00:00",
		"info.src_path": "/dataSet/change",
		"info.label_path": "/dataSet/change",
		"info.category": 2,
		"info.type": 1
	},
	"images": {
		"images.id": "2015_EPG_1LB_000039.tif",
		"images.type": "TIF",
		"images.data_captured": "2021-11-15 01:04:46",
		"images.size": 1739,
		"images.width": 1508,
		"images.height": 754,
		"images.h_resolution": 150,
		"images.v_resolution": 150,
		"images.bit": 24
	},
	"annotations": [
		{
			"polygon.id": "PLG_000000",
			"polygon.name": "building",
			"polygon.points": [
				[
					652.0047377842209,
					137.11795155775866
				],
				[
					652.7699289188179,
					144.00467176913168
				],
				[
					663.482604803176,
					153.18696538429566
				],
				[
					658.8914579955939,
					158.54330332647464
				],
				[
					748.4188207434428,
					239.65356359375653
				],
				[
					753.0099675510248,
					240.801350295652
				],
				[
					751.0969897145322,
					86.99793224165523
				],
				[
					737.3235492917863,
					73.60708738620775
				],
				[
					702.5073526676229,
					109.5710707122667
				],
				[
					691.0294856486678,
					99.62358596250571
				]
			],
			"polygon.shape": 1,
			"polygon.shift": 2,
			"polygon.updates": [
				4
			]
		}
	]
}