{
	"info": {
		"info.name": "항공영상 도시건물 변화탐지 데이터",
		"info.id": "TIFF_CHANGE_safe_01",
		"info.date_created": "2021-04-09 09:00:00",
		"info.src_path": "/dataSet/change",
		"info.label_path": "/dataSet/change",
		"info.category": 2,
		"info.type": 1
	},
	"images": {
		"images.id": "2015_EPG_1LB_000075.tif",
		"images.type": "TIF",
		"images.data_captured": "2021-11-15 01:04:48",
		"images.size": 1445,
		"images.width": 1508,
		"images.height": 754,
		"images.h_resolution": 150,
		"images.v_resolution": 150,
		"images.bit": 24
	},
	"annotations": [
		{
			"polygon.id": "PLG_000000",
			"polygon.name": "building",
			"polygon.points": [
				[
					651.6297230146112,
					332.14085041948977
				],
				[
					752.8341278526002,
					333.2837612233445
				],
				[
					754.2114718948746,
					438.88013779773036
				],
				[
					704.167971692231,
					437.961908436214
				],
				[
					702.7906276499564,
					441.63482588227953
				],
				[
					665.143223827784,
					440.7165965207631
				],
				[
					663.7658797855095,
					451.2762341782018
				],
				[
					653.6653568088291,
					451.7353488589599
				]
			],
			"polygon.shape": 1,
			"polygon.shift": 2,
			"polygon.updates": [
				1,
				3,
				0,
				4
			]
		},
		{
			"polygon.id": "PLG_000001",
			"polygon.name": "building",
			"polygon.points": [
				[
					654.2929061178788,
					452.96546256949466
				],
				[
					663.5183007768898,
					452.41193888995406
				],
				[
					666.285919174593,
					450.56685995815184
				],
				[
					670.8986165040985,
					450.38235206497166
				],
				[
					672.3746796495402,
					444.4780994832047
				],
				[
					753.7426605420162,
					443.37105212412337
				],
				[
					753.0932395197026,
					570.1514202897652
				],
				[
					730.1375054817926,
					570.1514202897652
				],
				[
					678.9703724659345,
					571.1453670239973
				],
				[
					678.3327131871036,
					555.8415443320573
				],
				[
					657.871206020759,
					555.2537513559403
				]
			],
			"polygon.shape": 1,
			"polygon.shift": 2,
			"polygon.updates": [
				0,
				1,
				4,
				3
			]
		},
		{
			"polygon.id": "PLG_000002",
			"polygon.name": "building",
			"polygon.points": [
				[
					753.4582668631829,
					571.6917569455289
				],
				[
					714.8926336794941,
					571.6917569455289
				],
				[
					678.1634592188382,
					571.6917569455289
				],
				[
					676.7861151765635,
					571.2326422647708
				],
				[
					676.3270004958054,
					567.100610137947
				],
				[
					658.4215279462355,
					568.0188394994634
				],
				[
					658.8806426269938,
					706.6714730884396
				],
				[
					693.3142436838586,
					705.294129046165
				],
				[
					698.364505172199,
					710.3443905345052
				],
				[
					754.7552051597286,
					713.0108181189921
				]
			],
			"polygon.shape": 1,
			"polygon.shift": 2,
			"polygon.updates": [
				0,
				1,
				3,
				4
			]
		}
	]
}