{
	"info": {
		"info.name": "항공영상 도시건물 변화탐지 데이터",
		"info.id": "TIFF_CHANGE_safe_01",
		"info.date_created": "2021-04-09 09:00:00",
		"info.src_path": "/dataSet/change",
		"info.label_path": "/dataSet/change",
		"info.category": 2,
		"info.type": 1
	},
	"images": {
		"images.id": "2015_KSG_1LB_000094.tif",
		"images.type": "TIF",
		"images.data_captured": "2021-11-15 01:05:12",
		"images.size": 1537,
		"images.width": 1508,
		"images.height": 754,
		"images.h_resolution": 150,
		"images.v_resolution": 150,
		"images.bit": 24
	},
	"annotations": [
		{
			"polygon.id": "PLG_000000",
			"polygon.name": "building",
			"polygon.points": [
				[
					752.1587897615293,
					330.45014958552747
				],
				[
					750.7676957182944,
					331.2537861433464
				],
				[
					750.0691763521436,
					334.28070339666624
				],
				[
					747.9736182536915,
					336.1434217064015
				],
				[
					744.9467010003716,
					339.4031787484382
				],
				[
					741.686943958335,
					340.5673776920228
				],
				[
					738.6600267050151,
					340.3345379033059
				],
				[
					737.0301481839967,
					338.0061400161368
				],
				[
					720.2656833963792,
					354.0720854376035
				],
				[
					721.1970425512468,
					360.8244393103939
				],
				[
					685.1068753001259,
					396.9146065615149
				],
				[
					684.8740355114089,
					399.4758442374009
				],
				[
					752.4674261759277,
					461.14703248916794
				]
			],
			"polygon.shape": 1,
			"polygon.shift": 2,
			"polygon.updates": [
				4,
				1,
				3
			]
		}
	]
}