{
	"info": {
		"info.name": "항공영상 도시건물 변화탐지 데이터",
		"info.id": "TIFF_CHANGE_safe_01",
		"info.date_created": "2021-04-09 09:00:00",
		"info.src_path": "/dataSet/change",
		"info.label_path": "/dataSet/change",
		"info.category": 2,
		"info.type": 1
	},
	"images": {
		"images.id": "2015_DMG_1LB_000041.tif",
		"images.type": "TIF",
		"images.data_captured": "2021-11-15 01:04:40",
		"images.size": 1691,
		"images.width": 1508,
		"images.height": 754,
		"images.h_resolution": 150,
		"images.v_resolution": 150,
		"images.bit": 24
	},
	"annotations": [
		{
			"polygon.id": "PLG_000000",
			"polygon.name": "building",
			"polygon.points": [
				[
					1052.2868868350324,
					1.4911849401929018
				],
				[
					1024.2957400882328,
					89.58097029041474
				],
				[
					912.331153101035,
					67.35270669736809
				],
				[
					928.7965335403288,
					18.77983440145139
				],
				[
					937.0292237599757,
					2.314453962157586
				]
			],
			"polygon.shape": 1,
			"polygon.shift": 2,
			"polygon.updates": [
				1,
				3
			]
		},
		{
			"polygon.id": "PLG_000001",
			"polygon.name": "building",
			"polygon.points": [
				[
					819.9903346698331,
					285.37328464424786
				],
				[
					851.9990342438202,
					294.8573437772811
				],
				[
					850.8135268521911,
					301.97038812705597
				],
				[
					866.8178766391848,
					307.30517138938717
				],
				[
					863.2613544642973,
					320.93850639312245
				],
				[
					878.0801968596616,
					326.8660433512682
				],
				[
					841.329467719158,
					434.7472159895211
				],
				[
					779.683083354442,
					414.00083663601094
				]
			],
			"polygon.shape": 0,
			"polygon.shift": 0
		},
		{
			"polygon.id": "PLG_000002",
			"polygon.name": "building",
			"polygon.points": [
				[
					130.8475282859195,
					299.40612615490295
				],
				[
					270.26319754150785,
					320.74525920422775
				],
				[
					268.12928423657536,
					374.0930918275396
				],
				[
					257.45971771191296,
					386.8965716571345
				],
				[
					220.47188709308344,
					382.6287450472695
				],
				[
					219.76058265810596,
					392.58700713695436
				],
				[
					207.6684072634886,
					397.5661381817968
				],
				[
					177.08231655945644,
					478.65484376923087
				],
				[
					143.65100811551434,
					473.6757127243884
				],
				[
					94.57100210206744,
					458.7383195898611
				]
			],
			"polygon.shape": 0,
			"polygon.shift": 2,
			"polygon.updates": [
				4
			]
		},
		{
			"polygon.id": "PLG_000003",
			"polygon.name": "building",
			"polygon.points": [
				[
					210.2188940129078,
					391.42805706473126
				],
				[
					232.87032172522464,
					398.8061978815591
				],
				[
					241.40597494495452,
					388.84793579187425
				],
				[
					265.5903257341892,
					386.71402248694176
				],
				[
					278.3938055637841,
					400.9401111864916
				],
				[
					290.4859809584014,
					446.46359502505106
				],
				[
					255.63206364450437,
					517.5940385228002
				],
				[
					242.8285838149095,
					514.0375163479127
				],
				[
					230.02510398531467,
					511.9036030429803
				],
				[
					222.91205963553975,
					503.3679498232504
				],
				[
					195.88249110639507,
					494.120992168543
				],
				[
					178.81118466693528,
					469.9366413793083
				]
			],
			"polygon.shape": 0,
			"polygon.shift": 2,
			"polygon.updates": [
				4
			]
		}
	]
}