{
	"info": {
		"info.name": "항공영상 도시건물 변화탐지 데이터",
		"info.id": "TIFF_CHANGE_safe_01",
		"info.date_created": "2021-04-09 09:00:00",
		"info.src_path": "/dataSet/change",
		"info.label_path": "/dataSet/change",
		"info.category": 2,
		"info.type": 1
	},
	"images": {
		"images.id": "2015_KSG_1LB_000103.tif",
		"images.type": "TIF",
		"images.data_captured": "2021-11-15 01:05:12",
		"images.size": 1553,
		"images.width": 1508,
		"images.height": 754,
		"images.h_resolution": 150,
		"images.v_resolution": 150,
		"images.bit": 24
	},
	"annotations": [
		{
			"polygon.id": "PLG_000000",
			"polygon.name": "building",
			"polygon.points": [
				[
					1063.6121792738645,
					753.4232321990452
				],
				[
					1043.0924743738208,
					723.2471955813337
				],
				[
					1004.869494658053,
					746.5833305656972
				],
				[
					1000.8460231090248,
					740.9504703970578
				],
				[
					981.9357068285922,
					752.6185378892395
				]
			],
			"polygon.shape": 1,
			"polygon.shift": 2,
			"polygon.updates": [
				4,
				3
			]
		},
		{
			"polygon.id": "PLG_000001",
			"polygon.name": "building",
			"polygon.points": [
				[
					1248.7547319611324,
					752.2279781540891
				],
				[
					1286.9777116769003,
					734.1223561834622
				],
				[
					1289.79414176122,
					728.8918431697256
				],
				[
					1232.6608457650195,
					625.0862772047981
				],
				[
					1213.750529484587,
					623.4768885851868
				],
				[
					1125.6365025608695,
					674.1726301029421
				],
				[
					1129.6599741098978,
					681.4148788911928
				],
				[
					1097.874548872575,
					699.9228480167226
				],
				[
					1113.163740758882,
					727.6848017050171
				],
				[
					1126.4411968706752,
					752.2279781540891
				]
			],
			"polygon.shape": 1,
			"polygon.shift": 2,
			"polygon.updates": [
				4,
				1,
				3
			]
		},
		{
			"polygon.id": "PLG_000002",
			"polygon.name": "building",
			"polygon.points": [
				[
					755.1477490129402,
					206.9013168729745
				],
				[
					845.2735117111717,
					207.70601118278012
				],
				[
					845.2735117111717,
					206.49896971807166
				],
				[
					885.9105743563566,
					205.2919282533632
				],
				[
					885.9105743563566,
					195.63559653569553
				],
				[
					889.531698750482,
					194.42855507098707
				],
				[
					889.1293515955791,
					142.52577208852335
				],
				[
					890.7387402151904,
					134.07648183556412
				],
				[
					892.3481288348016,
					125.62719158260491
				],
				[
					891.5434345249961,
					114.36147124532596
				],
				[
					888.7270044406764,
					111.1426940061034
				],
				[
					883.0941442720368,
					105.91218099236674
				],
				[
					873.4378125543692,
					100.68166797863009
				],
				[
					754.7454018580374,
					100.68166797863009
				]
			],
			"polygon.shape": 1,
			"polygon.shift": 2,
			"polygon.updates": [
				3
			]
		}
	]
}