{
	"info": {
		"info.name": "항공영상 도시건물 변화탐지 데이터",
		"info.id": "TIFF_CHANGE_safe_01",
		"info.date_created": "2021-04-09 09:00:00",
		"info.src_path": "/dataSet/change",
		"info.label_path": "/dataSet/change",
		"info.category": 2,
		"info.type": 1
	},
	"images": {
		"images.id": "2015_EPG_1LB_000088.tif",
		"images.type": "TIF",
		"images.data_captured": "2021-11-15 01:04:50",
		"images.size": 1456,
		"images.width": 1508,
		"images.height": 754,
		"images.h_resolution": 150,
		"images.v_resolution": 150,
		"images.bit": 24
	},
	"annotations": [
		{
			"polygon.id": "PLG_000000",
			"polygon.name": "building",
			"polygon.points": [
				[
					753.7697521511409,
					414.47133885147775
				],
				[
					652.3972306397305,
					384.1697699214366
				],
				[
					649.6425425551813,
					385.82258277216613
				],
				[
					602.2619075009352,
					525.7607374672652
				],
				[
					611.6278469884024,
					529.6173007856341
				],
				[
					637.5219149831648,
					537.3304274223719
				],
				[
					753.7697521511409,
					579.2016863075197
				]
			],
			"polygon.shape": 1,
			"polygon.shift": 2,
			"polygon.updates": [
				4
			]
		}
	]
}