{
	"info": {
		"info.name": "항공영상 도시건물 변화탐지 데이터",
		"info.id": "TIFF_CHANGE_safe_01",
		"info.date_created": "2021-04-09 09:00:00",
		"info.src_path": "/dataSet/change",
		"info.label_path": "/dataSet/change",
		"info.category": 2,
		"info.type": 1
	},
	"images": {
		"images.id": "2015_EPG_1LB_000050.tif",
		"images.type": "TIF",
		"images.data_captured": "2021-11-15 01:04:46",
		"images.size": 1530,
		"images.width": 1508,
		"images.height": 754,
		"images.h_resolution": 150,
		"images.v_resolution": 150,
		"images.bit": 24
	},
	"annotations": [
		{
			"polygon.id": "PLG_000000",
			"polygon.name": "building",
			"polygon.points": [
				[
					1195.0627313407567,
					541.6816428343795
				],
				[
					1344.2573735035542,
					518.0323608772915
				],
				[
					1347.9302909496198,
					518.0323608772915
				],
				[
					1363.5401900953984,
					635.5657191513906
				],
				[
					1374.5589424335953,
					690.6594808423745
				],
				[
					1384.2003507295176,
					715.4516736033172
				],
				[
					1384.2003507295176,
					723.2566231762066
				],
				[
					1343.798258822796,
					722.3383938146902
				],
				[
					1308.9055430851727,
					725.5521965799976
				],
				[
					1262.0758456478366,
					733.8162608336452
				],
				[
					1232.2333913985535,
					743.4576691295674
				],
				[
					1228.1013592717297,
					742.9985544488092
				],
				[
					1224.8875565064222,
					738.8665223219854
				],
				[
					1225.3430449615034,
					696.0844606104773
				],
				[
					1220.2964096988403,
					647.9618155318619
				],
				[
					1212.950574806709,
					606.6414942636239
				],
				[
					1201.9318224685123,
					562.1073702300786
				]
			],
			"polygon.shape": 0,
			"polygon.shift": 0
		}
	]
}