{
	"info": {
		"info.name": "항공영상 도시건물 변화탐지 데이터",
		"info.id": "TIFF_CHANGE_safe_01",
		"info.date_created": "2021-04-09 09:00:00",
		"info.src_path": "/dataSet/change",
		"info.label_path": "/dataSet/change",
		"info.category": 2,
		"info.type": 1
	},
	"images": {
		"images.id": "2015_DMG_1LB_000065.tif",
		"images.type": "TIF",
		"images.data_captured": "2021-11-15 01:04:40",
		"images.size": 1558,
		"images.width": 1508,
		"images.height": 754,
		"images.h_resolution": 150,
		"images.v_resolution": 150,
		"images.bit": 24
	},
	"annotations": [
		{
			"polygon.id": "PLG_000000",
			"polygon.name": "building",
			"polygon.points": [
				[
					1468.592216852786,
					680.5381041555306
				],
				[
					1476.9895608768256,
					660.2856862151992
				],
				[
					1481.9291750086138,
					659.2977633888416
				],
				[
					1506.6272456675547,
					578.782053040695
				],
				[
					1507.1212070807335,
					539.7591013995686
				],
				[
					1397.4617733550367,
					521.4825291119525
				],
				[
					1391.0402749837122,
					524.9402590042042
				],
				[
					1377.2093554147054,
					565.445094884867
				],
				[
					1371.7757798697385,
					590.1431655438076
				],
				[
					1364.2750849870083,
					607.6489764684868
				],
				[
					1353.4062835170507,
					641.5693105534564
				],
				[
					1380.8573734694019,
					655.5336035460017
				]
			],
			"polygon.shape": 1,
			"polygon.shift": 2,
			"polygon.updates": [
				1,
				3
			]
		}
	]
}