{
	"info": {
		"info.name": "항공영상 도시건물 변화탐지 데이터",
		"info.id": "TIFF_CHANGE_safe_01",
		"info.date_created": "2021-04-09 09:00:00",
		"info.src_path": "/dataSet/change",
		"info.label_path": "/dataSet/change",
		"info.category": 2,
		"info.type": 1
	},
	"images": {
		"images.id": "2015_DMG_1LB_000043.tif",
		"images.type": "TIF",
		"images.data_captured": "2021-11-15 01:04:40",
		"images.size": 1581,
		"images.width": 1508,
		"images.height": 754,
		"images.h_resolution": 150,
		"images.v_resolution": 150,
		"images.bit": 24
	},
	"annotations": [
		{
			"polygon.id": "PLG_000000",
			"polygon.name": "building",
			"polygon.points": [
				[
					861.1686542437063,
					289.61478961790857
				],
				[
					999.8730190643173,
					273.01768613510046
				],
				[
					1006.3933097182776,
					289.022035922094
				],
				[
					1026.5123542350702,
					286.1537589656084
				],
				[
					1035.438240813192,
					417.0568342180426
				],
				[
					1012.913600372238,
					420.6133563929301
				],
				[
					1015.2846151554962,
					450.8437948794734
				],
				[
					882.507787293031,
					468.6264057539108
				],
				[
					873.6164818558125,
					420.02060269711546
				],
				[
					868.8744522892957,
					378.5278439900951
				]
			],
			"polygon.shape": 0,
			"polygon.shift": 2,
			"polygon.updates": [
				3
			]
		},
		{
			"polygon.id": "PLG_000001",
			"polygon.name": "building",
			"polygon.points": [
				[
					1268.9845068180798,
					52.83549763699624
				],
				[
					1410.059886421949,
					33.27462567511522
				],
				[
					1414.209162292651,
					38.016655241631824
				],
				[
					1417.172930771724,
					97.88477851890404
				],
				[
					1423.6932214256842,
					107.36883765193727
				],
				[
					1423.1004677298697,
					135.82101505103694
				],
				[
					1405.910610551247,
					137.59927613848066
				],
				[
					1406.5033642470617,
					169.0152220166532
				],
				[
					1351.3772705363058,
					176.12826636642814
				],
				[
					1353.1555316237495,
					189.1688476743488
				],
				[
					1289.1381324757754,
					196.28189202412372
				]
			],
			"polygon.shape": 0,
			"polygon.shift": 2,
			"polygon.updates": [
				2
			]
		}
	]
}