{
	"info": {
		"info.name": "항공영상 도시건물 변화탐지 데이터",
		"info.id": "TIFF_CHANGE_safe_01",
		"info.date_created": "2021-04-09 09:00:00",
		"info.src_path": "/dataSet/change",
		"info.label_path": "/dataSet/change",
		"info.category": 2,
		"info.type": 1
	},
	"images": {
		"images.id": "2015_KSG_1LB_000097.tif",
		"images.type": "TIF",
		"images.data_captured": "2021-11-15 01:05:12",
		"images.size": 1334,
		"images.width": 1508,
		"images.height": 754,
		"images.h_resolution": 150,
		"images.v_resolution": 150,
		"images.bit": 24
	},
	"annotations": [
		{
			"polygon.id": "PLG_000000",
			"polygon.name": "building",
			"polygon.points": [
				[
					823.3841029137718,
					4.07965506838606
				],
				[
					893.2026498162707,
					66.97783090655633
				],
				[
					899.4792654327546,
					60.218398704188964
				],
				[
					1205.4626673477294,
					341.1693700297299
				],
				[
					1231.2128852615099,
					312.60272203162975
				],
				[
					1241.2715641340803,
					321.05201228458895
				],
				[
					1249.3185072321367,
					322.25905374929744
				],
				[
					1364.5668262825004,
					195.16241568135544
				],
				[
					1349.1166955342321,
					184.540450791921
				],
				[
					1376.1544243437015,
					156.05427222480137
				],
				[
					1380.9896536303663,
					158.2149658571084
				],
				[
					1391.6071479958573,
					146.20043275931587
				],
				[
					1396.915895178603,
					147.03865599869675
				],
				[
					1405.8569430653322,
					137.53879261904683
				],
				[
					1410.6068747551572,
					141.7299088159512
				],
				[
					1416.7538451772837,
					136.97997712612624
				],
				[
					1269.9328978293013,
					1.3599275182441417
				]
			],
			"polygon.shape": 1,
			"polygon.shift": 0
		}
	]
}