{
	"info": {
		"info.name": "항공영상 도시건물 변화탐지 데이터",
		"info.id": "TIFF_CHANGE_safe_01",
		"info.date_created": "2021-04-09 09:00:00",
		"info.src_path": "/dataSet/change",
		"info.label_path": "/dataSet/change",
		"info.category": 2,
		"info.type": 1
	},
	"images": {
		"images.id": "2015_EPG_1LB_000032.tif",
		"images.type": "TIF",
		"images.data_captured": "2021-11-15 01:04:46",
		"images.size": 1597,
		"images.width": 1508,
		"images.height": 754,
		"images.h_resolution": 150,
		"images.v_resolution": 150,
		"images.bit": 24
	},
	"annotations": [
		{
			"polygon.id": "PLG_000000",
			"polygon.name": "building",
			"polygon.points": [
				[
					1097.7097928357653,
					243.6847325102881
				],
				[
					1108.1776075570522,
					321.3669364945754
				],
				[
					1103.2191690048635,
					322.4688117283951
				],
				[
					1111.4832332585113,
					363.2381953797232
				],
				[
					1186.9616867751593,
					350.5666301907969
				],
				[
					1185.3088739244297,
					331.8347512158624
				],
				[
					1243.7082613168727,
					322.4688117283951
				],
				[
					1245.912011784512,
					317.51037317620654
				],
				[
					1231.5876337448562,
					221.0962902169847
				]
			],
			"polygon.shape": 0,
			"polygon.shift": 2,
			"polygon.updates": [
				1,
				3
			]
		},
		{
			"polygon.id": "PLG_000001",
			"polygon.name": "building",
			"polygon.points": [
				[
					1317.8781101758334,
					292.72512663673785
				],
				[
					1331.7617381219613,
					292.72512663673785
				],
				[
					1348.2898666292565,
					354.8708898241677
				],
				[
					1361.5123694350928,
					353.5486395435841
				],
				[
					1362.1734945753844,
					356.1931401047513
				],
				[
					1502.9931494575394,
					327.1036339319118
				],
				[
					1494.3985226337459,
					290.0806260755706
				],
				[
					1466.63126674149,
					198.84535671530125
				],
				[
					1418.8759727825243,
					205.86958595471182
				],
				[
					1417.7080063598962,
					200.82873213617668
				],
				[
					1296.7221056864955,
					227.93486288814077
				]
			],
			"polygon.shape": 0,
			"polygon.shift": 2,
			"polygon.updates": [
				2
			]
		}
	]
}