{
	"info": {
		"info.name": "항공영상 도시건물 변화탐지 데이터",
		"info.id": "TIFF_CHANGE_safe_01",
		"info.date_created": "2021-04-09 09:00:00",
		"info.src_path": "/dataSet/change",
		"info.label_path": "/dataSet/change",
		"info.category": 2,
		"info.type": 1
	},
	"images": {
		"images.id": "2015_EPG_1LB_000318.tif",
		"images.type": "TIF",
		"images.data_captured": "2021-11-15 01:05:04",
		"images.size": 1728,
		"images.width": 1508,
		"images.height": 754,
		"images.h_resolution": 150,
		"images.v_resolution": 150,
		"images.bit": 24
	},
	"annotations": [
		{
			"polygon.id": "PLG_000000",
			"polygon.name": "building",
			"polygon.points": [
				[
					756.3117652741096,
					320.4773437902988
				],
				[
					841.6340892121971,
					336.6630149442517
				],
				[
					843.6458249867111,
					341.49118080308557
				],
				[
					820.7120371572504,
					490.35962811712886
				],
				[
					815.0791769886109,
					494.383099666157
				],
				[
					757.2841042317914,
					486.2667242299773
				]
			],
			"polygon.shape": 1,
			"polygon.shift": 0
		}
	]
}