{
	"info": {
		"info.name": "항공영상 도시건물 변화탐지 데이터",
		"info.id": "TIFF_CHANGE_safe_01",
		"info.date_created": "2021-04-09 09:00:00",
		"info.src_path": "/dataSet/change",
		"info.label_path": "/dataSet/change",
		"info.category": 2,
		"info.type": 1
	},
	"images": {
		"images.id": "2015_DMG_1LB_000006.tif",
		"images.type": "TIF",
		"images.data_captured": "2021-11-15 01:04:36",
		"images.size": 1405,
		"images.width": 1508,
		"images.height": 754,
		"images.h_resolution": 150,
		"images.v_resolution": 150,
		"images.bit": 24
	},
	"annotations": [
		{
			"polygon.id": "PLG_000000",
			"polygon.name": "building",
			"polygon.points": [
				[
					1278.6003143583885,
					1.339006377080171
				],
				[
					1185.4523339255084,
					118.61858795837477
				],
				[
					1112.5748984572965,
					63.11590531702136
				],
				[
					1161.8033648000624,
					1.339006377080171
				]
			],
			"polygon.shape": 1,
			"polygon.shift": 0
		},
		{
			"polygon.id": "PLG_000001",
			"polygon.name": "building",
			"polygon.points": [
				[
					1505.711225742042,
					122.50917865124282
				],
				[
					1363.25970838292,
					311.86462792176883
				],
				[
					1357.2549938059578,
					306.8606991076336
				],
				[
					1316.222777530049,
					360.90313030029415
				],
				[
					1362.258922620093,
					397.9322035248949
				],
				[
					1328.2322066839733,
					435.9620625123227
				],
				[
					1285.1984188824104,
					402.9361323390301
				],
				[
					1279.1937043054481,
					405.9384896275113
				],
				[
					1040.0059069897839,
					221.79390926733458
				],
				[
					874.2452070577413,
					431.95420535975745
				],
				[
					1294.5283095194916,
					752.0488608804271
				],
				[
					1507.5605668651226,
					752.3632284548488
				],
				[
					1507.7444724618872,
					582.4858609783505
				],
				[
					1491.3714268675144,
					561.8134503743107
				],
				[
					1505.0807185484798,
					547.0114812218509
				]
			],
			"polygon.shape": 1,
			"polygon.shift": 2,
			"polygon.updates": [
				3
			]
		}
	]
}