{
	"info": {
		"info.name": "항공영상 도시건물 변화탐지 데이터",
		"info.id": "TIFF_CHANGE_safe_01",
		"info.date_created": "2021-04-09 09:00:00",
		"info.src_path": "/dataSet/change",
		"info.label_path": "/dataSet/change",
		"info.category": 2,
		"info.type": 1
	},
	"images": {
		"images.id": "2015_EPG_1LB_000307.tif",
		"images.type": "TIF",
		"images.data_captured": "2021-11-15 01:05:04",
		"images.size": 1476,
		"images.width": 1508,
		"images.height": 754,
		"images.h_resolution": 150,
		"images.v_resolution": 150,
		"images.bit": 24
	},
	"annotations": [
		{
			"polygon.id": "PLG_000000",
			"polygon.name": "building",
			"polygon.points": [
				[
					1326.2106938838142,
					272.197984124193
				],
				[
					1082.032911359208,
					247.5911474141675
				],
				[
					1065.7286423063204,
					320.1510093961718
				],
				[
					1058.897731527381,
					328.1042605149409
				],
				[
					1055.5180154261973,
					333.41524295965814
				],
				[
					1053.5867490826638,
					374.4546527597457
				],
				[
					1303.4926139359031,
					405.5480408906357
				],
				[
					1311.603932578744,
					404.9686609875757
				]
			],
			"polygon.shape": 0,
			"polygon.shift": 2,
			"polygon.updates": [
				4,
				3,
				1
			]
		},
		{
			"polygon.id": "PLG_000001",
			"polygon.name": "building",
			"polygon.points": [
				[
					1406.3561527167951,
					751.0554310375422
				],
				[
					1406.3561527167951,
					744.5359169534688
				],
				[
					1373.5257425077107,
					744.0702373760349
				],
				[
					1373.292902718994,
					740.5776405452813
				],
				[
					1365.376349902619,
					740.1119609678475
				],
				[
					1364.2121509590345,
					737.0850437145276
				],
				[
					1305.6389737094087,
					725.042569842089
				],
				[
					1305.6389737094087,
					721.0190982930609
				],
				[
					1286.5274838515247,
					711.6309980119951
				],
				[
					1282.1687230067441,
					707.2722371672145
				],
				[
					1266.7454154021361,
					703.9193442096911
				],
				[
					1259.3690508955845,
					705.2605013927005
				],
				[
					1249.310372023014,
					751.1951349107724
				]
			],
			"polygon.shape": 1,
			"polygon.shift": 2,
			"polygon.updates": [
				1,
				3
			]
		}
	]
}