{
	"info": {
		"info.name": "항공영상 도시건물 변화탐지 데이터",
		"info.id": "TIFF_CHANGE_safe_01",
		"info.date_created": "2021-04-09 09:00:00",
		"info.src_path": "/dataSet/change",
		"info.label_path": "/dataSet/change",
		"info.category": 2,
		"info.type": 1
	},
	"images": {
		"images.id": "2015_EPG_1LB_000061.tif",
		"images.type": "TIF",
		"images.data_captured": "2021-11-15 01:04:48",
		"images.size": 1496,
		"images.width": 1508,
		"images.height": 754,
		"images.h_resolution": 150,
		"images.v_resolution": 150,
		"images.bit": 24
	},
	"annotations": [
		{
			"polygon.id": "PLG_000000",
			"polygon.name": "building",
			"polygon.points": [
				[
					753.6052740106829,
					3.620546540507945
				],
				[
					823.7329110148082,
					3.5758463977038026
				],
				[
					831.2262627042023,
					85.46539029700294
				],
				[
					838.9393893409401,
					128.4385244159704
				],
				[
					852.7128297636862,
					179.67572278858546
				],
				[
					857.1203306989648,
					197.85666414661011
				],
				[
					855.4675178482353,
					199.50947699733968
				],
				[
					830.1243874703828,
					198.95853938042978
				],
				[
					797.0681304557924,
					201.713227464979
				],
				[
					753.544058719915,
					207.77354125098725
				]
			],
			"polygon.shape": 1,
			"polygon.shift": 0
		}
	]
}