{
	"info": {
		"info.name": "항공영상 도시건물 변화탐지 데이터",
		"info.id": "TIFF_CHANGE_safe_01",
		"info.date_created": "2021-04-09 09:00:00",
		"info.src_path": "/dataSet/change",
		"info.label_path": "/dataSet/change",
		"info.category": 2,
		"info.type": 1
	},
	"images": {
		"images.id": "2015_EPG_1LB_000034.tif",
		"images.type": "TIF",
		"images.data_captured": "2021-11-15 01:04:46",
		"images.size": 1762,
		"images.width": 1508,
		"images.height": 754,
		"images.h_resolution": 150,
		"images.v_resolution": 150,
		"images.bit": 24
	},
	"annotations": [
		{
			"polygon.id": "PLG_000000",
			"polygon.name": "building",
			"polygon.points": [
				[
					929.7201327186473,
					46.741282968574644
				],
				[
					988.2572545153178,
					24.933335632560173
				],
				[
					989.7876367845117,
					31.054864709336165
				],
				[
					1047.9421630138836,
					11.542490777112691
				],
				[
					1082.758359638047,
					112.54772054391657
				],
				[
					972.9534318233777,
					149.65949057187103
				],
				[
					965.6841160447062,
					146.59872603348305
				]
			],
			"polygon.shape": 0,
			"polygon.shift": 2,
			"polygon.updates": [
				4,
				0,
				3
			]
		},
		{
			"polygon.id": "PLG_000001",
			"polygon.name": "building",
			"polygon.points": [
				[
					877.7677409226001,
					413.91984843600596
				],
				[
					1030.3774608066255,
					370.3957767001287
				],
				[
					1059.0262168859372,
					472.3192358284489
				],
				[
					974.7327614987319,
					499.86611667394084
				],
				[
					979.6912000509203,
					518.5979956488754
				],
				[
					913.0277484048298,
					537.8808122407197
				]
			],
			"polygon.shape": 0,
			"polygon.shift": 2,
			"polygon.updates": [
				3
			]
		},
		{
			"polygon.id": "PLG_000002",
			"polygon.name": "building",
			"polygon.points": [
				[
					1073.2032363023234,
					541.9315453682917
				],
				[
					1091.714740230494,
					603.4161834154297
				],
				[
					1073.2032363023234,
					609.366309678056
				],
				[
					1087.747989388743,
					660.2729454805251
				],
				[
					1046.0971055503592,
					674.156573426653
				],
				[
					1050.0638563921102,
					692.0069522145318
				],
				[
					983.9513423629294,
					713.1629567038697
				],
				[
					976.0178406794278,
					709.8573310024107
				],
				[
					930.7533019751153,
					572.6810426214734
				],
				[
					1003.9380264687801,
					547.1932344251267
				],
				[
					1009.6027917719173,
					553.8280920444583
				],
				[
					1056.9985309188594,
					541.3085151400837
				]
			],
			"polygon.shape": 0,
			"polygon.shift": 2,
			"polygon.updates": [
				3
			]
		}
	]
}