{
	"info": {
		"info.name": "항공영상 도시건물 변화탐지 데이터",
		"info.id": "TIFF_CHANGE_safe_01",
		"info.date_created": "2021-04-09 09:00:00",
		"info.src_path": "/dataSet/change",
		"info.label_path": "/dataSet/change",
		"info.category": 2,
		"info.type": 1
	},
	"images": {
		"images.id": "2015_KSG_1LB_000064.tif",
		"images.type": "TIF",
		"images.data_captured": "2021-11-15 01:05:10",
		"images.size": 1394,
		"images.width": 1508,
		"images.height": 754,
		"images.h_resolution": 150,
		"images.v_resolution": 150,
		"images.bit": 24
	},
	"annotations": [
		{
			"polygon.id": "PLG_000000",
			"polygon.name": "building",
			"polygon.points": [
				[
					1505.0575843995152,
					210.88050319723448
				],
				[
					1309.825333268837,
					4.288650726466685
				],
				[
					1315.1899620008746,
					1.6063363604478837
				],
				[
					1502.9519676221903,
					0.2651791774384833
				]
			],
			"polygon.shape": 1,
			"polygon.shift": 2,
			"polygon.updates": [
				1,
				3
			]
		}
	]
}