{
	"info": {
		"info.name": "항공영상 도시건물 변화탐지 데이터",
		"info.id": "TIFF_CHANGE_safe_01",
		"info.date_created": "2021-04-09 09:00:00",
		"info.src_path": "/dataSet/change",
		"info.label_path": "/dataSet/change",
		"info.category": 2,
		"info.type": 1
	},
	"images": {
		"images.id": "2015_KSG_1LB_000101.tif",
		"images.type": "TIF",
		"images.data_captured": "2021-11-15 01:05:12",
		"images.size": 1323,
		"images.width": 1508,
		"images.height": 754,
		"images.h_resolution": 150,
		"images.v_resolution": 150,
		"images.bit": 24
	},
	"annotations": [
		{
			"polygon.id": "PLG_000000",
			"polygon.name": "building",
			"polygon.points": [
				[
					758.4547347243689,
					753.9005943594641
				],
				[
					814.1422508591631,
					753.9005943594641
				],
				[
					839.366561303495,
					728.4822507578681
				],
				[
					846.5457881222663,
					733.1390465322063
				],
				[
					851.0085507393405,
					732.750980217678
				],
				[
					851.2025838966046,
					728.6762839151322
				],
				[
					828.7878735694565,
					713.2964397377514
				],
				[
					852.9827216946084,
					687.0786795282273
				],
				[
					857.1738378915128,
					687.3580872746877
				],
				[
					869.7471864822259,
					675.0641464304348
				],
				[
					873.9383026791302,
					676.4611851627363
				],
				[
					883.1565230503481,
					666.2639200479215
				],
				[
					889.8623089653951,
					671.2932594842067
				],
				[
					894.8916484016804,
					665.2580521606644
				],
				[
					757.5517882327858,
					535.2006754955111
				]
			],
			"polygon.shape": 1,
			"polygon.shift": 0
		}
	]
}