{
	"info": {
		"info.name": "항공영상 도시건물 변화탐지 데이터",
		"info.id": "TIFF_CHANGE_safe_01",
		"info.date_created": "2021-04-09 09:00:00",
		"info.src_path": "/dataSet/change",
		"info.label_path": "/dataSet/change",
		"info.category": 2,
		"info.type": 1
	},
	"images": {
		"images.id": "2015_EPG_1LB_000025.tif",
		"images.type": "TIF",
		"images.data_captured": "2021-11-15 01:04:44",
		"images.size": 1759,
		"images.width": 1508,
		"images.height": 754,
		"images.h_resolution": 150,
		"images.v_resolution": 150,
		"images.bit": 24
	},
	"annotations": [
		{
			"polygon.id": "PLG_000000",
			"polygon.name": "building",
			"polygon.points": [
				[
					1032.3651633753511,
					182.93786858528694
				],
				[
					1153.882842199775,
					245.73733037785252
				],
				[
					1081.1590767676762,
					379.61517128694345
				],
				[
					959.9528010475117,
					317.35922057613163
				]
			],
			"polygon.shape": 0,
			"polygon.shift": 2,
			"polygon.updates": [
				3,
				0,
				4,
				1
			]
		}
	]
}