{
	"info": {
		"info.name": "항공영상 도시건물 변화탐지 데이터",
		"info.id": "TIFF_CHANGE_safe_01",
		"info.date_created": "2021-04-09 09:00:00",
		"info.src_path": "/dataSet/change",
		"info.label_path": "/dataSet/change",
		"info.category": 2,
		"info.type": 1
	},
	"images": {
		"images.id": "2015_KSG_1LB_000036.tif",
		"images.type": "TIF",
		"images.data_captured": "2021-11-15 01:05:08",
		"images.size": 1499,
		"images.width": 1508,
		"images.height": 754,
		"images.h_resolution": 150,
		"images.v_resolution": 150,
		"images.bit": 24
	},
	"annotations": [
		{
			"polygon.id": "PLG_000000",
			"polygon.name": "building",
			"polygon.points": [
				[
					1506.812096955586,
					522.0113041475856
				],
				[
					1388.4549755550065,
					568.6165162571622
				],
				[
					1410.2487797789092,
					622.9333821690428
				],
				[
					1412.931094144928,
					623.9392500562999
				],
				[
					1506.4302397020901,
					586.9642916080546
				]
			],
			"polygon.shape": 1,
			"polygon.shift": 0
		},
		{
			"polygon.id": "PLG_000001",
			"polygon.name": "building",
			"polygon.points": [
				[
					1081.8519083793856,
					752.3458286041879
				],
				[
					1107.8368288001927,
					744.8018194497599
				],
				[
					1092.1899949984165,
					690.5967166364634
				],
				[
					1082.9695393652269,
					690.3173088900031
				],
				[
					1070.9550062674343,
					635.553390583786
				],
				[
					1042.1760083820243,
					641.7003610059124
				],
				[
					1038.2642999315801,
					630.2446434010404
				],
				[
					953.3243450076516,
					650.3620011461815
				],
				[
					957.2360534580956,
					664.3323884691961
				],
				[
					926.2217936010032,
					669.9205433984018
				],
				[
					929.2952788120665,
					682.493891989115
				],
				[
					898.5604267014344,
					690.5967166364634
				],
				[
					896.8839802226727,
					694.2290173404472
				],
				[
					911.1337752921476,
					752.9046440971083
				]
			],
			"polygon.shape": 1,
			"polygon.shift": 2,
			"polygon.updates": [
				1,
				3
			]
		}
	]
}