{
	"info": {
		"info.name": "항공영상 도시건물 변화탐지 데이터",
		"info.id": "TIFF_CHANGE_safe_01",
		"info.date_created": "2021-04-09 09:00:00",
		"info.src_path": "/dataSet/change",
		"info.label_path": "/dataSet/change",
		"info.category": 2,
		"info.type": 1
	},
	"images": {
		"images.id": "2015_EPG_1LB_000017.tif",
		"images.type": "TIF",
		"images.data_captured": "2021-11-15 01:04:44",
		"images.size": 1419,
		"images.width": 1508,
		"images.height": 754,
		"images.h_resolution": 150,
		"images.v_resolution": 150,
		"images.bit": 24
	},
	"annotations": [
		{
			"polygon.id": "PLG_000000",
			"polygon.name": "building",
			"polygon.points": [
				[
					754.9801393070793,
					411.9051158007543
				],
				[
					812.8285890826124,
					411.9051158007543
				],
				[
					813.9304643164321,
					514.3795125459844
				],
				[
					806.2173376796943,
					523.7454520334517
				],
				[
					756.1212941892344,
					522.9216019586293
				]
			],
			"polygon.shape": 1,
			"polygon.shift": 2,
			"polygon.updates": [
				3
			]
		},
		{
			"polygon.id": "PLG_000001",
			"polygon.name": "building",
			"polygon.points": [
				[
					1005.1773951993357,
					299.24660635443945
				],
				[
					1005.1773951993357,
					244.02943463726768
				],
				[
					1113.7076982296387,
					244.9814548392879
				],
				[
					1113.7076982296387,
					300.1986265564596
				],
				[
					1127.0359810579216,
					300.1986265564596
				],
				[
					1124.1799204518609,
					397.3046871625202
				],
				[
					1116.5637588356994,
					407.77690938474245
				],
				[
					992.8011325730731,
					410.632969990803
				],
				[
					988.0535389672618,
					394.65690046062474
				],
				[
					983.2845005247086,
					379.4067023633973
				],
				[
					981.3893975531205,
					371.83522790949615
				],
				[
					972.8122783024867,
					367.2530185343663
				],
				[
					970.9046679266085,
					359.22387908171214
				],
				[
					968.8009432440834,
					302.25852109079466
				]
			],
			"polygon.shape": 0,
			"polygon.shift": 2,
			"polygon.updates": [
				4
			]
		},
		{
			"polygon.id": "PLG_000002",
			"polygon.name": "building",
			"polygon.points": [
				[
					1150.9270372950182,
					285.0750233722685
				],
				[
					1274.6882565260805,
					286.2561937328531
				],
				[
					1274.6882565260805,
					294.18969541635477
				],
				[
					1290.555259893084,
					294.85082055664657
				],
				[
					1287.9107593319168,
					488.560486662146
				],
				[
					1274.0271313857888,
					487.8993615218542
				],
				[
					1272.704881105205,
					493.1883626441886
				],
				[
					1154.3634809929717,
					493.1883626441886
				],
				[
					1153.0412307123881,
					479.96585983835246
				],
				[
					1136.5131022050928,
					479.96585983835246
				],
				[
					1136.5131022050928,
					304.7676976610237
				],
				[
					1151.0578552915126,
					304.1065725207319
				]
			],
			"polygon.shape": 0,
			"polygon.shift": 2,
			"polygon.updates": [
				4,
				1,
				3
			]
		}
	]
}