{
	"info": {
		"info.name": "항공영상 도시건물 변화탐지 데이터",
		"info.id": "TIFF_CHANGE_safe_01",
		"info.date_created": "2021-04-09 09:00:00",
		"info.src_path": "/dataSet/change",
		"info.label_path": "/dataSet/change",
		"info.category": 2,
		"info.type": 1
	},
	"images": {
		"images.id": "2015_WSN_1LB_000002.tif",
		"images.type": "TIF",
		"images.data_captured": "2021-11-30 15:32:20",
		"images.size": 1543,
		"images.width": 1508,
		"images.height": 754,
		"images.h_resolution": 150,
		"images.v_resolution": 150,
		"images.bit": 24
	},
	"annotations": [
		{
			"polygon.id": "PLG_000000",
			"polygon.name": "building",
			"polygon.points": [
				[
					608.5495415283688,
					610.9944023291794
				],
				[
					551.8227354190874,
					636.9941884625999
				],
				[
					603.8223076859286,
					738.6297160750626
				],
				[
					672.3671984013104,
					706.7208876385918
				],
				[
					630.6099661264227,
					632.2669546201598
				],
				[
					622.3373069021525,
					632.2669546201598
				]
			],
			"polygon.shape": 0,
			"polygon.shift": 2,
			"polygon.updates": [
				4,
				3
			]
		}
	]
}