{
	"info": {
		"info.name": "항공영상 도시건물 변화탐지 데이터",
		"info.id": "TIFF_CHANGE_safe_01",
		"info.date_created": "2021-04-09 09:00:00",
		"info.src_path": "/dataSet/change",
		"info.label_path": "/dataSet/change",
		"info.category": 2,
		"info.type": 1
	},
	"images": {
		"images.id": "2015_DMG_1LB_000067.tif",
		"images.type": "TIF",
		"images.data_captured": "2021-11-15 01:04:40",
		"images.size": 1577,
		"images.width": 1508,
		"images.height": 754,
		"images.h_resolution": 150,
		"images.v_resolution": 150,
		"images.bit": 24
	},
	"annotations": [
		{
			"polygon.id": "PLG_000000",
			"polygon.name": "building",
			"polygon.points": [
				[
					909.4431759536319,
					615.9685565732711
				],
				[
					980.0363868354009,
					720.9675519979812
				],
				[
					963.7789314033014,
					734.9309302471688
				],
				[
					963.7789314033014,
					739.0472753569923
				],
				[
					940.7273987882901,
					753.042848730392
				],
				[
					850.5794408831565,
					753.4544832413744
				],
				[
					879.8054911629031,
					732.8727576922571
				],
				[
					878.1589531189736,
					728.7564125824337
				],
				[
					846.8747302843154,
					683.4766163743757
				],
				[
					848.9329028392272,
					680.183540286517
				],
				[
					858.8121311028035,
					673.5973881107994
				],
				[
					851.8143444161036,
					660.4250837593644
				],
				[
					857.165593058874,
					648.8993174518587
				]
			],
			"polygon.shape": 1,
			"polygon.shift": 2,
			"polygon.updates": [
				3
			]
		},
		{
			"polygon.id": "PLG_000001",
			"polygon.name": "building",
			"polygon.points": [
				[
					1367.6806153171322,
					641.9384949747324
				],
				[
					1382.4308519606661,
					644.3396962887962
				],
				[
					1415.3616128392537,
					689.619492496854
				],
				[
					1420.507044226533,
					700.9394415488686
				],
				[
					1420.850072985685,
					707.4569879727557
				],
				[
					1354.302493710206,
					752.3937554216616
				],
				[
					1258.710615289168,
					753.1945684753201
				],
				[
					1245.5623770590364,
					736.9574612598237
				],
				[
					1246.368292606669,
					725.9288846167137
				]
			],
			"polygon.shape": 1,
			"polygon.shift": 2,
			"polygon.updates": [
				3
			]
		}
	]
}