{
	"info": {
		"info.name": "항공영상 도시건물 변화탐지 데이터",
		"info.id": "TIFF_CHANGE_safe_01",
		"info.date_created": "2021-04-09 09:00:00",
		"info.src_path": "/dataSet/change",
		"info.label_path": "/dataSet/change",
		"info.category": 2,
		"info.type": 1
	},
	"images": {
		"images.id": "2015_DMG_1LB_000088.tif",
		"images.type": "TIF",
		"images.data_captured": "2021-11-15 01:04:42",
		"images.size": 1197,
		"images.width": 1508,
		"images.height": 754,
		"images.h_resolution": 150,
		"images.v_resolution": 150,
		"images.bit": 24
	},
	"annotations": [
		{
			"polygon.id": "PLG_000000",
			"polygon.name": "building",
			"polygon.points": [
				[
					754.0200429783013,
					251.1752656811161
				],
				[
					766.8630397209504,
					251.6692270942949
				],
				[
					766.8630397209504,
					254.6329955733678
				],
				[
					777.7301908108843,
					255.1269569865466
				],
				[
					787.6094190744607,
					322.7996705920441
				],
				[
					790.5731875535334,
					325.763439071117
				],
				[
					788.5973419008183,
					342.0641657060179
				],
				[
					755.9958886310164,
					345.52189559826957
				]
			],
			"polygon.shape": 1,
			"polygon.shift": 2,
			"polygon.updates": [
				1,
				3
			]
		}
	]
}