{
	"info": {
		"info.name": "항공영상 도시건물 변화탐지 데이터",
		"info.id": "TIFF_CHANGE_safe_01",
		"info.date_created": "2021-04-09 09:00:00",
		"info.src_path": "/dataSet/change",
		"info.label_path": "/dataSet/change",
		"info.category": 2,
		"info.type": 1
	},
	"images": {
		"images.id": "2015_KSG_1LB_000055.tif",
		"images.type": "TIF",
		"images.data_captured": "2021-11-15 01:05:10",
		"images.size": 1594,
		"images.width": 1508,
		"images.height": 754,
		"images.h_resolution": 150,
		"images.v_resolution": 150,
		"images.bit": 24
	},
	"annotations": [
		{
			"polygon.id": "PLG_000000",
			"polygon.name": "building",
			"polygon.points": [
				[
					1040.4250628605855,
					652.2025379988521
				],
				[
					991.7410571173442,
					516.6115467966018
				],
				[
					982.8894197094821,
					514.1974638671849
				],
				[
					873.4509935759152,
					555.6392208221754
				],
				[
					876.6697708151378,
					565.6978996947458
				],
				[
					815.1106561150063,
					587.4246460594981
				],
				[
					806.6613658620471,
					595.0692420026517
				],
				[
					805.8566715522416,
					605.530268030125
				],
				[
					825.5716821424796,
					657.8353981674916
				],
				[
					834.8256667052445,
					659.0424396322001
				],
				[
					845.2866927327178,
					657.8353981674916
				],
				[
					853.3336358307743,
					681.9762274616608
				],
				[
					857.7594545347052,
					683.1832689263692
				],
				[
					860.1735374641221,
					690.0231705597171
				],
				[
					949.896953007451,
					659.4447867871029
				],
				[
					959.1509375702158,
					682.3785746165636
				]
			],
			"polygon.shape": 0,
			"polygon.shift": 2,
			"polygon.updates": [
				1,
				3
			]
		}
	]
}