{
	"info": {
		"info.name": "항공영상 도시건물 변화탐지 데이터",
		"info.id": "TIFF_CHANGE_safe_01",
		"info.date_created": "2021-04-09 09:00:00",
		"info.src_path": "/dataSet/change",
		"info.label_path": "/dataSet/change",
		"info.category": 2,
		"info.type": 1
	},
	"images": {
		"images.id": "2015_KSG_1LB_000033.tif",
		"images.type": "TIF",
		"images.data_captured": "2021-11-15 01:05:08",
		"images.size": 1271,
		"images.width": 1508,
		"images.height": 754,
		"images.h_resolution": 150,
		"images.v_resolution": 150,
		"images.bit": 24
	},
	"annotations": [
		{
			"polygon.id": "PLG_000000",
			"polygon.name": "building",
			"polygon.points": [
				[
					758.9562058132182,
					692.1405105815287
				],
				[
					826.2934727101484,
					699.125704243036
				],
				[
					827.9699191889101,
					683.75827818772
				],
				[
					863.4547029893672,
					686.2729479058626
				],
				[
					865.4105572145892,
					674.5378225545303
				],
				[
					871.2781198902553,
					670.346706357626
				],
				[
					874.9104205942391,
					665.596774667801
				],
				[
					879.1015367911434,
					557.1865690412079
				],
				[
					869.1657973270155,
					553.6995603653834
				],
				[
					867.2099431017934,
					551.1848906472408
				],
				[
					807.1372776128308,
					543.9202892392732
				],
				[
					807.416685359291,
					532.1851638879409
				],
				[
					757.6821064893592,
					527.1558244516557
				]
			],
			"polygon.shape": 1,
			"polygon.shift": 0
		}
	]
}