{
	"info": {
		"info.name": "항공영상 도시건물 변화탐지 데이터",
		"info.id": "TIFF_CHANGE_safe_01",
		"info.date_created": "2021-04-09 09:00:00",
		"info.src_path": "/dataSet/change",
		"info.label_path": "/dataSet/change",
		"info.category": 2,
		"info.type": 1
	},
	"images": {
		"images.id": "2015_DMG_1LB_000031.tif",
		"images.type": "TIF",
		"images.data_captured": "2021-11-15 01:04:38",
		"images.size": 1383,
		"images.width": 1508,
		"images.height": 754,
		"images.h_resolution": 150,
		"images.v_resolution": 150,
		"images.bit": 24
	},
	"annotations": [
		{
			"polygon.id": "PLG_000000",
			"polygon.name": "building",
			"polygon.points": [
				[
					1506.5931536363246,
					287.4133814254794
				],
				[
					1458.6788965579797,
					294.8228026231616
				],
				[
					1464.72840905442,
					338.5664446977552
				],
				[
					1458.3069106830953,
					342.02417459000685
				],
				[
					1459.294833509453,
					354.3732099194772
				],
				[
					1466.704254707135,
					355.8550941590136
				],
				[
					1470.6559460125654,
					390.92635449470947
				],
				[
					1474.607637317996,
					416.61234798000777
				],
				[
					1478.0653672102478,
					419.0821550459018
				],
				[
					1505.7272063482615,
					417.10630939318656
				]
			],
			"polygon.shape": 1,
			"polygon.shift": 2,
			"polygon.updates": [
				1,
				3
			]
		}
	]
}