{
	"info": {
		"info.name": "항공영상 도시건물 변화탐지 데이터",
		"info.id": "TIFF_CHANGE_safe_01",
		"info.date_created": "2021-04-09 09:00:00",
		"info.src_path": "/dataSet/change",
		"info.label_path": "/dataSet/change",
		"info.category": 2,
		"info.type": 1
	},
	"images": {
		"images.id": "2015_KSG_1LB_000129.tif",
		"images.type": "TIF",
		"images.data_captured": "2021-11-15 01:05:14",
		"images.size": 1636,
		"images.width": 1508,
		"images.height": 754,
		"images.h_resolution": 150,
		"images.v_resolution": 150,
		"images.bit": 24
	},
	"annotations": [
		{
			"polygon.id": "PLG_000000",
			"polygon.name": "building",
			"polygon.points": [
				[
					1.348568238781759,
					150.03982830336042
				],
				[
					17.274809787018373,
					149.76042055690013
				],
				[
					32.08342034941383,
					138.0252952055679
				],
				[
					18.113033026399247,
					115.95208323520484
				],
				[
					63.93590344588705,
					91.0847938002389
				],
				[
					64.49471893880764,
					85.77604661749336
				],
				[
					69.80346612155317,
					81.58493042058899
				],
				[
					71.47991260031492,
					79.62907619536695
				],
				[
					72.59754358615609,
					75.71736774492287
				],
				[
					72.59754358615609,
					70.40862056217733
				],
				[
					35.07370414264218,
					4.092433752033646
				],
				[
					0.1477358351057454,
					4.2864669092977365
				]
			],
			"polygon.shape": 1,
			"polygon.shift": 2,
			"polygon.updates": [
				4,
				1,
				3
			]
		},
		{
			"polygon.id": "PLG_000001",
			"polygon.name": "building",
			"polygon.points": [
				[
					860.3336738634587,
					753.3311413799951
				],
				[
					845.2456555546029,
					727.0668132127277
				],
				[
					845.5250633010631,
					718.4051730724586
				],
				[
					979.1937292076666,
					641.4115744578609
				],
				[
					1037.7464165558852,
					752.4146839716055
				]
			],
			"polygon.shape": 1,
			"polygon.shift": 2,
			"polygon.updates": [
				4,
				1,
				0,
				3
			]
		},
		{
			"polygon.id": "PLG_000002",
			"polygon.name": "building",
			"polygon.points": [
				[
					1370.5958072033504,
					565.173415136243
				],
				[
					1309.7609173820442,
					459.91939941366536
				],
				[
					1301.5530354220266,
					459.91939941366536
				],
				[
					1235.4071631560032,
					499.9931760419862
				],
				[
					1234.9243465701197,
					510.6151409314206
				],
				[
					1210.7835172759505,
					525.0996385079221
				],
				[
					1207.8866177606503,
					525.0996385079221
				],
				[
					1199.1959192147494,
					530.8934375385227
				],
				[
					1201.6100021441662,
					542.481035599724
				],
				[
					1254.237010005455,
					631.3192874022666
				],
				[
					1262.9566277399867,
					632.0590198978922
				]
			],
			"polygon.shape": 0,
			"polygon.shift": 2,
			"polygon.updates": [
				4,
				1,
				3,
				0
			]
		},
		{
			"polygon.id": "PLG_000003",
			"polygon.name": "building",
			"polygon.points": [
				[
					1370.7530935399577,
					750.0441848596322
				],
				[
					1444.5167386054745,
					703.6624989472238
				],
				[
					1381.8042287279552,
					597.2014417599378
				],
				[
					1373.757285629899,
					594.519127393919
				],
				[
					1302.3406656346483,
					640.4537609119909
				],
				[
					1300.6642191558865,
					644.8125217567714
				],
				[
					1304.0171121134101,
					650.177150488809
				],
				[
					1264.4529752146327,
					674.6532690787305
				],
				[
					1310.3876087327046,
					750.7639392145139
				]
			],
			"polygon.shape": 1,
			"polygon.shift": 2,
			"polygon.updates": [
				4,
				3
			]
		}
	]
}