{
	"info": {
		"info.name": "항공영상 도시건물 변화탐지 데이터",
		"info.id": "TIFF_CHANGE_safe_01",
		"info.date_created": "2021-04-09 09:00:00",
		"info.src_path": "/dataSet/change",
		"info.label_path": "/dataSet/change",
		"info.category": 2,
		"info.type": 1
	},
	"images": {
		"images.id": "2015_EPG_1LB_000037.tif",
		"images.type": "TIF",
		"images.data_captured": "2021-11-15 01:04:46",
		"images.size": 1527,
		"images.width": 1508,
		"images.height": 754,
		"images.h_resolution": 150,
		"images.v_resolution": 150,
		"images.bit": 24
	},
	"annotations": [
		{
			"polygon.id": "PLG_000000",
			"polygon.name": "building",
			"polygon.points": [
				[
					706.0375797195202,
					0.32731081390031136
				],
				[
					657.8305382399093,
					14.100751236646296
				],
				[
					673.8995520664463,
					61.92519714895873
				],
				[
					690.7337570275803,
					58.09924147597374
				],
				[
					706.4201752868187,
					116.25376770534568
				],
				[
					712.5684948791348,
					125.00517385675309
				],
				[
					750.5205384536845,
					112.91946403450524
				],
				[
					750.6795794446056,
					0.477322243443691
				]
			],
			"polygon.shape": 1,
			"polygon.shift": 2,
			"polygon.updates": [
				1,
				3,
				4,
				2
			]
		},
		{
			"polygon.id": "PLG_000001",
			"polygon.name": "building",
			"polygon.points": [
				[
					773.075876063925,
					231.29983082111636
				],
				[
					790.2651297115119,
					296.7512197100053
				],
				[
					808.7766336396826,
					295.42896942942167
				],
				[
					821.9991364455186,
					357.5747326168515
				],
				[
					835.2216392513549,
					355.5913571959761
				],
				[
					835.8827643916466,
					360.2192331780188
				],
				[
					977.3635444140934,
					329.80747672459563
				],
				[
					942.9850371189194,
					202.21032464827684
				],
				[
					896.0451521582011,
					209.4827011914867
				],
				[
					892.0784013164503,
					203.53257492886044
				]
			],
			"polygon.shape": 0,
			"polygon.shift": 2,
			"polygon.updates": [
				2
			]
		}
	]
}