{
	"info": {
		"info.name": "항공영상 도시건물 변화탐지 데이터",
		"info.id": "TIFF_CHANGE_safe_01",
		"info.date_created": "2021-04-09 09:00:00",
		"info.src_path": "/dataSet/change",
		"info.label_path": "/dataSet/change",
		"info.category": 2,
		"info.type": 1
	},
	"images": {
		"images.id": "2015_KSG_1LB_000087.tif",
		"images.type": "TIF",
		"images.data_captured": "2021-11-15 01:05:12",
		"images.size": 1684,
		"images.width": 1508,
		"images.height": 754,
		"images.h_resolution": 150,
		"images.v_resolution": 150,
		"images.bit": 24
	},
	"annotations": [
		{
			"polygon.id": "PLG_000000",
			"polygon.name": "building",
			"polygon.points": [
				[
					757.0711537434164,
					571.1280863881946
				],
				[
					891.0797657415466,
					753.7011797046914
				],
				[
					1200.6857151674353,
					751.9493552249959
				],
				[
					1223.317742630719,
					734.0672594515372
				],
				[
					1182.8392634178401,
					674.352644305111
				],
				[
					1195.244967360677,
					665.9704119113022
				],
				[
					857.060896486005,
					202.8140530295453
				],
				[
					853.198363798938,
					202.8140530295453
				],
				[
					755.6694134504944,
					271.85682481086917
				]
			],
			"polygon.shape": 1,
			"polygon.shift": 2,
			"polygon.updates": [
				1,
				3
			]
		}
	]
}