{
	"info": {
		"info.name": "항공영상 도시건물 변화탐지 데이터",
		"info.id": "TIFF_CHANGE_safe_01",
		"info.date_created": "2021-04-09 09:00:00",
		"info.src_path": "/dataSet/change",
		"info.label_path": "/dataSet/change",
		"info.category": 2,
		"info.type": 1
	},
	"images": {
		"images.id": "2015_KSG_1LB_000023.tif",
		"images.type": "TIF",
		"images.data_captured": "2021-11-15 01:05:08",
		"images.size": 1367,
		"images.width": 1508,
		"images.height": 754,
		"images.h_resolution": 150,
		"images.v_resolution": 150,
		"images.bit": 24
	},
	"annotations": [
		{
			"polygon.id": "PLG_000000",
			"polygon.name": "building",
			"polygon.points": [
				[
					1444.6571462464663,
					223.55356306926433
				],
				[
					1293.4416738621564,
					207.45967687315152
				],
				[
					1290.7593594961377,
					210.81256983067505
				],
				[
					1275.4165213225103,
					356.5695324801365
				],
				[
					1429.9848866643435,
					375.3457330422681
				],
				[
					1438.3671190581522,
					295.54688065320886
				],
				[
					1440.3788548326663,
					294.87630206170417
				],
				[
					1442.7258799029328,
					280.4588623443531
				],
				[
					1440.3788548326663,
					279.11770516134374
				]
			],
			"polygon.shape": 0,
			"polygon.shift": 2,
			"polygon.updates": [
				1,
				3
			]
		},
		{
			"polygon.id": "PLG_000001",
			"polygon.name": "building",
			"polygon.points": [
				[
					1505.1992981487822,
					205.4842978313099
				],
				[
					1462.952846883986,
					200.25378481757326
				],
				[
					1453.6988623212212,
					265.43402391183
				],
				[
					1459.7340696447636,
					265.83637106673285
				],
				[
					1458.929375334958,
					286.35607596677664
				],
				[
					1454.5035566310269,
					285.9537288118738
				],
				[
					1450.4800850819986,
					307.27812802172326
				],
				[
					1446.4566135329706,
					307.6804751766261
				],
				[
					1442.4331419839423,
					375.27479720029976
				],
				[
					1500.773479444851,
					382.51704598855054
				],
				[
					1502.3828680644624,
					378.4935744395224
				],
				[
					1506.4063396134907,
					373.26306142578574
				]
			],
			"polygon.shape": 1,
			"polygon.shift": 2,
			"polygon.updates": [
				1,
				3,
				2
			]
		}
	]
}