{
	"info": {
		"info.name": "항공영상 도시건물 변화탐지 데이터",
		"info.id": "TIFF_CHANGE_safe_01",
		"info.date_created": "2021-04-09 09:00:00",
		"info.src_path": "/dataSet/change",
		"info.label_path": "/dataSet/change",
		"info.category": 2,
		"info.type": 1
	},
	"images": {
		"images.id": "2015_EPG_1LB_000080.tif",
		"images.type": "TIF",
		"images.data_captured": "2021-11-15 01:04:48",
		"images.size": 1540,
		"images.width": 1508,
		"images.height": 754,
		"images.h_resolution": 150,
		"images.v_resolution": 150,
		"images.bit": 24
	},
	"annotations": [
		{
			"polygon.id": "PLG_000000",
			"polygon.name": "building",
			"polygon.points": [
				[
					326.01646799788006,
					53.71057036413518
				],
				[
					371.00970671218363,
					84.93036865569275
				],
				[
					366.61473358629166,
					90.75069717667068
				],
				[
					409.1162252151141,
					122.5777724778651
				],
				[
					331.98495884773666,
					223.12388756391076
				],
				[
					247.96697226898618,
					160.22517630003745
				]
			],
			"polygon.shape": 0,
			"polygon.shift": 2,
			"polygon.updates": [
				4,
				3,
				1,
				2
			]
		}
	]
}