{
	"info": {
		"info.name": "항공영상 도시건물 변화탐지 데이터",
		"info.id": "TIFF_CHANGE_safe_01",
		"info.date_created": "2021-04-09 09:00:00",
		"info.src_path": "/dataSet/change",
		"info.label_path": "/dataSet/change",
		"info.category": 2,
		"info.type": 1
	},
	"images": {
		"images.id": "2015_KSG_1LB_000124.tif",
		"images.type": "TIF",
		"images.data_captured": "2021-11-15 01:05:14",
		"images.size": 1560,
		"images.width": 1508,
		"images.height": 754,
		"images.h_resolution": 150,
		"images.v_resolution": 150,
		"images.bit": 24
	},
	"annotations": [
		{
			"polygon.id": "PLG_000000",
			"polygon.name": "building",
			"polygon.points": [
				[
					479.1991478713805,
					143.19485061062045
				],
				[
					483.6231038570018,
					145.05756892035572
				],
				[
					590.7294066667802,
					88.01182068471289
				],
				[
					592.5921249765155,
					83.35502491037471
				],
				[
					596.7832411734198,
					78.93106892475342
				],
				[
					599.8101584267397,
					76.36983124886741
				],
				[
					600.5086777928904,
					71.71303547452922
				],
				[
					559.4767188660417,
					0.8490219111668619
				],
				[
					531.7299773772767,
					1.0430550684309532
				],
				[
					439.03180069330057,
					53.14483845698474
				],
				[
					433.9093253415286,
					59.89719232977512
				]
			],
			"polygon.shape": 1,
			"polygon.shift": 2,
			"polygon.updates": [
				4,
				1,
				3,
				0
			]
		},
		{
			"polygon.id": "PLG_000001",
			"polygon.name": "building",
			"polygon.points": [
				[
					1385.271006960736,
					751.357235966977
				],
				[
					1370.775770326307,
					719.7025637545339
				],
				[
					1373.6726698416073,
					712.1706250147532
				],
				[
					1503.362569438616,
					639.930534509135
				],
				[
					1507.3860409876443,
					647.3068990156867
				],
				[
					1507.3061774269866,
					749.9350132831279
				]
			],
			"polygon.shape": 1,
			"polygon.shift": 2,
			"polygon.updates": [
				4,
				1,
				3,
				0
			]
		}
	]
}