{
	"info": {
		"info.name": "항공영상 도시건물 변화탐지 데이터",
		"info.id": "TIFF_CHANGE_safe_01",
		"info.date_created": "2021-04-09 09:00:00",
		"info.src_path": "/dataSet/change",
		"info.label_path": "/dataSet/change",
		"info.category": 2,
		"info.type": 1
	},
	"images": {
		"images.id": "2015_KSG_1LB_000117.tif",
		"images.type": "TIF",
		"images.data_captured": "2021-11-15 01:05:14",
		"images.size": 1629,
		"images.width": 1508,
		"images.height": 754,
		"images.h_resolution": 150,
		"images.v_resolution": 150,
		"images.bit": 24
	},
	"annotations": [
		{
			"polygon.id": "PLG_000000",
			"polygon.name": "building",
			"polygon.points": [
				[
					611.8529981668578,
					0.684210756868282
				],
				[
					601.7943192942873,
					6.38412878465823
				],
				[
					600.7884514070303,
					10.072311037934071
				],
				[
					610.8471302796007,
					25.16032934678981
				],
				[
					623.2528342224376,
					17.783964840238113
				],
				[
					646.7230849251022,
					57.012812443263044
				],
				[
					652.7582922486445,
					57.012812443263044
				],
				[
					749.6568987210735,
					5.04297160164883
				],
				[
					749.8152297774012,
					0.9915592779746092
				]
			],
			"polygon.shape": 1,
			"polygon.shift": 2,
			"polygon.updates": [
				4,
				3,
				0
			]
		},
		{
			"polygon.id": "PLG_000001",
			"polygon.name": "building",
			"polygon.points": [
				[
					1505.4711467518737,
					52.13836962799103
				],
				[
					1375.3137048591211,
					122.68882560921463
				],
				[
					1374.3823457042536,
					126.18142243996826
				],
				[
					1411.4504400679855,
					194.627006731191
				],
				[
					1417.8209366872802,
					195.96816391420037
				],
				[
					1504.3255749913865,
					146.01005884710025
				]
			],
			"polygon.shape": 1,
			"polygon.shift": 2,
			"polygon.updates": [
				3
			]
		}
	]
}