{
	"info": {
		"info.name": "항공영상 도시건물 변화탐지 데이터",
		"info.id": "TIFF_CHANGE_safe_01",
		"info.date_created": "2021-04-09 09:00:00",
		"info.src_path": "/dataSet/change",
		"info.label_path": "/dataSet/change",
		"info.category": 2,
		"info.type": 1
	},
	"images": {
		"images.id": "2015_KSG_1LB_000026.tif",
		"images.type": "TIF",
		"images.data_captured": "2021-11-15 01:05:08",
		"images.size": 1083,
		"images.width": 1508,
		"images.height": 754,
		"images.h_resolution": 150,
		"images.v_resolution": 150,
		"images.bit": 24
	},
	"annotations": [
		{
			"polygon.id": "PLG_000000",
			"polygon.name": "building",
			"polygon.points": [
				[
					1129.431672677874,
					2.320934091135637
				],
				[
					1151.5607661975291,
					88.42322524033905
				],
				[
					1321.6892371766373,
					52.08054789515039
				],
				[
					1323.365683655399,
					47.72178705036984
				],
				[
					1320.3480799936278,
					19.557486207172467
				],
				[
					1319.0069228106186,
					17.881039728410713
				],
				[
					1317.665765627609,
					1.4518642365455783
				]
			],
			"polygon.shape": 1,
			"polygon.shift": 2,
			"polygon.updates": [
				1,
				3
			]
		},
		{
			"polygon.id": "PLG_000001",
			"polygon.name": "building",
			"polygon.points": [
				[
					756.1336592439303,
					118.0236739197203
				],
				[
					806.3465841758023,
					107.40170903028587
				],
				[
					840.1437451876391,
					245.97006917881694
				],
				[
					836.7640290864554,
					248.86696869411725
				],
				[
					755.1680260721636,
					267.6968155435692
				]
			],
			"polygon.shape": 1,
			"polygon.shift": 0
		},
		{
			"polygon.id": "PLG_000002",
			"polygon.name": "building",
			"polygon.points": [
				[
					755.5419664450047,
					307.15812323881073
				],
				[
					801.8118892588291,
					344.7105243630739
				],
				[
					803.4883357375908,
					359.12796408042493
				],
				[
					756.5478343322618,
					368.1807750657384
				]
			],
			"polygon.shape": 1,
			"polygon.shift": 0
		}
	]
}