{
	"info": {
		"info.name": "항공영상 도시건물 변화탐지 데이터",
		"info.id": "TIFF_CHANGE_safe_01",
		"info.date_created": "2021-04-09 09:00:00",
		"info.src_path": "/dataSet/change",
		"info.label_path": "/dataSet/change",
		"info.category": 2,
		"info.type": 1
	},
	"images": {
		"images.id": "2015_DMG_1LB_000080.tif",
		"images.type": "TIF",
		"images.data_captured": "2021-11-15 01:04:42",
		"images.size": 1578,
		"images.width": 1508,
		"images.height": 754,
		"images.h_resolution": 150,
		"images.v_resolution": 150,
		"images.bit": 24
	},
	"annotations": [
		{
			"polygon.id": "PLG_000000",
			"polygon.name": "building",
			"polygon.points": [
				[
					1093.3232397384995,
					526.8159026637344
				],
				[
					1235.5841267339981,
					507.55140754976065
				],
				[
					1241.5116636921439,
					513.4789445079065
				],
				[
					1259.2942745665812,
					561.3932015862514
				],
				[
					1263.2459658720118,
					580.6576967002252
				],
				[
					1263.2459658720118,
					586.585233658371
				],
				[
					1259.2942745665812,
					592.0188092033379
				],
				[
					1113.575657678831,
					614.2470727963845
				],
				[
					1102.708506588897,
					603.8738831196295
				],
				[
					1089.3715484330692,
					535.707208100953
				]
			],
			"polygon.shape": 0,
			"polygon.shift": 2,
			"polygon.updates": [
				1,
				3
			]
		}
	]
}