{
	"info": {
		"info.name": "항공영상 도시건물 변화탐지 데이터",
		"info.id": "TIFF_CHANGE_safe_01",
		"info.date_created": "2021-04-09 09:00:00",
		"info.src_path": "/dataSet/change",
		"info.label_path": "/dataSet/change",
		"info.category": 2,
		"info.type": 1
	},
	"images": {
		"images.id": "2015_EPG_1LB_000328.tif",
		"images.type": "TIF",
		"images.data_captured": "2021-11-15 01:05:06",
		"images.size": 1491,
		"images.width": 1508,
		"images.height": 754,
		"images.h_resolution": 150,
		"images.v_resolution": 150,
		"images.bit": 24
	},
	"annotations": [
		{
			"polygon.id": "PLG_000000",
			"polygon.name": "building",
			"polygon.points": [
				[
					60.57050718394193,
					3.327401958470034
				],
				[
					97.07144107672575,
					58.947872652235816
				],
				[
					177.0257284820129,
					2.6861896079904
				]
			],
			"polygon.shape": 1,
			"polygon.shift": 2,
			"polygon.updates": [
				4,
				3
			]
		},
		{
			"polygon.id": "PLG_000001",
			"polygon.name": "building",
			"polygon.points": [
				[
					0.7269801521417776,
					87.3041619701548
				],
				[
					14.004436263934835,
					78.45252456229277
				],
				[
					24.867809446310957,
					86.49946766034915
				],
				[
					83.71988268173392,
					47.983529409289744
				],
				[
					55.84854037382807,
					4.018300905271119
				],
				[
					0.7269801521417776,
					4.4206480601739395
				]
			],
			"polygon.shape": 1,
			"polygon.shift": 1
		},
		{
			"polygon.id": "PLG_000002",
			"polygon.name": "building",
			"polygon.points": [
				[
					66.40330320289183,
					753.3269450958726
				],
				[
					93.22644686307981,
					716.1098332673618
				],
				[
					15.439330248534674,
					666.8223067917663
				],
				[
					4.039494192954784,
					686.2690859454027
				],
				[
					4.179198066184927,
					753.6063528423329
				]
			],
			"polygon.shape": 1,
			"polygon.shift": 1
		}
	]
}