{
	"info": {
		"info.name": "항공영상 도시건물 변화탐지 데이터",
		"info.id": "TIFF_CHANGE_safe_01",
		"info.date_created": "2021-04-09 09:00:00",
		"info.src_path": "/dataSet/change",
		"info.label_path": "/dataSet/change",
		"info.category": 2,
		"info.type": 1
	},
	"images": {
		"images.id": "2015_KSG_1LB_000123.tif",
		"images.type": "TIF",
		"images.data_captured": "2021-11-15 01:05:14",
		"images.size": 1620,
		"images.width": 1508,
		"images.height": 754,
		"images.h_resolution": 150,
		"images.v_resolution": 150,
		"images.bit": 24
	},
	"annotations": [
		{
			"polygon.id": "PLG_000000",
			"polygon.name": "building",
			"polygon.points": [
				[
					603.1844963087985,
					604.3771743019547
				],
				[
					602.7821491538957,
					595.9278840489956
				],
				[
					561.3403921989053,
					520.2866189272654
				],
				[
					556.1098791851687,
					517.0678416880429
				],
				[
					441.44094003786506,
					578.6269563881743
				],
				[
					435.00338555941994,
					585.4668580215223
				],
				[
					482.8826969928555,
					671.1668020158229
				],
				[
					593.5281645911309,
					612.0217702451083
				]
			],
			"polygon.shape": 0,
			"polygon.shift": 2,
			"polygon.updates": [
				4,
				1,
				3,
				0
			]
		},
		{
			"polygon.id": "PLG_000001",
			"polygon.name": "building",
			"polygon.points": [
				[
					1505.9830626814678,
					258.9006262639691
				],
				[
					1467.7600829657,
					186.47813838146158
				],
				[
					1460.3837184591482,
					183.79582401544278
				],
				[
					1390.6435449426594,
					226.04227528023884
				],
				[
					1385.9494948021265,
					231.40690401227644
				],
				[
					1425.7550399938457,
					298.67934831202786
				],
				[
					1425.7550399938457,
					302.0322412695514
				],
				[
					1429.107932951369,
					307.73215929734135
				],
				[
					1433.801983091902,
					311.4203415506172
				],
				[
					1440.1724797111967,
					319.1319953529212
				],
				[
					1439.8371904154444,
					323.1554669019494
				],
				[
					1482.0836416802404,
					384.84869732038175
				],
				[
					1488.7894275952874,
					386.5251437991435
				],
				[
					1505.553892382905,
					374.1194398563066
				]
			],
			"polygon.shape": 1,
			"polygon.shift": 2,
			"polygon.updates": [
				3
			]
		}
	]
}