{
	"info": {
		"info.name": "항공영상 도시건물 변화탐지 데이터",
		"info.id": "TIFF_CHANGE_safe_01",
		"info.date_created": "2021-04-09 09:00:00",
		"info.src_path": "/dataSet/change",
		"info.label_path": "/dataSet/change",
		"info.category": 2,
		"info.type": 1
	},
	"images": {
		"images.id": "2015_DMG_1LB_000081.tif",
		"images.type": "TIF",
		"images.data_captured": "2021-11-15 01:04:42",
		"images.size": 1527,
		"images.width": 1508,
		"images.height": 754,
		"images.h_resolution": 150,
		"images.v_resolution": 150,
		"images.bit": 24
	},
	"annotations": [
		{
			"polygon.id": "PLG_000000",
			"polygon.name": "building",
			"polygon.points": [
				[
					1113.5891642435772,
					126.62512568265097
				],
				[
					1124.2587307682395,
					118.91932763706149
				],
				[
					1246.3659921060423,
					104.69323893751164
				],
				[
					1252.293529064188,
					112.99179067891572
				],
				[
					1261.7775881972213,
					176.41643613107541
				],
				[
					1264.1486029804796,
					210.20339679250628
				],
				[
					1227.397873839976,
					214.94542635902292
				],
				[
					1226.2123664483468,
					227.98600766694358
				],
				[
					1206.6514944864657,
					238.06282049579139
				],
				[
					1138.4848194677893,
					246.95412593301003
				],
				[
					1134.9282972929018,
					240.4338352790497
				],
				[
					1134.9282972929018,
					225.6149928836853
				],
				[
					1129.0007603347563,
					225.0222391878707
				]
			],
			"polygon.shape": 0,
			"polygon.shift": 2,
			"polygon.updates": [
				2
			]
		},
		{
			"polygon.id": "PLG_000001",
			"polygon.name": "building",
			"polygon.points": [
				[
					1089.2909102971519,
					0
				],
				[
					1098.6850184267466,
					77.8967759364448
				],
				[
					1107.5763238639654,
					84.8122357209482
				],
				[
					1230.0787543323113,
					71.96923897829903
				],
				[
					1262.680207602113,
					68.51150908604733
				],
				[
					1260.7043619493977,
					50.72889821161003
				],
				[
					1248.3553266199274,
					0.344834067371
				]
			],
			"polygon.shape": 1,
			"polygon.shift": 2,
			"polygon.updates": [
				1,
				3
			]
		}
	]
}