{
	"info": {
		"info.name": "항공영상 도시건물 변화탐지 데이터",
		"info.id": "TIFF_CHANGE_safe_01",
		"info.date_created": "2021-04-09 09:00:00",
		"info.src_path": "/dataSet/change",
		"info.label_path": "/dataSet/change",
		"info.category": 2,
		"info.type": 1
	},
	"images": {
		"images.id": "2015_EPG_1LB_000031.tif",
		"images.type": "TIF",
		"images.data_captured": "2021-11-15 01:04:46",
		"images.size": 1575,
		"images.width": 1508,
		"images.height": 754,
		"images.h_resolution": 150,
		"images.v_resolution": 150,
		"images.bit": 24
	},
	"annotations": [
		{
			"polygon.id": "PLG_000000",
			"polygon.name": "building",
			"polygon.points": [
				[
					1504.7396629898285,
					22.65289788889578
				],
				[
					1454.341282796097,
					44.101891299540924
				],
				[
					1494.9920618215624,
					148.78428957426925
				],
				[
					1498.1803582157165,
					149.04998094044876
				],
				[
					1500.0401977789732,
					144.53322771539703
				],
				[
					1505.3540251025634,
					144.001844983038
				]
			],
			"polygon.shape": 1,
			"polygon.shift": 2,
			"polygon.updates": [
				4,
				0,
				3
			]
		},
		{
			"polygon.id": "PLG_000001",
			"polygon.name": "building",
			"polygon.points": [
				[
					1507.3830409858303,
					378.45823749415496
				],
				[
					1403.2558313898708,
					410.41261927492565
				],
				[
					1439.0667764890104,
					527.2113940598116
				],
				[
					1494.1605381799943,
					509.0304527017869
				],
				[
					1490.3039748616254,
					488.094823259213
				],
				[
					1506.8321033689206,
					483.13638470702443
				]
			],
			"polygon.shape": 1,
			"polygon.shift": 2,
			"polygon.updates": [
				3
			]
		}
	]
}