{
	"info": {
		"info.name": "항공영상 도시건물 변화탐지 데이터",
		"info.id": "TIFF_CHANGE_safe_01",
		"info.date_created": "2021-04-09 09:00:00",
		"info.src_path": "/dataSet/change",
		"info.label_path": "/dataSet/change",
		"info.category": 2,
		"info.type": 1
	},
	"images": {
		"images.id": "2015_EPG_1LB_000003.tif",
		"images.type": "TIF",
		"images.data_captured": "2021-11-15 01:04:44",
		"images.size": 1543,
		"images.width": 1508,
		"images.height": 754,
		"images.h_resolution": 150,
		"images.v_resolution": 150,
		"images.bit": 24
	},
	"annotations": [
		{
			"polygon.id": "PLG_000000",
			"polygon.name": "building",
			"polygon.points": [
				[
					1059.456457538346,
					0.9140451739618669
				],
				[
					1053.3961437523378,
					11.381859895248809
				],
				[
					1066.6186465581739,
					17.442173681257046
				],
				[
					1042.928329031051,
					64.27187111859337
				],
				[
					1067.7205217919936,
					82.45281247661805
				],
				[
					1147.0555386270105,
					118.26375757575761
				],
				[
					1188.9267975121581,
					40.58155359147028
				],
				[
					1185.0702341937895,
					1.4649827908717157
				]
			],
			"polygon.shape": 1,
			"polygon.shift": 2,
			"polygon.updates": [
				1,
				3
			]
		}
	]
}