{
	"info": {
		"info.name": "항공영상 도시건물 변화탐지 데이터",
		"info.id": "TIFF_CHANGE_safe_01",
		"info.date_created": "2021-04-09 09:00:00",
		"info.src_path": "/dataSet/change",
		"info.label_path": "/dataSet/change",
		"info.category": 2,
		"info.type": 1
	},
	"images": {
		"images.id": "2015_DMG_1LB_000007.tif",
		"images.type": "TIF",
		"images.data_captured": "2021-11-15 01:04:36",
		"images.size": 1244,
		"images.width": 1508,
		"images.height": 754,
		"images.h_resolution": 150,
		"images.v_resolution": 150,
		"images.bit": 24
	},
	"annotations": [
		{
			"polygon.id": "PLG_000000",
			"polygon.name": "building",
			"polygon.points": [
				[
					755.6332251947572,
					381.28914538264047
				],
				[
					793.8576814138459,
					329.744045329627
				],
				[
					803.124216254837,
					328.0065700469412
				],
				[
					870.3065938520231,
					381.28914538264047
				],
				[
					757.370700477443,
					523.7621185628798
				]
			],
			"polygon.shape": 1,
			"polygon.shift": 0
		},
		{
			"polygon.id": "PLG_000001",
			"polygon.name": "building",
			"polygon.points": [
				[
					905.5117037207342,
					753.2422044085342
				],
				[
					1168.794657787476,
					413.91696979965
				],
				[
					1292.491778072899,
					505.1886313694767
				],
				[
					1256.9519088053798,
					554.1507823840731
				],
				[
					1342.879276588287,
					621.1679067765947
				],
				[
					1268.47291976505,
					722.5592990555114
				],
				[
					1262.4682051880877,
					716.554584478549
				],
				[
					1230.7575576644183,
					752.860081009473
				]
			],
			"polygon.shape": 1,
			"polygon.shift": 2,
			"polygon.updates": [
				1,
				3
			]
		},
		{
			"polygon.id": "PLG_000002",
			"polygon.name": "building",
			"polygon.points": [
				[
					1505.5547159330854,
					112.03805739985008
				],
				[
					1308.6000778087227,
					364.236069632266
				],
				[
					1254.557646616062,
					325.8058963397074
				],
				[
					1226.9359595620356,
					365.43701254765847
				],
				[
					1332.2227949085668,
					448.0546885096735
				],
				[
					1343.4274223551038,
					439.8954733019907
				],
				[
					1506.8897227126336,
					567.2987661026774
				]
			],
			"polygon.shape": 1,
			"polygon.shift": 2,
			"polygon.updates": [
				1,
				3
			]
		}
	]
}