{
	"info": {
		"info.name": "항공영상 도시건물 변화탐지 데이터",
		"info.id": "TIFF_CHANGE_safe_01",
		"info.date_created": "2021-04-09 09:00:00",
		"info.src_path": "/dataSet/change",
		"info.label_path": "/dataSet/change",
		"info.category": 2,
		"info.type": 1
	},
	"images": {
		"images.id": "2015_EPG_1LB_000043.tif",
		"images.type": "TIF",
		"images.data_captured": "2021-11-15 01:04:46",
		"images.size": 1622,
		"images.width": 1508,
		"images.height": 754,
		"images.h_resolution": 150,
		"images.v_resolution": 150,
		"images.bit": 24
	},
	"annotations": [
		{
			"polygon.id": "PLG_000000",
			"polygon.name": "building",
			"polygon.points": [
				[
					1459.5155131018107,
					0
				],
				[
					1471.5835573183306,
					53.968782075768964
				],
				[
					1477.0972435918136,
					53.58618650847046
				],
				[
					1485.8486006022156,
					105.35277889491627
				],
				[
					1392.1126866140833,
					122.56957942334876
				],
				[
					1387.521539806501,
					119.50881488496074
				],
				[
					1362.8167283131488,
					0.10711079316227234
				]
			],
			"polygon.shape": 1,
			"polygon.shift": 2,
			"polygon.updates": [
				1,
				3
			]
		},
		{
			"polygon.id": "PLG_000001",
			"polygon.name": "building",
			"polygon.points": [
				[
					1237.593607277927,
					289.439545186071
				],
				[
					1378.3498916508631,
					255.22637450968546
				],
				[
					1401.7647403695314,
					353.4769161919402
				],
				[
					1317.7467537907808,
					370.0050446992353
				],
				[
					1304.9934243544424,
					326.6217287464981
				],
				[
					1246.4412241112698,
					339.1404810846949
				]
			],
			"polygon.shape": 0,
			"polygon.shift": 2,
			"polygon.updates": [
				3
			]
		}
	]
}