{
	"info": {
		"info.name": "항공영상 도시건물 변화탐지 데이터",
		"info.id": "TIFF_CHANGE_safe_01",
		"info.date_created": "2021-04-09 09:00:00",
		"info.src_path": "/dataSet/change",
		"info.label_path": "/dataSet/change",
		"info.category": 2,
		"info.type": 1
	},
	"images": {
		"images.id": "2015_DMG_1LB_000016.tif",
		"images.type": "TIF",
		"images.data_captured": "2021-11-15 01:04:38",
		"images.size": 1406,
		"images.width": 1508,
		"images.height": 754,
		"images.h_resolution": 150,
		"images.v_resolution": 150,
		"images.bit": 24
	},
	"annotations": [
		{
			"polygon.id": "PLG_000000",
			"polygon.name": "building",
			"polygon.points": [
				[
					752.3810960528607,
					247.96443091636232
				],
				[
					770.8181070074772,
					241.81876059815679
				],
				[
					757.2976323074251,
					212.31954307077024
				],
				[
					923.2307308989743,
					141.02976737958613
				],
				[
					973.6252275082597,
					256.56836936185005
				],
				[
					1001.8953109720052,
					247.96443091636232
				],
				[
					1051.8880616288957,
					383.4161416091886
				],
				[
					880.2110386715357,
					464.29202611719694
				],
				[
					885.5536747348289,
					481.14263470700735
				],
				[
					769.8102170752913,
					532.3565540253867
				],
				[
					756.4945980525127,
					508.7981511389322
				]
			],
			"polygon.shape": 1,
			"polygon.shift": 2,
			"polygon.updates": [
				4
			]
		}
	]
}