{
	"info": {
		"info.name": "항공영상 도시건물 변화탐지 데이터",
		"info.id": "TIFF_CHANGE_safe_01",
		"info.date_created": "2021-04-09 09:00:00",
		"info.src_path": "/dataSet/change",
		"info.label_path": "/dataSet/change",
		"info.category": 2,
		"info.type": 1
	},
	"images": {
		"images.id": "2015_KSG_1LB_000099.tif",
		"images.type": "TIF",
		"images.data_captured": "2021-11-15 01:05:12",
		"images.size": 1573,
		"images.width": 1508,
		"images.height": 754,
		"images.h_resolution": 150,
		"images.v_resolution": 150,
		"images.bit": 24
	},
	"annotations": [
		{
			"polygon.id": "PLG_000000",
			"polygon.name": "building",
			"polygon.points": [
				[
					694.0255691604134,
					457.9406033179067
				],
				[
					752.768253776225,
					422.1317065315558
				],
				[
					696.4396520898304,
					326.77543081958754
				],
				[
					558.2588327209016,
					405.3741084687154
				],
				[
					592.8606880425442,
					468.14026463355526
				],
				[
					620.2202945759359,
					453.25341990215094
				],
				[
					626.657849054381,
					461.70271015511014
				],
				[
					678.1582848819419,
					434.34310362171846
				]
			],
			"polygon.shape": 0,
			"polygon.shift": 2,
			"polygon.updates": [
				4,
				2,
				3
			]
		},
		{
			"polygon.id": "PLG_000001",
			"polygon.name": "building",
			"polygon.points": [
				[
					1504.6371892029902,
					224.97577924879903
				],
				[
					1437.5793300525202,
					264.3722714997001
				],
				[
					1505.6090811082772,
					373.17543618091497
				]
			],
			"polygon.shape": 1,
			"polygon.shift": 2,
			"polygon.updates": [
				4,
				1,
				3,
				2
			]
		},
		{
			"polygon.id": "PLG_000002",
			"polygon.name": "building",
			"polygon.points": [
				[
					996.9767181146461,
					3.861811680965424
				],
				[
					1042.039599463762,
					81.1124654223068
				],
				[
					1046.867765322596,
					84.73358981643219
				],
				[
					1062.9616515187085,
					112.09319634982393
				],
				[
					1070.606247461862,
					117.3237093635606
				],
				[
					1163.5484402444135,
					62.60449629677709
				],
				[
					1128.946584922771,
					1.8500759064513232
				]
			],
			"polygon.shape": 1,
			"polygon.shift": 2,
			"polygon.updates": [
				3
			]
		},
		{
			"polygon.id": "PLG_000003",
			"polygon.name": "building",
			"polygon.points": [
				[
					1504.8463502119253,
					190.1484362500557
				],
				[
					1504.8463502119253,
					82.48033759806117
				],
				[
					1498.8177091939506,
					84.44809715042213
				],
				[
					1485.7816613750992,
					60.79008444213633
				],
				[
					1493.9895433351167,
					55.479101997419114
				],
				[
					1462.4927708877694,
					0.9595067657547647
				],
				[
					1310.0595600835045,
					2.0915706915139225
				],
				[
					1303.300127881137,
					8.85100289388129
				],
				[
					1302.3344947093703,
					13.679168752715128
				],
				[
					1429.7980733825837,
					229.49818264258755
				],
				[
					1473.251566112088,
					205.3573533484184
				],
				[
					1475.665649041505,
					208.73706944960207
				]
			],
			"polygon.shape": 1,
			"polygon.shift": 2,
			"polygon.updates": [
				3
			]
		}
	]
}