{
	"info": {
		"info.name": "항공영상 도시건물 변화탐지 데이터",
		"info.id": "TIFF_CHANGE_safe_01",
		"info.date_created": "2021-04-09 09:00:00",
		"info.src_path": "/dataSet/change",
		"info.label_path": "/dataSet/change",
		"info.category": 2,
		"info.type": 1
	},
	"images": {
		"images.id": "2015_DMG_1LB_000083.tif",
		"images.type": "TIF",
		"images.data_captured": "2021-11-15 01:04:42",
		"images.size": 1307,
		"images.width": 1508,
		"images.height": 754,
		"images.h_resolution": 150,
		"images.v_resolution": 150,
		"images.bit": 24
	},
	"annotations": [
		{
			"polygon.id": "PLG_000000",
			"polygon.name": "building",
			"polygon.points": [
				[
					755.899694980583,
					416.9031545238507
				],
				[
					868.5703174810178,
					448.4850714368513
				],
				[
					950.5125883904248,
					476.65272706196
				],
				[
					1076.8402560424274,
					520.1845584825825
				],
				[
					1129.761306004753,
					541.5236915319073
				],
				[
					1128.0541753608068,
					553.4736060395292
				],
				[
					1164.7574842056454,
					571.3984778009619
				],
				[
					1158.7825269518344,
					638.8301382368281
				],
				[
					1155.3682656639426,
					676.3870124036398
				],
				[
					1148.5397430881585,
					724.1866704341272
				],
				[
					1133.6805749636048,
					752.8593337301959
				],
				[
					758.6474887109135,
					753.8611423607241
				]
			],
			"polygon.shape": 1,
			"polygon.shift": 2,
			"polygon.updates": [
				1
			]
		}
	]
}