{
	"info": {
		"info.name": "항공영상 도시건물 변화탐지 데이터",
		"info.id": "TIFF_CHANGE_safe_01",
		"info.date_created": "2021-04-09 09:00:00",
		"info.src_path": "/dataSet/change",
		"info.label_path": "/dataSet/change",
		"info.category": 2,
		"info.type": 1
	},
	"images": {
		"images.id": "2015_KSG_1LB_000092.tif",
		"images.type": "TIF",
		"images.data_captured": "2021-11-15 01:05:12",
		"images.size": 1565,
		"images.width": 1508,
		"images.height": 754,
		"images.h_resolution": 150,
		"images.v_resolution": 150,
		"images.bit": 24
	},
	"annotations": [
		{
			"polygon.id": "PLG_000000",
			"polygon.name": "building",
			"polygon.points": [
				[
					3.692585540539099,
					568.8255519483698
				],
				[
					47.83900948126514,
					564.9138434979257
				],
				[
					54.54479539631215,
					560.7227273010213
				],
				[
					28.986437468434417,
					434.90728178826174
				],
				[
					22.064886682509773,
					428.5429942299997
				],
				[
					16.43792512185113,
					428.34896107273556
				],
				[
					2.255917963070104,
					429.54990262185174
				]
			],
			"polygon.shape": 1,
			"polygon.shift": 2,
			"polygon.updates": [
				4
			]
		}
	]
}