{
	"info": {
		"info.name": "항공영상 도시건물 변화탐지 데이터",
		"info.id": "TIFF_CHANGE_safe_01",
		"info.date_created": "2021-04-09 09:00:00",
		"info.src_path": "/dataSet/change",
		"info.label_path": "/dataSet/change",
		"info.category": 2,
		"info.type": 1
	},
	"images": {
		"images.id": "2015_KSG_1LB_000128.tif",
		"images.type": "TIF",
		"images.data_captured": "2021-11-15 01:05:14",
		"images.size": 1614,
		"images.width": 1508,
		"images.height": 754,
		"images.h_resolution": 150,
		"images.v_resolution": 150,
		"images.bit": 24
	},
	"annotations": [
		{
			"polygon.id": "PLG_000000",
			"polygon.name": "building",
			"polygon.points": [
				[
					4.419450160036661,
					674.6502267763176
				],
				[
					16.48986480712125,
					674.6502267763176
				],
				[
					19.17217917314005,
					674.9855160720699
				],
				[
					34.595486777748135,
					664.9268371994995
				],
				[
					20.513336356149438,
					639.7801400180732
				],
				[
					69.13028424024014,
					615.639310723904
				],
				[
					69.80086283174484,
					610.9452605833711
				],
				[
					72.48317719776364,
					606.2512104428382
				],
				[
					75.16549156378244,
					603.5688960768194
				],
				[
					78.18309522555359,
					600.2160031192959
				],
				[
					29.42979636119027,
					518.3238278937563
				],
				[
					3.351740024896401,
					532.9927345829216
				]
			],
			"polygon.shape": 1,
			"polygon.shift": 2,
			"polygon.updates": [
				4,
				1,
				3
			]
		},
		{
			"polygon.id": "PLG_000001",
			"polygon.name": "building",
			"polygon.points": [
				[
					347.5064111075703,
					306.82754555862425
				],
				[
					254.80562661796063,
					159.0856702783089
				],
				[
					203.62706851432196,
					191.917198118379
				],
				[
					298.2591193474651,
					339.17625681281095
				],
				[
					321.9171320557509,
					326.623025579843
				]
			],
			"polygon.shape": 0,
			"polygon.shift": 2,
			"polygon.updates": [
				4,
				3
			]
		},
		{
			"polygon.id": "PLG_000002",
			"polygon.name": "building",
			"polygon.points": [
				[
					471.30444626075695,
					230.2760102336421
				],
				[
					406.6456490792542,
					116.94930119509429
				],
				[
					402.4741137772218,
					115.55878942775014
				],
				[
					399.6930902425335,
					119.0350688461105
				],
				[
					391.35001963846867,
					105.82520705634113
				],
				[
					377.4449019650272,
					113.47302177673393
				],
				[
					360.0635048732254,
					86.3580423135231
				],
				[
					305.8335459468037,
					119.0350688461105
				],
				[
					304.44303417945963,
					124.59711591548708
				],
				[
					392.04527552214074,
					274.7723867886547
				],
				[
					398.99783435886144,
					274.7723867886547
				]
			],
			"polygon.shape": 0,
			"polygon.shift": 2,
			"polygon.updates": [
				4,
				1,
				3
			]
		},
		{
			"polygon.id": "PLG_000003",
			"polygon.name": "building",
			"polygon.points": [
				[
					1027.6278720030846,
					347.4996439503026
				],
				[
					1029.3660117122647,
					335.91204588910136
				],
				[
					942.2702565557732,
					191.05455551818017
				],
				[
					934.6224418353804,
					188.2735319834919
				],
				[
					860.2300622824687,
					232.07465265483245
				],
				[
					954.0896065781985,
					385.03094706268837
				],
				[
					958.261141880231,
					389.89773824839284
				]
			],
			"polygon.shape": 0,
			"polygon.shift": 2,
			"polygon.updates": [
				3
			]
		}
	]
}