{
	"info": {
		"info.name": "항공영상 도시건물 변화탐지 데이터",
		"info.id": "TIFF_CHANGE_safe_01",
		"info.date_created": "2021-04-09 09:00:00",
		"info.src_path": "/dataSet/change",
		"info.label_path": "/dataSet/change",
		"info.category": 2,
		"info.type": 1
	},
	"images": {
		"images.id": "2015_DMG_1LB_000038.tif",
		"images.type": "TIF",
		"images.data_captured": "2021-11-15 01:04:40",
		"images.size": 1610,
		"images.width": 1508,
		"images.height": 754,
		"images.h_resolution": 150,
		"images.v_resolution": 150,
		"images.bit": 24
	},
	"annotations": [
		{
			"polygon.id": "PLG_000000",
			"polygon.name": "building",
			"polygon.points": [
				[
					1507.7792415081065,
					693.369321419416
				],
				[
					1443.408058832946,
					702.0680949026143
				],
				[
					1448.5534902202253,
					752.1502937387996
				],
				[
					1507.8974655535133,
					751.4642362204958
				]
			],
			"polygon.shape": 1,
			"polygon.shift": 2,
			"polygon.updates": [
				1,
				3
			]
		},
		{
			"polygon.id": "PLG_000001",
			"polygon.name": "building",
			"polygon.points": [
				[
					1037.4562180527414,
					173.33521421498216
				],
				[
					1181.692950700955,
					158.51637181961775
				],
				[
					1190.5842561381737,
					162.46806312504827
				],
				[
					1198.4876387490347,
					240.5139664073008
				],
				[
					1193.5480246172465,
					246.44150336544658
				],
				[
					1164.4043012396965,
					248.41734901816187
				],
				[
					1167.3680697187692,
					276.0791881561754
				],
				[
					1160.4526099342659,
					281.0188022879636
				],
				[
					1148.1035746047955,
					284.47653218021526
				],
				[
					1053.756944687642,
					292.8738762042551
				],
				[
					1048.3233691426753,
					287.93426207246694
				],
				[
					1046.8414849031387,
					278.0550338088907
				],
				[
					1033.5045267473108,
					181.732558239022
				]
			],
			"polygon.shape": 0,
			"polygon.shift": 2,
			"polygon.updates": [
				3
			]
		}
	]
}