{
	"info": {
		"info.name": "항공영상 도시건물 변화탐지 데이터",
		"info.id": "TIFF_CHANGE_safe_01",
		"info.date_created": "2021-04-09 09:00:00",
		"info.src_path": "/dataSet/change",
		"info.label_path": "/dataSet/change",
		"info.category": 2,
		"info.type": 1
	},
	"images": {
		"images.id": "2015_KSG_1LB_000073.tif",
		"images.type": "TIF",
		"images.data_captured": "2021-11-15 01:05:10",
		"images.size": 1527,
		"images.width": 1508,
		"images.height": 754,
		"images.h_resolution": 150,
		"images.v_resolution": 150,
		"images.bit": 24
	},
	"annotations": [
		{
			"polygon.id": "PLG_000000",
			"polygon.name": "building",
			"polygon.points": [
				[
					941.5698033970185,
					752.5699230000637
				],
				[
					987.9508238321182,
					721.8268949318981
				],
				[
					1013.6752915279849,
					727.3889420012747
				],
				[
					1097.8012534523057,
					668.9874477728206
				],
				[
					1101.9727887543381,
					650.9107947973467
				],
				[
					1200.6991242357724,
					586.9472534995161
				],
				[
					1263.2721537662587,
					678.0257742605576
				],
				[
					1431.3572162028192,
					736.6219401364398
				],
				[
					1424.4046573660985,
					750.5270578098812
				]
			],
			"polygon.shape": 1,
			"polygon.shift": 0
		},
		{
			"polygon.id": "PLG_000001",
			"polygon.name": "building",
			"polygon.points": [
				[
					1065.3221022375913,
					87.34042328968647
				],
				[
					955.7227372420632,
					9.606952962461719
				],
				[
					898.750380107824,
					85.40915694615293
				],
				[
					1009.3153782751187,
					164.10826044514445
				]
			],
			"polygon.shape": 0,
			"polygon.shift": 2,
			"polygon.updates": [
				2,
				3
			]
		}
	]
}