{
	"info": {
		"info.name": "항공영상 도시건물 변화탐지 데이터",
		"info.id": "TIFF_CHANGE_safe_01",
		"info.date_created": "2021-04-09 09:00:00",
		"info.src_path": "/dataSet/change",
		"info.label_path": "/dataSet/change",
		"info.category": 2,
		"info.type": 1
	},
	"images": {
		"images.id": "2015_DMG_1LB_000023.tif",
		"images.type": "TIF",
		"images.data_captured": "2021-11-15 01:04:38",
		"images.size": 1577,
		"images.width": 1508,
		"images.height": 754,
		"images.h_resolution": 150,
		"images.v_resolution": 150,
		"images.bit": 24
	},
	"annotations": [
		{
			"polygon.id": "PLG_000000",
			"polygon.name": "building",
			"polygon.points": [
				[
					447.4622209282757,
					1.1645160074147114
				],
				[
					447.8738554392581,
					35.74181492993168
				],
				[
					503.4445144218746,
					37.7999874848434
				],
				[
					502.6212453999099,
					40.26979455073747
				],
				[
					542.138158454215,
					43.974505149578576
				],
				[
					546.2545035640385,
					1.1645160074147114
				]
			],
			"polygon.shape": 1,
			"polygon.shift": 1
		},
		{
			"polygon.id": "PLG_000001",
			"polygon.name": "building",
			"polygon.points": [
				[
					1507.8371916586302,
					638.4822821688549
				],
				[
					1363.6004590104164,
					627.615131078921
				],
				[
					1355.6970763995555,
					620.6996712944176
				],
				[
					1355.6970763995555,
					615.7600571626294
				],
				[
					1357.6729220522707,
					615.7600571626294
				],
				[
					1358.1668834654495,
					581.6767196532913
				],
				[
					1361.6246133577013,
					581.6767196532913
				],
				[
					1364.0944204235952,
					547.0994207307743
				],
				[
					1443.1282465322056,
					556.4846875811718
				],
				[
					1442.6342851190266,
					551.0511120362049
				],
				[
					1453.5014362089605,
					546.1114979044168
				],
				[
					1462.3927416461793,
					545.1235750780592
				],
				[
					1471.284047083398,
					548.087343557132
				],
				[
					1475.7296998020072,
					550.557150623026
				],
				[
					1475.2357383888284,
					563.894108778854
				],
				[
					1507.8371916586302,
					567.3518386711057
				]
			],
			"polygon.shape": 1,
			"polygon.shift": 2,
			"polygon.updates": [
				1,
				3
			]
		}
	]
}