{
	"info": {
		"info.name": "항공영상 도시건물 변화탐지 데이터",
		"info.id": "TIFF_CHANGE_safe_01",
		"info.date_created": "2021-04-09 09:00:00",
		"info.src_path": "/dataSet/change",
		"info.label_path": "/dataSet/change",
		"info.category": 2,
		"info.type": 1
	},
	"images": {
		"images.id": "2015_EPG_1LB_000315.tif",
		"images.type": "TIF",
		"images.data_captured": "2021-11-15 01:05:04",
		"images.size": 1569,
		"images.width": 1508,
		"images.height": 754,
		"images.h_resolution": 150,
		"images.v_resolution": 150,
		"images.bit": 24
	},
	"annotations": [
		{
			"polygon.id": "PLG_000000",
			"polygon.name": "building",
			"polygon.points": [
				[
					297.55650935761014,
					215.86691334556843
				],
				[
					310.72178277232734,
					85.08752484497592
				],
				[
					169.22969996483576,
					87.7698392109947
				],
				[
					168.22383207757872,
					98.4990966750699
				],
				[
					164.2003605285505,
					98.4990966750699
				],
				[
					158.50044250076058,
					197.40943892201307
				],
				[
					162.85920334554112,
					201.0976211752889
				],
				[
					208.79383686361302,
					202.10348906254598
				],
				[
					209.46441545511772,
					192.3800994857278
				],
				[
					235.616980523801,
					193.05067807723253
				],
				[
					236.2875591153057,
					211.8268786393641
				],
				[
					247.6873951708856,
					210.4857214563547
				],
				[
					250.03442024115205,
					210.82101075210704
				],
				[
					252.3814453114185,
					213.8386144138782
				],
				[
					255.39904897318965,
					214.84448230113526
				],
				[
					259.1394964845783,
					215.9740196483782
				]
			],
			"polygon.shape": 0,
			"polygon.shift": 2,
			"polygon.updates": [
				4
			]
		}
	]
}