{
	"info": {
		"info.name": "항공영상 도시건물 변화탐지 데이터",
		"info.id": "TIFF_CHANGE_safe_01",
		"info.date_created": "2021-04-09 09:00:00",
		"info.src_path": "/dataSet/change",
		"info.label_path": "/dataSet/change",
		"info.category": 2,
		"info.type": 1
	},
	"images": {
		"images.id": "2015_DMG_1LB_000048.tif",
		"images.type": "TIF",
		"images.data_captured": "2021-11-15 01:04:40",
		"images.size": 1647,
		"images.width": 1508,
		"images.height": 754,
		"images.h_resolution": 150,
		"images.v_resolution": 150,
		"images.bit": 24
	},
	"annotations": [
		{
			"polygon.id": "PLG_000000",
			"polygon.name": "building",
			"polygon.points": [
				[
					476.0607473926448,
					98.03782750993278
				],
				[
					464.45979302311343,
					96.23103027170797
				],
				[
					453.79022649845103,
					102.7513209256683
				],
				[
					371.3974627802249,
					168.5469811610863
				],
				[
					441.9351525821595,
					269.3151094495644
				],
				[
					449.0481969319344,
					264.57307988304774
				],
				[
					459.7177634565968,
					278.7991685825976
				],
				[
					562.8569065283332,
					202.92669551833177
				],
				[
					553.3728473952999,
					188.70060681878192
				],
				[
					547.4453104371541,
					189.2933605145965
				],
				[
					540.3322660873793,
					188.70060681878192
				],
				[
					529.6626995627169,
					185.14408464389447
				],
				[
					524.9206699962002,
					180.40205507737784
				],
				[
					517.8076256464253,
					174.47451811923207
				],
				[
					517.8076256464253,
					166.17596637782802
				],
				[
					515.4366108631671,
					157.28466094060934
				],
				[
					508.32356651339205,
					147.80060180757613
				],
				[
					513.6583497757233,
					143.6513259368741
				],
				[
					504.17429064269004,
					132.98175941221172
				]
			],
			"polygon.shape": 0,
			"polygon.shift": 2,
			"polygon.updates": [
				4
			]
		}
	]
}