{
	"info": {
		"info.name": "항공영상 도시건물 변화탐지 데이터",
		"info.id": "TIFF_CHANGE_safe_01",
		"info.date_created": "2021-04-09 09:00:00",
		"info.src_path": "/dataSet/change",
		"info.label_path": "/dataSet/change",
		"info.category": 2,
		"info.type": 1
	},
	"images": {
		"images.id": "2015_KSG_1LB_000134.tif",
		"images.type": "TIF",
		"images.data_captured": "2021-11-15 01:05:14",
		"images.size": 1651,
		"images.width": 1508,
		"images.height": 754,
		"images.h_resolution": 150,
		"images.v_resolution": 150,
		"images.bit": 24
	},
	"annotations": [
		{
			"polygon.id": "PLG_000000",
			"polygon.name": "building",
			"polygon.points": [
				[
					754.2896539012253,
					92.55465715299248
				],
				[
					842.4036808249427,
					40.65187417052873
				],
				[
					823.3904032768116,
					3.8086569616115966
				],
				[
					753.5310157884999,
					3.8086569616116
				]
			],
			"polygon.shape": 1,
			"polygon.shift": 2,
			"polygon.updates": [
				4,
				3
			]
		},
		{
			"polygon.id": "PLG_000001",
			"polygon.name": "building",
			"polygon.points": [
				[
					755.1527034502382,
					188.25477576319142
				],
				[
					795.7897660954229,
					256.6537920966707
				],
				[
					899.5953320603504,
					193.88763593183089
				],
				[
					912.0680938623378,
					180.61017982003784
				],
				[
					913.2751353270462,
					168.94211232785605
				],
				[
					850.9113263171092,
					67.55062929234549
				],
				[
					775.672408350282,
					116.6369821904895
				],
				[
					772.8559782659622,
					120.25810658461488
				],
				[
					777.684144124796,
					127.09800821796281
				],
				[
					755.1527034502382,
					139.97311717485303
				]
			],
			"polygon.shape": 1,
			"polygon.shift": 2,
			"polygon.updates": [
				4,
				3,
				2
			]
		},
		{
			"polygon.id": "PLG_000002",
			"polygon.name": "building",
			"polygon.points": [
				[
					1189.480309881376,
					206.6783885254128
				],
				[
					1128.9517901671913,
					95.18589585687097
				],
				[
					1126.2694758011726,
					94.85060656111861
				],
				[
					997.5183862322702,
					171.96714458415906
				],
				[
					993.8302039789944,
					178.00235190770135
				],
				[
					1052.7381587637094,
					278.37441626712365
				],
				[
					1062.0144959461911,
					278.4302978164157
				]
			],
			"polygon.shape": 0,
			"polygon.shift": 2,
			"polygon.updates": [
				4,
				1,
				3
			]
		},
		{
			"polygon.id": "PLG_000003",
			"polygon.name": "building",
			"polygon.points": [
				[
					756.7555256689102,
					428.28066458439156
				],
				[
					780.5610656673271,
					415.2043820500499
				],
				[
					788.272719469631,
					417.21611782456404
				],
				[
					828.5074349599131,
					393.74586712189955
				],
				[
					828.8427242556654,
					387.71065979835726
				],
				[
					755.0862677926496,
					255.2030426061331
				]
			],
			"polygon.shape": 1,
			"polygon.shift": 2,
			"polygon.updates": [
				3
			]
		}
	]
}