{
	"info": {
		"info.name": "항공영상 도시건물 변화탐지 데이터",
		"info.id": "TIFF_CHANGE_safe_01",
		"info.date_created": "2021-04-09 09:00:00",
		"info.src_path": "/dataSet/change",
		"info.label_path": "/dataSet/change",
		"info.category": 2,
		"info.type": 1
	},
	"images": {
		"images.id": "2015_EPG_1LB_000317.tif",
		"images.type": "TIF",
		"images.data_captured": "2021-11-15 01:05:04",
		"images.size": 1684,
		"images.width": 1508,
		"images.height": 754,
		"images.h_resolution": 150,
		"images.v_resolution": 150,
		"images.bit": 24
	},
	"annotations": [
		{
			"polygon.id": "PLG_000000",
			"polygon.name": "building",
			"polygon.points": [
				[
					973.675945801542,
					405.70105342351957
				],
				[
					984.5393189839182,
					394.43533308624063
				],
				[
					1060.9852784154539,
					460.42026649030305
				],
				[
					1067.825180048802,
					459.2132250255946
				],
				[
					1148.2946110293658,
					362.6499078489179
				],
				[
					1149.903999648977,
					356.2123533704728
				],
				[
					1146.6852224097545,
					351.78653466654174
				],
				[
					1172.435440323535,
					320.001109429219
				],
				[
					1060.9852784154539,
					226.65656949176486
				],
				[
					1049.3172109232721,
					239.12933129375227
				],
				[
					1005.8637181937676,
					204.12512881720696
				],
				[
					999.4261637153224,
					204.12512881720696
				],
				[
					970.4571685623195,
					241.14106706826635
				],
				[
					972.8712514917363,
					242.34810853297483
				],
				[
					948.7304221975671,
					274.5358809252004
				],
				[
					946.3163392681503,
					281.37578255854834
				],
				[
					925.3942872132036,
					308.7353890919401
				],
				[
					939.8787847897052,
					320.80580373902467
				],
				[
					909.3004010170908,
					361.84521353911225
				]
			],
			"polygon.shape": 0,
			"polygon.shift": 2,
			"polygon.updates": [
				4,
				3,
				1
			]
		}
	]
}