{
	"info": {
		"info.name": "항공영상 도시건물 변화탐지 데이터",
		"info.id": "TIFF_CHANGE_safe_01",
		"info.date_created": "2021-04-09 09:00:00",
		"info.src_path": "/dataSet/change",
		"info.label_path": "/dataSet/change",
		"info.category": 2,
		"info.type": 1
	},
	"images": {
		"images.id": "2015_KSG_1LB_000066.tif",
		"images.type": "TIF",
		"images.data_captured": "2021-11-15 01:05:10",
		"images.size": 1360,
		"images.width": 1508,
		"images.height": 754,
		"images.h_resolution": 150,
		"images.v_resolution": 150,
		"images.bit": 24
	},
	"annotations": [
		{
			"polygon.id": "PLG_000000",
			"polygon.name": "building",
			"polygon.points": [
				[
					755.1635802469137,
					244.72506521020708
				],
				[
					861.1901025069049,
					318.30631289883473
				],
				[
					928.9775511649318,
					220.39110928168452
				],
				[
					885.5240584354274,
					191.4221141286815
				],
				[
					1020.1061354996411,
					3.4566732024407543
				],
				[
					754.544266905913,
					4.196991967461912
				],
				[
					754.544266905913,
					37.59180582439595
				],
				[
					805.2400084236683,
					73.40070261074689
				],
				[
					779.8921376647907,
					108.4049050872922
				],
				[
					754.5865976663737,
					89.80515100392235
				]
			],
			"polygon.shape": 1,
			"polygon.shift": 2,
			"polygon.updates": [
				2
			]
		},
		{
			"polygon.id": "PLG_000001",
			"polygon.name": "building",
			"polygon.points": [
				[
					1355.2712963181534,
					750.027529332572
				],
				[
					1057.3022377253562,
					442.6437790670099
				],
				[
					1059.8051589065758,
					440.1408578857904
				],
				[
					968.8656893222687,
					347.5327741806704
				],
				[
					899.6182033085304,
					407.60288252993746
				],
				[
					909.6298880334082,
					415.1116460735958
				],
				[
					870.4174561943032,
					451.82115673148127
				],
				[
					861.1634716315386,
					445.38360225303614
				],
				[
					816.9476153526891,
					487.80649999659397
				],
				[
					824.1475333804792,
					496.48169092569424
				],
				[
					788.3809673545891,
					533.2717285006125
				],
				[
					996.851878530864,
					752.2307600598069
				]
			],
			"polygon.shape": 1,
			"polygon.shift": 2,
			"polygon.updates": [
				1,
				3
			]
		}
	]
}