{
	"info": {
		"info.name": "항공영상 도시건물 변화탐지 데이터",
		"info.id": "TIFF_CHANGE_safe_01",
		"info.date_created": "2021-04-09 09:00:00",
		"info.src_path": "/dataSet/change",
		"info.label_path": "/dataSet/change",
		"info.category": 2,
		"info.type": 1
	},
	"images": {
		"images.id": "2015_EPG_1LB_000046.tif",
		"images.type": "TIF",
		"images.data_captured": "2021-11-15 01:04:46",
		"images.size": 1613,
		"images.width": 1508,
		"images.height": 754,
		"images.h_resolution": 150,
		"images.v_resolution": 150,
		"images.bit": 24
	},
	"annotations": [
		{
			"polygon.id": "PLG_000000",
			"polygon.name": "building",
			"polygon.points": [
				[
					131.86503935235731,
					662.9627435775365
				],
				[
					130.00519978910071,
					667.7451881687676
				],
				[
					144.61822492897397,
					679.7012996468458
				],
				[
					138.77301487302466,
					686.8749665336926
				],
				[
					210.329722122801,
					753.1334927292205
				],
				[
					229.70305090672383,
					753.502508515581
				],
				[
					277.8944461169932,
					753.85841686121
				],
				[
					324.390435198408,
					703.642748653282
				],
				[
					327.04734886020316,
					697.0004644987941
				],
				[
					321.4678301704334,
					691.1552544428448
				],
				[
					261.95296414622237,
					636.6885243760445
				],
				[
					256.3734454564526,
					639.8768207701987
				],
				[
					216.79053316993574,
					602.0491719252103
				],
				[
					180.4439542765783,
					638.7145804579832
				],
				[
					169.28491689703876,
					628.1932023572745
				],
				[
					165.14013158463834,
					627.8743727178589
				]
			],
			"polygon.shape": 1,
			"polygon.shift": 2,
			"polygon.updates": [
				4
			]
		},
		{
			"polygon.id": "PLG_000001",
			"polygon.name": "building",
			"polygon.points": [
				[
					306.78536790592716,
					511.3553194574601
				],
				[
					366.8375681490996,
					566.449081148444
				],
				[
					384.4675718902144,
					551.0228278749685
				],
				[
					430.19539409373107,
					592.8940867601162
				],
				[
					340.3925625374273,
					682.69691831642
				],
				[
					299.0722412691894,
					643.0294098989116
				],
				[
					233.51066485691854,
					578.0187711035506
				]
			],
			"polygon.shape": 0,
			"polygon.shift": 2,
			"polygon.updates": [
				4
			]
		}
	]
}