{
	"info": {
		"info.name": "항공영상 도시건물 변화탐지 데이터",
		"info.id": "TIFF_CHANGE_safe_01",
		"info.date_created": "2021-04-09 09:00:00",
		"info.src_path": "/dataSet/change",
		"info.label_path": "/dataSet/change",
		"info.category": 2,
		"info.type": 1
	},
	"images": {
		"images.id": "2015_DMG_1LB_000022.tif",
		"images.type": "TIF",
		"images.data_captured": "2021-11-15 01:04:38",
		"images.size": 1439,
		"images.width": 1508,
		"images.height": 754,
		"images.h_resolution": 150,
		"images.v_resolution": 150,
		"images.bit": 24
	},
	"annotations": [
		{
			"polygon.id": "PLG_000000",
			"polygon.name": "building",
			"polygon.points": [
				[
					696.1267157845333,
					79.57861575603602
				],
				[
					656.4122181649566,
					115.7365912007252
				],
				[
					655.2267107733276,
					119.88586707142721
				],
				[
					688.4209177389438,
					154.26558142867268
				],
				[
					702.0542527426791,
					142.41050751238114
				],
				[
					712.7238192673415,
					132.9264483793479
				],
				[
					726.9499079668913,
					126.40615772538757
				],
				[
					735.0967151889889,
					120.38918167433957
				],
				[
					728.7971330195478,
					107.71630054676484
				]
			],
			"polygon.shape": 0,
			"polygon.shift": 1
		},
		{
			"polygon.id": "PLG_000001",
			"polygon.name": "building",
			"polygon.points": [
				[
					705.0513989628253,
					230.77634423506709
				],
				[
					670.968061453487,
					232.25822847460353
				],
				[
					670.4741000403083,
					365.13384861970445
				],
				[
					754.4475402807067,
					366.1217714460621
				],
				[
					751.4837718016338,
					251.02876217539847
				],
				[
					733.7011609271965,
					251.02876217539847
				],
				[
					727.7736239690507,
					246.08914804361032
				],
				[
					711.5496861970516,
					242.41015313686395
				]
			],
			"polygon.shape": 1,
			"polygon.shift": 2,
			"polygon.updates": [
				4
			]
		}
	]
}