{
	"info": {
		"info.name": "항공영상 도시건물 변화탐지 데이터",
		"info.id": "TIFF_CHANGE_safe_01",
		"info.date_created": "2021-04-09 09:00:00",
		"info.src_path": "/dataSet/change",
		"info.label_path": "/dataSet/change",
		"info.category": 2,
		"info.type": 1
	},
	"images": {
		"images.id": "2015_KSG_1LB_000029.tif",
		"images.type": "TIF",
		"images.data_captured": "2021-11-15 01:05:08",
		"images.size": 1554,
		"images.width": 1508,
		"images.height": 754,
		"images.h_resolution": 150,
		"images.v_resolution": 150,
		"images.bit": 24
	},
	"annotations": [
		{
			"polygon.id": "PLG_000000",
			"polygon.name": "building",
			"polygon.points": [
				[
					755.802535854139,
					369.664416971899
				],
				[
					759.0213130933616,
					370.46911128170467
				],
				[
					801.5362103799088,
					566.1199107460562
				],
				[
					800.570577208142,
					581.0872249084412
				],
				[
					756.1514513068707,
					587.8466571108086
				]
			],
			"polygon.shape": 1,
			"polygon.shift": 2,
			"polygon.updates": [
				1,
				3
			]
		}
	]
}