{
	"info": {
		"info.name": "항공영상 도시건물 변화탐지 데이터",
		"info.id": "TIFF_CHANGE_safe_01",
		"info.date_created": "2021-04-09 09:00:00",
		"info.src_path": "/dataSet/change",
		"info.label_path": "/dataSet/change",
		"info.category": 2,
		"info.type": 1
	},
	"images": {
		"images.id": "2015_DMG_1LB_000078.tif",
		"images.type": "TIF",
		"images.data_captured": "2021-11-15 01:04:42",
		"images.size": 1474,
		"images.width": 1508,
		"images.height": 754,
		"images.h_resolution": 150,
		"images.v_resolution": 150,
		"images.bit": 24
	},
	"annotations": [
		{
			"polygon.id": "PLG_000000",
			"polygon.name": "building",
			"polygon.points": [
				[
					1507.5093296817945,
					483.388272474352
				],
				[
					1415.3242749087115,
					450.6113641105892
				],
				[
					1295.4837037037037,
					416.81017736045874
				],
				[
					1175.2865616958688,
					385.65365983348084
				],
				[
					1161.4708232076273,
					392.44263988339645
				],
				[
					1150.036172839506,
					419.88301251956153
				],
				[
					1047.6083342027473,
					732.287920361676
				],
				[
					1040.596379269302,
					753.4857687680087
				],
				[
					1507.4905406894848,
					752.0009525954317
				]
			],
			"polygon.shape": 1,
			"polygon.shift": 2,
			"polygon.updates": [
				1
			]
		}
	]
}