{
	"info": {
		"info.name": "항공영상 도시건물 변화탐지 데이터",
		"info.id": "TIFF_CHANGE_safe_01",
		"info.date_created": "2021-04-09 09:00:00",
		"info.src_path": "/dataSet/change",
		"info.label_path": "/dataSet/change",
		"info.category": 2,
		"info.type": 1
	},
	"images": {
		"images.id": "2015_KSG_1LB_000016.tif",
		"images.type": "TIF",
		"images.data_captured": "2021-11-15 01:05:06",
		"images.size": 1434,
		"images.width": 1508,
		"images.height": 754,
		"images.h_resolution": 150,
		"images.v_resolution": 150,
		"images.bit": 24
	},
	"annotations": [
		{
			"polygon.id": "PLG_000000",
			"polygon.name": "building",
			"polygon.points": [
				[
					585.0308348746883,
					0.766752508163961
				],
				[
					588.3837278322118,
					23.957595464368154
				],
				[
					592.2954362826558,
					27.310488421891662
				],
				[
					660.7503341654273,
					20.60470250684466
				],
				[
					660.4709264189669,
					13.898916591797658
				],
				[
					746.4043311080877,
					7.6743329067656205
				],
				[
					745.8222316362954,
					0.6891392452583389
				]
			],
			"polygon.shape": 1,
			"polygon.shift": 2,
			"polygon.updates": [
				4
			]
		},
		{
			"polygon.id": "PLG_000001",
			"polygon.name": "building",
			"polygon.points": [
				[
					1357.047430473865,
					750.8331004372976
				],
				[
					1438.9139001867302,
					731.8333736779978
				],
				[
					1443.1050163836346,
					727.6422574810935
				],
				[
					1432.395160993474,
					506.9344574277149
				],
				[
					1323.1303824844174,
					512.134208201123
				],
				[
					1324.0960156561841,
					523.2389896764408
				],
				[
					1302.369269291432,
					524.687439434091
				],
				[
					1265.6752087642947,
					535.7922209094088
				],
				[
					1328.3930832705464,
					751.2507317484883
				]
			],
			"polygon.shape": 1,
			"polygon.shift": 2,
			"polygon.updates": [
				3
			]
		}
	]
}