{
	"info": {
		"info.name": "항공영상 도시건물 변화탐지 데이터",
		"info.id": "TIFF_CHANGE_safe_01",
		"info.date_created": "2021-04-09 09:00:00",
		"info.src_path": "/dataSet/change",
		"info.label_path": "/dataSet/change",
		"info.category": 2,
		"info.type": 1
	},
	"images": {
		"images.id": "2016_KSG_1LB_000014.tif",
		"images.type": "TIF",
		"images.data_captured": "2021-11-10 09:46:32",
		"images.size": 1576,
		"images.width": 1508,
		"images.height": 754,
		"images.h_resolution": 150,
		"images.v_resolution": 150,
		"images.bit": 24
	},
	"annotations": [
		{
			"polygon.id": "PLG_000000",
			"polygon.name": "building",
			"polygon.points": [
				[
					1365.912003156467,
					750.6298953012382
				],
				[
					1365.4306782177362,
					741.2440589959836
				],
				[
					1507.5755591237757,
					731.1073557863087
				],
				[
					1507.2290051678892,
					749.8212694041702
				]
			],
			"polygon.shape": 1,
			"polygon.shift": 2,
			"polygon.updates": [
				4,
				3
			]
		},
		{
			"polygon.id": "PLG_000001",
			"polygon.name": "building",
			"polygon.points": [
				[
					1507.1426409072321,
					639.244525764308
				],
				[
					1358.503145298846,
					656.784583082531
				],
				[
					1359.0021829953225,
					640.8153767952892
				],
				[
					1353.5127683340831,
					639.8173014023366
				],
				[
					1352.5146929411305,
					634.8269244375736
				],
				[
					1350.019504458749,
					634.3278867410972
				],
				[
					1334.617204994705,
					455.9917755283255
				],
				[
					1454.3197137894874,
					446.792847323279
				],
				[
					1456.3990375248054,
					444.29765884089744
				],
				[
					1465.1321972131407,
					444.71352358796105
				],
				[
					1469.7067094308402,
					440.55487611732514
				],
				[
					1497.1537827370369,
					440.55487611732514
				],
				[
					1501.1040456197343,
					511.6022975310657
				],
				[
					1505.8612698232373,
					511.5462723472586
				]
			],
			"polygon.shape": 1,
			"polygon.shift": 2,
			"polygon.updates": [
				3,
				1
			]
		}
	]
}