{
	"info": {
		"info.name": "항공영상 도시건물 변화탐지 데이터",
		"info.id": "TIFF_CHANGE_safe_01",
		"info.date_created": "2021-04-09 09:00:00",
		"info.src_path": "/dataSet/change",
		"info.label_path": "/dataSet/change",
		"info.category": 2,
		"info.type": 1
	},
	"images": {
		"images.id": "2016_YCG_1LB_000079.tif",
		"images.type": "TIF",
		"images.data_captured": "2021-11-10 09:47:24",
		"images.size": 1621,
		"images.width": 1508,
		"images.height": 754,
		"images.h_resolution": 150,
		"images.v_resolution": 150,
		"images.bit": 24
	},
	"annotations": [
		{
			"polygon.id": "PLG_000000",
			"polygon.name": "building",
			"polygon.points": [
				[
					1131.385939982887,
					136.94533064417556
				],
				[
					1211.3100782300453,
					111.74402579146803
				],
				[
					1274.673359002567,
					296.7936071384917
				],
				[
					1203.38966813348,
					317.67468830216364
				],
				[
					1140.7464246424643,
					157.82641180784748
				]
			],
			"polygon.shape": 0,
			"polygon.shift": 0
		}
	]
}