{
	"info": {
		"info.name": "항공영상 도시건물 변화탐지 데이터",
		"info.id": "TIFF_CHANGE_safe_01",
		"info.date_created": "2021-04-09 09:00:00",
		"info.src_path": "/dataSet/change",
		"info.label_path": "/dataSet/change",
		"info.category": 2,
		"info.type": 1
	},
	"images": {
		"images.id": "2016_MPG_1LB_000025.tif",
		"images.type": "TIF",
		"images.data_captured": "2021-11-10 09:46:54",
		"images.size": 1675,
		"images.width": 1508,
		"images.height": 754,
		"images.h_resolution": 150,
		"images.v_resolution": 150,
		"images.bit": 24
	},
	"annotations": [
		{
			"polygon.id": "PLG_000000",
			"polygon.name": "building",
			"polygon.points": [
				[
					759.6017830609213,
					686.7786032689451
				],
				[
					1134.921248142645,
					376.4398216939079
				],
				[
					957.9049034175334,
					181.49777117384843
				],
				[
					755.1203566121843,
					359.6344725111441
				]
			],
			"polygon.shape": 1,
			"polygon.shift": 2,
			"polygon.updates": [
				1
			]
		},
		{
			"polygon.id": "PLG_000001",
			"polygon.name": "building",
			"polygon.points": [
				[
					333.86627043090635,
					224.07132243684993
				],
				[
					268.8855869242199,
					116.51708766716196
				],
				[
					432.45765230312037,
					15.684992570579496
				],
				[
					486.2347696879644,
					101.95245170876672
				],
				[
					466.06835066864784,
					112.03566121842496
				],
				[
					476.15156017830606,
					135.5631500742942
				]
			],
			"polygon.shape": 0,
			"polygon.shift": 2,
			"polygon.updates": [
				4
			]
		},
		{
			"polygon.id": "PLG_000002",
			"polygon.name": "building",
			"polygon.points": [
				[
					427.97622585438336,
					308.09806835066865
				],
				[
					537.7711738484398,
					240.87667161961366
				],
				[
					591.5482912332839,
					318.1812778603269
				],
				[
					485.1144130757801,
					392.1248142644874
				],
				[
					431.33729569093606,
					322.6627043090639
				],
				[
					439.1797919762259,
					311.4591381872214
				],
				[
					435.81872213967307,
					305.85735512630015
				]
			],
			"polygon.shape": 0,
			"polygon.shift": 2,
			"polygon.updates": [
				4
			]
		}
	]
}