{
	"info": {
		"info.name": "항공영상 도시건물 변화탐지 데이터",
		"info.id": "TIFF_CHANGE_safe_01",
		"info.date_created": "2021-04-09 09:00:00",
		"info.src_path": "/dataSet/change",
		"info.label_path": "/dataSet/change",
		"info.category": 2,
		"info.type": 1
	},
	"images": {
		"images.id": "2016_MPG_1LB_000044.tif",
		"images.type": "TIF",
		"images.data_captured": "2021-11-10 09:46:56",
		"images.size": 1700,
		"images.width": 1508,
		"images.height": 754,
		"images.h_resolution": 150,
		"images.v_resolution": 150,
		"images.bit": 24
	},
	"annotations": [
		{
			"polygon.id": "PLG_000000",
			"polygon.name": "building",
			"polygon.points": [
				[
					1195.4205052005943,
					621.7979197622585
				],
				[
					1244.7161961367015,
					573.6225854383358
				],
				[
					1300.734026745914,
					628.520059435364
				],
				[
					1290.6508172362555,
					639.7236255572066
				],
				[
					1354.5111441307579,
					703.5839524517088
				],
				[
					1307.4561664190194,
					751.7592867756315
				],
				[
					1204.3833580980684,
					752.8796433878158
				],
				[
					1176.374442793462,
					721.5096582466567
				],
				[
					1208.8647845468054,
					685.6582466567608
				],
				[
					1188.698365527489,
					664.37147102526
				],
				[
					1207.7444279346212,
					638.6032689450223
				]
			],
			"polygon.shape": 1,
			"polygon.shift": 2,
			"polygon.updates": [
				3,
				1
			]
		}
	]
}