{
	"info": {
		"info.name": "항공영상 도시건물 변화탐지 데이터",
		"info.id": "TIFF_CHANGE_safe_01",
		"info.date_created": "2021-04-09 09:00:00",
		"info.src_path": "/dataSet/change",
		"info.label_path": "/dataSet/change",
		"info.category": 2,
		"info.type": 1
	},
	"images": {
		"images.id": "2016_KSG_1LB_000185.tif",
		"images.type": "TIF",
		"images.data_captured": "2021-11-10 09:46:50",
		"images.size": 1368,
		"images.width": 1508,
		"images.height": 754,
		"images.h_resolution": 150,
		"images.v_resolution": 150,
		"images.bit": 24
	},
	"annotations": [
		{
			"polygon.id": "PLG_000000",
			"polygon.name": "building",
			"polygon.points": [
				[
					914.55815186023,
					6.277226593591706
				],
				[
					912.5405744247446,
					3.106747766400275
				],
				[
					753.9097222468176,
					3.672362759873482
				],
				[
					755.0888313594595,
					243.42135685823285
				],
				[
					833.6302386694291,
					192.02116981134145
				],
				[
					779.5879859332115,
					106.75450438308698
				],
				[
					823.9074369327086,
					78.46038272830283
				],
				[
					823.66724914277,
					74.13700250940542
				],
				[
					816.2214276546688,
					64.52949091185562
				],
				[
					826.7896904119737,
					62.127613012468174
				]
			],
			"polygon.shape": 1,
			"polygon.shift": 2,
			"polygon.updates": [
				3
			]
		}
	]
}