{
	"info": {
		"info.name": "항공영상 도시건물 변화탐지 데이터",
		"info.id": "TIFF_CHANGE_safe_01",
		"info.date_created": "2021-04-09 09:00:00",
		"info.src_path": "/dataSet/change",
		"info.label_path": "/dataSet/change",
		"info.category": 2,
		"info.type": 1
	},
	"images": {
		"images.id": "2016_YCG_1LB_000058.tif",
		"images.type": "TIF",
		"images.data_captured": "2021-11-10 09:47:18",
		"images.size": 1700,
		"images.width": 1508,
		"images.height": 754,
		"images.h_resolution": 150,
		"images.v_resolution": 150,
		"images.bit": 24
	},
	"annotations": [
		{
			"polygon.id": "PLG_000000",
			"polygon.name": "building",
			"polygon.points": [
				[
					132.61640660066,
					208.12390759075905
				],
				[
					292.3748224422442,
					3.5734125412541147
				],
				[
					407.3411590759075,
					99.12984818481846
				],
				[
					255.04808976897687,
					299.2011353135313
				]
			],
			"polygon.shape": 0,
			"polygon.shift": 2,
			"polygon.updates": [
				4
			]
		},
		{
			"polygon.id": "PLG_000001",
			"polygon.name": "building",
			"polygon.points": [
				[
					330.1600748563744,
					2.4950847084708396
				],
				[
					425.20499601515695,
					63.69825363647473
				],
				[
					475.60760572057194,
					2.4950847084708396
				]
			],
			"polygon.shape": 1,
			"polygon.shift": 2,
			"polygon.updates": [
				4
			]
		},
		{
			"polygon.id": "PLG_000002",
			"polygon.name": "building",
			"polygon.points": [
				[
					1507.6151291284677,
					595.8903658476959
				],
				[
					1443.3302006356184,
					676.7649533064416
				],
				[
					1507.4999231634265,
					727.2539674856373
				]
			],
			"polygon.shape": 1,
			"polygon.shift": 2,
			"polygon.updates": [
				3
			]
		},
		{
			"polygon.id": "PLG_000003",
			"polygon.name": "building",
			"polygon.points": [
				[
					1291.249174917492,
					249.40995141180787
				],
				[
					1345.0066006600662,
					291.1485148514852
				],
				[
					1343.7623762376238,
					293.63696369636966
				],
				[
					1384.821782178218,
					328.4752475247525
				],
				[
					1317.6336633663368,
					419.30363036303635
				],
				[
					1223.0726072607263,
					348.3828382838284
				],
				[
					1254.0549291040215,
					309.6002678971601
				],
				[
					1249.2013201320133,
					308.5676567656766
				]
			],
			"polygon.shape": 0,
			"polygon.shift": 2,
			"polygon.updates": [
				3
			]
		}
	]
}