{
	"info": {
		"info.name": "항공영상 도시건물 변화탐지 데이터",
		"info.id": "TIFF_CHANGE_safe_01",
		"info.date_created": "2021-04-09 09:00:00",
		"info.src_path": "/dataSet/change",
		"info.label_path": "/dataSet/change",
		"info.category": 2,
		"info.type": 1
	},
	"images": {
		"images.id": "2016_KSG_1LB_000111.tif",
		"images.type": "TIF",
		"images.data_captured": "2021-11-10 09:46:42",
		"images.size": 1700,
		"images.width": 1508,
		"images.height": 754,
		"images.h_resolution": 150,
		"images.v_resolution": 150,
		"images.bit": 24
	},
	"annotations": [
		{
			"polygon.id": "PLG_000000",
			"polygon.name": "building",
			"polygon.points": [
				[
					1410.9807676023952,
					751.2170409555152
				],
				[
					1412.4218943420278,
					743.1467312135734
				],
				[
					1410.692542254469,
					741.1291537780879
				],
				[
					1250.9580544336063,
					681.2589845067964
				],
				[
					1249.516927693974,
					680.1060831150904
				],
				[
					1203.1126466778085,
					606.0321686979815
				],
				[
					1200.51861854647,
					605.1674926542021
				],
				[
					1111.4569860371832,
					660.506759456089
				],
				[
					1116.64504229986,
					668.5770691980307
				],
				[
					1008.5743716441254,
					739.9370537390638
				],
				[
					1003.3863153814485,
					739.0723776952843
				],
				[
					994.7395549436537,
					732.443194692975
				],
				[
					958.099599652307,
					753.2237402658425
				]
			],
			"polygon.shape": 1,
			"polygon.shift": 2,
			"polygon.updates": [
				3,
				1
			]
		},
		{
			"polygon.id": "PLG_000001",
			"polygon.name": "building",
			"polygon.points": [
				[
					1068.4398000373221,
					88.00282543213781
				],
				[
					1011.7170515653881,
					47.535986583258065
				],
				[
					1015.1757557405061,
					42.693800738092975
				],
				[
					964.1421938218805,
					3.9159852933359005
				],
				[
					956.0203853320725,
					3.3364373284982882
				],
				[
					897.17437679708,
					85.96103706742656
				],
				[
					1010.9177066004719,
					165.7898509314678
				]
			],
			"polygon.shape": 1,
			"polygon.shift": 2,
			"polygon.updates": [
				3
			]
		}
	]
}