{
	"info": {
		"info.name": "항공영상 도시건물 변화탐지 데이터",
		"info.id": "TIFF_CHANGE_safe_01",
		"info.date_created": "2021-04-09 09:00:00",
		"info.src_path": "/dataSet/change",
		"info.label_path": "/dataSet/change",
		"info.category": 2,
		"info.type": 1
	},
	"images": {
		"images.id": "2016_KSG_1LB_000168.tif",
		"images.type": "TIF",
		"images.data_captured": "2021-11-10 09:46:48",
		"images.size": 1715,
		"images.width": 1508,
		"images.height": 754,
		"images.h_resolution": 150,
		"images.v_resolution": 150,
		"images.bit": 24
	},
	"annotations": [
		{
			"polygon.id": "PLG_000000",
			"polygon.name": "building",
			"polygon.points": [
				[
					300.1130500158277,
					462.05282636031086
				],
				[
					414.16727889451647,
					399.79615120818823
				],
				[
					422.1361333139881,
					393.3214569923674
				],
				[
					422.63418671520515,
					386.3487093753297
				],
				[
					366.8522057789032,
					284.7458155270655
				],
				[
					362.8677785691674,
					283.2516553234145
				],
				[
					289.60080289414134,
					319.13806305910214
				],
				[
					263.45299933024984,
					343.2106441179229
				],
				[
					245.19104128562714,
					358.15224615443236
				],
				[
					248.09635279272618,
					363.9628691686305
				],
				[
					244.77599678461297,
					364.3779136696446
				],
				[
					242.28572977852807,
					366.0380916737013
				],
				[
					241.87068527751393,
					379.3195157061541
				],
				[
					250.5866197988111,
					389.28058373049373
				],
				[
					256.81228731402337,
					389.69562823150784
				],
				[
					263.0379548292356,
					399.65669625584746
				]
			],
			"polygon.shape": 0,
			"polygon.shift": 2,
			"polygon.updates": [
				4,
				3,
				0,
				1
			]
		},
		{
			"polygon.id": "PLG_000001",
			"polygon.name": "building",
			"polygon.points": [
				[
					1199.1405941023997,
					417.8390641423048
				],
				[
					1077.1472646437926,
					485.52568564837077
				],
				[
					1118.0740590428093,
					564.2310594926334
				],
				[
					1126.731650165678,
					564.2310594926334
				],
				[
					1143.2597786729732,
					590.2038328612402
				],
				[
					1258.9566782240395,
					527.23953378583
				]
			],
			"polygon.shape": 0,
			"polygon.shift": 2,
			"polygon.updates": [
				0,
				1,
				3,
				4
			]
		}
	]
}