{
	"info": {
		"info.name": "항공영상 도시건물 변화탐지 데이터",
		"info.id": "TIFF_CHANGE_safe_01",
		"info.date_created": "2021-04-09 09:00:00",
		"info.src_path": "/dataSet/change",
		"info.label_path": "/dataSet/change",
		"info.category": 2,
		"info.type": 1
	},
	"images": {
		"images.id": "2016_KSG_1LB_000047.tif",
		"images.type": "TIF",
		"images.data_captured": "2021-11-10 09:46:36",
		"images.size": 1482,
		"images.width": 1508,
		"images.height": 754,
		"images.h_resolution": 150,
		"images.v_resolution": 150,
		"images.bit": 24
	},
	"annotations": [
		{
			"polygon.id": "PLG_000000",
			"polygon.name": "building",
			"polygon.points": [
				[
					1164.1781022475468,
					2.4166666666666714
				],
				[
					1133.0995700116073,
					2.4166666666666714
				],
				[
					1091.2630843093807,
					16.162940540255363
				],
				[
					1094.2514047166826,
					22.737245436319512
				],
				[
					1061.9775443178223,
					35.28819114698746
				],
				[
					1116.962639812177,
					169.1649453941121
				],
				[
					1215.5772132531395,
					129.71911601772715
				],
				[
					1186.2916732615809,
					51.425121346417654
				],
				[
					1181.5103606098978,
					49.632129102036515
				]
			],
			"polygon.shape": 1,
			"polygon.shift": 2,
			"polygon.updates": [
				1,
				3,
				0
			]
		}
	]
}