{
	"info": {
		"info.name": "항공영상 도시건물 변화탐지 데이터",
		"info.id": "TIFF_CHANGE_safe_01",
		"info.date_created": "2021-04-09 09:00:00",
		"info.src_path": "/dataSet/change",
		"info.label_path": "/dataSet/change",
		"info.category": 2,
		"info.type": 1
	},
	"images": {
		"images.id": "2016_KSG_1LB_000176.tif",
		"images.type": "TIF",
		"images.data_captured": "2021-11-10 09:46:50",
		"images.size": 1784,
		"images.width": 1508,
		"images.height": 754,
		"images.h_resolution": 150,
		"images.v_resolution": 150,
		"images.bit": 24
	},
	"annotations": [
		{
			"polygon.id": "PLG_000000",
			"polygon.name": "building",
			"polygon.points": [
				[
					982.0792333119364,
					277.1123914403879
				],
				[
					901.1455556141769,
					167.95568767366612
				],
				[
					809.0056763890353,
					235.19289683795864
				],
				[
					821.872055920474,
					253.86989938359545
				],
				[
					813.9862104012052,
					260.0955668988077
				],
				[
					859.6411055127618,
					324.012420054987
				],
				[
					864.2065950239174,
					324.8425090570153
				],
				[
					869.6021735371014,
					321.5221530489021
				],
				[
					885.7889090766533,
					342.6894226006238
				],
				[
					893.6747545959222,
					342.6894226006238
				]
			],
			"polygon.shape": 0,
			"polygon.shift": 2,
			"polygon.updates": [
				2
			]
		}
	]
}