{
	"info": {
		"info.name": "항공영상 도시건물 변화탐지 데이터",
		"info.id": "TIFF_CHANGE_safe_01",
		"info.date_created": "2021-04-09 09:00:00",
		"info.src_path": "/dataSet/change",
		"info.label_path": "/dataSet/change",
		"info.category": 2,
		"info.type": 1
	},
	"images": {
		"images.id": "2016_KSG_1LB_000138.tif",
		"images.type": "TIF",
		"images.data_captured": "2021-11-10 09:46:46",
		"images.size": 1677,
		"images.width": 1508,
		"images.height": 754,
		"images.h_resolution": 150,
		"images.v_resolution": 150,
		"images.bit": 24
	},
	"annotations": [
		{
			"polygon.id": "PLG_000000",
			"polygon.name": "building",
			"polygon.points": [
				[
					1410.80132198715,
					389.36452764294836
				],
				[
					1294.0516096546526,
					243.10284548556146
				],
				[
					1289.1517787399023,
					242.81462013763496
				],
				[
					1128.0338092489922,
					374.8218294879692
				],
				[
					1127.7455839010656,
					378.8569843589401
				],
				[
					1243.981102212862,
					520.7215006083604
				]
			],
			"polygon.shape": 0,
			"polygon.shift": 0
		},
		{
			"polygon.id": "PLG_000001",
			"polygon.name": "building",
			"polygon.points": [
				[
					1500.0679191873894,
					440.53797662909034
				],
				[
					1495.0873851752197,
					431.82204210779315
				],
				[
					1448.1873565606206,
					447.5937331463309
				],
				[
					1447.7723120596065,
					460.0450681767554
				],
				[
					1430.3404430170121,
					460.0450681767554
				],
				[
					1432.4156655220827,
					478.3070262213781
				],
				[
					1399.627149941965,
					478.3070262213781
				],
				[
					1395.8917494328375,
					483.28756023354794
				],
				[
					1410.4183069683327,
					614.4416225540197
				],
				[
					1436.5661105322242,
					610.7062220448925
				],
				[
					1438.226288536281,
					608.6309995398217
				],
				[
					1483.0510946458094,
					605.3106435317084
				],
				[
					1482.6360501447953,
					564.2212379313074
				],
				[
					1507.5387202056443,
					562.976104428265
				],
				[
					1505.4634977005735,
					470.42118070210927
				]
			],
			"polygon.shape": 1,
			"polygon.shift": 2,
			"polygon.updates": [
				3
			]
		}
	]
}