{
	"info": {
		"info.name": "항공영상 도시건물 변화탐지 데이터",
		"info.id": "TIFF_CHANGE_safe_01",
		"info.date_created": "2021-04-09 09:00:00",
		"info.src_path": "/dataSet/change",
		"info.label_path": "/dataSet/change",
		"info.category": 2,
		"info.type": 1
	},
	"images": {
		"images.id": "2016_KSG_1LB_000102.tif",
		"images.type": "TIF",
		"images.data_captured": "2021-11-10 09:46:42",
		"images.size": 1767,
		"images.width": 1508,
		"images.height": 754,
		"images.h_resolution": 150,
		"images.v_resolution": 150,
		"images.bit": 24
	},
	"annotations": [
		{
			"polygon.id": "PLG_000000",
			"polygon.name": "building",
			"polygon.points": [
				[
					650.3402422482724,
					88.95174671753534
				],
				[
					569.3654044001266,
					1.597149678168165
				],
				[
					489.8760815658964,
					0.4018215152474056
				],
				[
					434.89098607154165,
					55.98458109106255
				],
				[
					575.9397092961908,
					201.21695288593438
				],
				[
					617.1785309169569,
					161.77112350954943
				],
				[
					549.0448256304738,
					91.84442597868522
				],
				[
					566.9747480742851,
					76.30515986071538
				],
				[
					612.6986266898144,
					123.63029040916966
				]
			],
			"polygon.shape": 1,
			"polygon.shift": 2,
			"polygon.updates": [
				4
			]
		},
		{
			"polygon.id": "PLG_000001",
			"polygon.name": "building",
			"polygon.points": [
				[
					1358.0234026019136,
					1.723716336627902
				],
				[
					1392.0570516850742,
					39.907810429929825
				],
				[
					1394.9623631921731,
					39.49276592891569
				],
				[
					1423.1853892611355,
					68.96092550092042
				],
				[
					1490.1735717248193,
					12.479013518108204
				],
				[
					1488.6794115211683,
					7.498479505938377
				],
				[
					1481.7066639041307,
					0.525731888900637
				]
			],
			"polygon.shape": 1,
			"polygon.shift": 2,
			"polygon.updates": [
				3
			]
		}
	]
}