{
	"info": {
		"info.name": "항공영상 도시건물 변화탐지 데이터",
		"info.id": "TIFF_CHANGE_safe_01",
		"info.date_created": "2021-04-09 09:00:00",
		"info.src_path": "/dataSet/change",
		"info.label_path": "/dataSet/change",
		"info.category": 2,
		"info.type": 1
	},
	"images": {
		"images.id": "2016_YCG_1LB_000060.tif",
		"images.type": "TIF",
		"images.data_captured": "2021-11-10 09:47:20",
		"images.size": 1792,
		"images.width": 1508,
		"images.height": 754,
		"images.h_resolution": 150,
		"images.v_resolution": 150,
		"images.bit": 24
	},
	"annotations": [
		{
			"polygon.id": "PLG_000000",
			"polygon.name": "building",
			"polygon.points": [
				[
					356.6776677667768,
					231.4257425742574
				],
				[
					426.14686468646875,
					147.44059405940592
				],
				[
					543.3113311331134,
					249.05225522552254
				],
				[
					511.1688668866888,
					287.41584158415844
				],
				[
					503.91089108910904,
					284.30528052805283
				],
				[
					465.5473047304732,
					325.7794279427943
				]
			],
			"polygon.shape": 0,
			"polygon.shift": 1
		}
	]
}