{
	"info": {
		"info.name": "항공영상 도시건물 변화탐지 데이터",
		"info.id": "TIFF_CHANGE_safe_01",
		"info.date_created": "2021-04-09 09:00:00",
		"info.src_path": "/dataSet/change",
		"info.label_path": "/dataSet/change",
		"info.category": 2,
		"info.type": 1
	},
	"images": {
		"images.id": "2016_KSG_1LB_000028.tif",
		"images.type": "TIF",
		"images.data_captured": "2021-11-10 09:46:34",
		"images.size": 1526,
		"images.width": 1508,
		"images.height": 754,
		"images.h_resolution": 150,
		"images.v_resolution": 150,
		"images.bit": 24
	},
	"annotations": [
		{
			"polygon.id": "PLG_000000",
			"polygon.name": "building",
			"polygon.points": [
				[
					1449.178232276465,
					0.44632112857686224
				],
				[
					1490.4759120195852,
					28.17063759948263
				],
				[
					1503.7604803285608,
					28.17063759948263
				],
				[
					1503.748836572361,
					0.47302371682751243
				]
			],
			"polygon.shape": 1,
			"polygon.shift": 2,
			"polygon.updates": [
				4,
				3
			]
		}
	]
}