{
	"info": {
		"info.name": "항공영상 도시건물 변화탐지 데이터",
		"info.id": "TIFF_CHANGE_safe_01",
		"info.date_created": "2021-04-09 09:00:00",
		"info.src_path": "/dataSet/change",
		"info.label_path": "/dataSet/change",
		"info.category": 2,
		"info.type": 1
	},
	"images": {
		"images.id": "2016_KSG_1LB_000026.tif",
		"images.type": "TIF",
		"images.data_captured": "2021-11-10 09:46:32",
		"images.size": 1565,
		"images.width": 1508,
		"images.height": 754,
		"images.h_resolution": 150,
		"images.v_resolution": 150,
		"images.bit": 24
	},
	"annotations": [
		{
			"polygon.id": "PLG_000000",
			"polygon.name": "building",
			"polygon.points": [
				[
					623.6378951552565,
					391.18566344808795
				],
				[
					609.9272261666587,
					383.88263848224597
				],
				[
					628.6111975227316,
					349.3891529018038
				],
				[
					597.7107833569188,
					333.57963867743456
				],
				[
					588.3687976788824,
					345.79608148717443
				],
				[
					479.13942667414904,
					301.96061022869594
				],
				[
					472.6718981278161,
					306.99091020917706
				],
				[
					377.8148127816004,
					266.74851036532795
				],
				[
					374.221741366971,
					272.49742462873496
				],
				[
					366.31698425478635,
					302.6792245116218
				],
				[
					361.28668427430523,
					347.95192433595207
				],
				[
					362.72391284015697,
					357.29391001398847
				],
				[
					446.08316965955873,
					387.4757098968753
				],
				[
					431.71088400104117,
					432.02979543827973
				],
				[
					487.0441837863337,
					455.02545249190774
				],
				[
					502.1350837277771,
					423.4064240431692
				],
				[
					521.5376693667758,
					432.7484097212056
				],
				[
					516.5073693862946,
					446.40208109679725
				],
				[
					587.6501833959564,
					474.42803813090643
				]
			],
			"polygon.shape": 0,
			"polygon.shift": 2,
			"polygon.updates": [
				4,
				1,
				3
			]
		}
	]
}