{
	"info": {
		"info.name": "항공영상 도시건물 변화탐지 데이터",
		"info.id": "TIFF_CHANGE_safe_01",
		"info.date_created": "2021-04-09 09:00:00",
		"info.src_path": "/dataSet/change",
		"info.label_path": "/dataSet/change",
		"info.category": 2,
		"info.type": 1
	},
	"images": {
		"images.id": "2016_YCG_1LB_000078.tif",
		"images.type": "TIF",
		"images.data_captured": "2021-11-10 09:47:24",
		"images.size": 1697,
		"images.width": 1508,
		"images.height": 754,
		"images.h_resolution": 150,
		"images.v_resolution": 150,
		"images.bit": 24
	},
	"annotations": [
		{
			"polygon.id": "PLG_000000",
			"polygon.name": "building",
			"polygon.points": [
				[
					1172.1582265452473,
					753.3583411767099
				],
				[
					1135.8510909963013,
					659.3748859767661
				],
				[
					1165.390798257065,
					647.7875971306404
				],
				[
					1221.819275520515,
					625.7270104510446
				],
				[
					1227.4395665233806,
					641.5878316797725
				],
				[
					1269.1616491097257,
					752.7535098602448
				]
			],
			"polygon.shape": 1,
			"polygon.shift": 0
		},
		{
			"polygon.id": "PLG_000001",
			"polygon.name": "building",
			"polygon.points": [
				[
					893.9009841750122,
					702.1995852979494
				],
				[
					984.729367013296,
					683.5362189613157
				],
				[
					1003.3927333499297,
					751.9685621956392
				],
				[
					902.2994990264974,
					753.8003370397903
				]
			],
			"polygon.shape": 1,
			"polygon.shift": 2,
			"polygon.updates": [
				2
			]
		}
	]
}