{
	"info": {
		"info.name": "항공영상 도시건물 변화탐지 데이터",
		"info.id": "TIFF_CHANGE_safe_01",
		"info.date_created": "2021-04-09 09:00:00",
		"info.src_path": "/dataSet/change",
		"info.label_path": "/dataSet/change",
		"info.category": 2,
		"info.type": 1
	},
	"images": {
		"images.id": "2016_KSG_1LB_000177.tif",
		"images.type": "TIF",
		"images.data_captured": "2021-11-10 09:46:50",
		"images.size": 1472,
		"images.width": 1508,
		"images.height": 754,
		"images.h_resolution": 150,
		"images.v_resolution": 150,
		"images.bit": 24
	},
	"annotations": [
		{
			"polygon.id": "PLG_000000",
			"polygon.name": "building",
			"polygon.points": [
				[
					951.2701473757693,
					376.80750730407084
				],
				[
					947.8114432006514,
					369.890098953835
				],
				[
					900.2542607927799,
					347.98497251142146
				],
				[
					893.8612549544501,
					346.60852425923827
				],
				[
					890.200615725437,
					346.22338487320707
				],
				[
					887.8696939762549,
					350.67235992095533
				],
				[
					885.8429933964552,
					357.2081836450692
				],
				[
					848.950148861864,
					439.928858499973
				],
				[
					848.373698166011,
					453.1872245045917
				],
				[
					878.3491343503664,
					468.463167944696
				],
				[
					881.5196131775579,
					458.6635061151952
				],
				[
					908.3245705347217,
					469.9042946843284
				]
			],
			"polygon.shape": 0,
			"polygon.shift": 2,
			"polygon.updates": [
				3
			]
		},
		{
			"polygon.id": "PLG_000001",
			"polygon.name": "building",
			"polygon.points": [
				[
					1472.2131237150084,
					580.6025673633828
				],
				[
					1290.9219915416961,
					480.46923691837765
				],
				[
					1204.8583638114017,
					628.6899291205514
				],
				[
					1225.1789425810546,
					644.8268593199815
				],
				[
					1311.8402343928092,
					634.0689058536948
				],
				[
					1316.6215470444922,
					629.8852572834721
				],
				[
					1397.9038621231036,
					618.5296397357249
				],
				[
					1455.8772780247602,
					608.9670144323588
				]
			],
			"polygon.shape": 0,
			"polygon.shift": 2,
			"polygon.updates": [
				3
			]
		}
	]
}