{
	"info": {
		"info.name": "항공영상 도시건물 변화탐지 데이터",
		"info.id": "TIFF_CHANGE_safe_01",
		"info.date_created": "2021-04-09 09:00:00",
		"info.src_path": "/dataSet/change",
		"info.label_path": "/dataSet/change",
		"info.category": 2,
		"info.type": 1
	},
	"images": {
		"images.id": "2016_MPG_1LB_000015.tif",
		"images.type": "TIF",
		"images.data_captured": "2021-11-10 09:46:52",
		"images.size": 1640,
		"images.width": 1508,
		"images.height": 754,
		"images.h_resolution": 150,
		"images.v_resolution": 150,
		"images.bit": 24
	},
	"annotations": [
		{
			"polygon.id": "PLG_000000",
			"polygon.name": "building",
			"polygon.points": [
				[
					1052.0148588410104,
					217.34918276374444
				],
				[
					1115.8751857355128,
					107.55423476968797
				],
				[
					1425.0936106983656,
					262.1634472511144
				],
				[
					1371.3164933135215,
					376.4398216939079
				],
				[
					1266.002971768202,
					336.1069836552749
				],
				[
					1260.4011887072809,
					342.8291233283804
				],
				[
					1226.7904903417534,
					326.02377414561664
				],
				[
					1234.6329866270432,
					303.61664190193164
				],
				[
					1203.2630014858842,
					287.93164933135216
				],
				[
					1193.179791976226,
					298.0148588410104
				]
			],
			"polygon.shape": 0,
			"polygon.shift": 2,
			"polygon.updates": [
				3
			]
		},
		{
			"polygon.id": "PLG_000001",
			"polygon.name": "building",
			"polygon.points": [
				[
					752.8796433878158,
					97.47102526002972
				],
				[
					796.5735512630015,
					122.11887072808321
				],
				[
					867.1560178306092,
					4.481426448736999
				],
				[
					752.8796433878158,
					5.601783060921248
				]
			],
			"polygon.shape": 1,
			"polygon.shift": 2,
			"polygon.updates": [
				3
			]
		}
	]
}