{
	"info": {
		"info.name": "항공영상 도시건물 변화탐지 데이터",
		"info.id": "TIFF_CHANGE_safe_01",
		"info.date_created": "2021-04-09 09:00:00",
		"info.src_path": "/dataSet/change",
		"info.label_path": "/dataSet/change",
		"info.category": 2,
		"info.type": 1
	},
	"images": {
		"images.id": "2016_KSG_1LB_000078.tif",
		"images.type": "TIF",
		"images.data_captured": "2021-11-10 09:46:38",
		"images.size": 1825,
		"images.width": 1508,
		"images.height": 754,
		"images.h_resolution": 150,
		"images.v_resolution": 150,
		"images.bit": 24
	},
	"annotations": [
		{
			"polygon.id": "PLG_000000",
			"polygon.name": "building",
			"polygon.points": [
				[
					1299.0524012326136,
					0.7344565509967538
				],
				[
					1160.7042342278967,
					1.7720678035321384
				],
				[
					1133.726341661977,
					61.26177961556047
				],
				[
					1234.0287627403968,
					110.72124931974685
				],
				[
					1242.6755231781915,
					103.80384096951099
				]
			],
			"polygon.shape": 1,
			"polygon.shift": 2,
			"polygon.updates": [
				3
			]
		},
		{
			"polygon.id": "PLG_000001",
			"polygon.name": "building",
			"polygon.points": [
				[
					1055.0911684575522,
					520.6007222896369
				],
				[
					938.0486191715615,
					462.07944764664154
				],
				[
					898.6193915752172,
					544.2582588474435
				],
				[
					968.7619122466087,
					577.8768634295898
				],
				[
					961.7061557293682,
					592.8184654660992
				],
				[
					1009.0212288449814,
					613.5706905168067
				]
			],
			"polygon.shape": 0,
			"polygon.shift": 2,
			"polygon.updates": [
				3
			]
		}
	]
}