{
	"info": {
		"info.name": "항공영상 도시건물 변화탐지 데이터",
		"info.id": "TIFF_CHANGE_safe_01",
		"info.date_created": "2021-04-09 09:00:00",
		"info.src_path": "/dataSet/change",
		"info.label_path": "/dataSet/change",
		"info.category": 2,
		"info.type": 1
	},
	"images": {
		"images.id": "2016_MPG_1LB_000020.tif",
		"images.type": "TIF",
		"images.data_captured": "2021-11-10 09:46:54",
		"images.size": 1612,
		"images.width": 1508,
		"images.height": 754,
		"images.h_resolution": 150,
		"images.v_resolution": 150,
		"images.bit": 24
	},
	"annotations": [
		{
			"polygon.id": "PLG_000000",
			"polygon.name": "building",
			"polygon.points": [
				[
					1246.9569093610698,
					684.5378900445766
				],
				[
					1285.0490341753343,
					647.5661218424963
				],
				[
					1310.8172362555722,
					675.5750371471025
				],
				[
					1506.8796433878158,
					501.91976225854387
				],
				[
					1504.6389301634474,
					203.90490341753343
				],
				[
					1484.4725111441307,
					178.1367013372957
				],
				[
					1240.2347696879644,
					401.08766716196135
				],
				[
					1233.5126300148588,
					342.8291233283804
				],
				[
					1103.551263001486,
					345.0698365527489
				],
				[
					1110.2734026745914,
					504.1604754829123
				],
				[
					1095.7087667161961,
					507.5215453194651
				],
				[
					1124.8380386329866,
					540.0118870728083
				],
				[
					1128.1991084695394,
					748.3982169390788
				],
				[
					1253.6790490341755,
					752.8796433878158
				]
			],
			"polygon.shape": 1,
			"polygon.shift": 2,
			"polygon.updates": [
				1
			]
		}
	]
}