{
	"info": {
		"info.name": "항공영상 도시건물 변화탐지 데이터",
		"info.id": "TIFF_CHANGE_safe_01",
		"info.date_created": "2021-04-09 09:00:00",
		"info.src_path": "/dataSet/change",
		"info.label_path": "/dataSet/change",
		"info.category": 2,
		"info.type": 1
	},
	"images": {
		"images.id": "2016_KSG_1LB_000017.tif",
		"images.type": "TIF",
		"images.data_captured": "2021-11-10 09:46:32",
		"images.size": 1684,
		"images.width": 1508,
		"images.height": 754,
		"images.h_resolution": 150,
		"images.v_resolution": 150,
		"images.bit": 24
	},
	"annotations": [
		{
			"polygon.id": "PLG_000000",
			"polygon.name": "building",
			"polygon.points": [
				[
					973.3487955957632,
					442.60161413674774
				],
				[
					936.3235474997339,
					444.1940285249841
				],
				[
					925.095199329017,
					449.60027023681073
				],
				[
					808.2372054041492,
					459.5810241663368
				],
				[
					826.1193895278834,
					637.1552711624881
				],
				[
					831.52563123971,
					638.8187301507425
				],
				[
					984.5638581591098,
					623.4317345093898
				],
				[
					987.474911388555,
					615.9461690622452
				],
				[
					980.9036718340852,
					516.6948499052432
				],
				[
					975.4011651345123,
					507.8307698335732
				]
			],
			"polygon.shape": 0,
			"polygon.shift": 2,
			"polygon.updates": [
				3,
				1
			]
		},
		{
			"polygon.id": "PLG_000001",
			"polygon.name": "building",
			"polygon.points": [
				[
					840.0018573981622,
					753.4556562769303
				],
				[
					840.2985450513346,
					744.9280533867012
				],
				[
					1024.1165391527045,
					729.2769707956313
				],
				[
					1024.405334115943,
					744.2943088840386
				],
				[
					1027.0044887850904,
					744.8718988105159
				],
				[
					1026.755933625791,
					752.7497130334581
				]
			],
			"polygon.shape": 1,
			"polygon.shift": 2,
			"polygon.updates": [
				4,
				3
			]
		}
	]
}