{
	"info": {
		"info.name": "항공영상 도시건물 변화탐지 데이터",
		"info.id": "TIFF_CHANGE_safe_01",
		"info.date_created": "2021-04-09 09:00:00",
		"info.src_path": "/dataSet/change",
		"info.label_path": "/dataSet/change",
		"info.category": 2,
		"info.type": 1
	},
	"images": {
		"images.id": "2016_YCG_1LB_000083.tif",
		"images.type": "TIF",
		"images.data_captured": "2021-11-10 09:47:24",
		"images.size": 1727,
		"images.width": 1508,
		"images.height": 754,
		"images.h_resolution": 150,
		"images.v_resolution": 150,
		"images.bit": 24
	},
	"annotations": [
		{
			"polygon.id": "PLG_000000",
			"polygon.name": "building",
			"polygon.points": [
				[
					1354.9603960396041,
					79.63036303630363
				],
				[
					1493.0693069306933,
					156.77227722772278
				],
				[
					1399.752475247525,
					329.71947194719473
				],
				[
					1398.5082508250825,
					337.1848184818482
				],
				[
					1252.9339933993401,
					265.01980198019805
				]
			],
			"polygon.shape": 1,
			"polygon.shift": 0
		},
		{
			"polygon.id": "PLG_000001",
			"polygon.name": "building",
			"polygon.points": [
				[
					1506.7557755775579,
					243.86798679867988
				],
				[
					1447.0330033003302,
					354.6039603960396
				],
				[
					1507.8271910524384,
					388.02521085441873
				]
			],
			"polygon.shape": 1,
			"polygon.shift": 0
		},
		{
			"polygon.id": "PLG_000002",
			"polygon.name": "building",
			"polygon.points": [
				[
					752.5721833516683,
					624.1990023028967
				],
				[
					731.8351096442975,
					614.8673191345799
				],
				[
					673.7713032636594,
					724.7738097836448
				],
				[
					731.8351096442975,
					748.6214445471212
				],
				[
					743.2405001833514,
					722.7001024129077
				],
				[
					748.4247686101941,
					722.7001024129077
				],
				[
					754.7898981787066,
					729.1804379464611
				]
			],
			"polygon.shape": 1,
			"polygon.shift": 1
		}
	]
}