{
	"info": {
		"info.name": "항공영상 도시건물 변화탐지 데이터",
		"info.id": "TIFF_CHANGE_safe_01",
		"info.date_created": "2021-04-09 09:00:00",
		"info.src_path": "/dataSet/change",
		"info.label_path": "/dataSet/change",
		"info.category": 2,
		"info.type": 1
	},
	"images": {
		"images.id": "2016_YCG_1LB_000085.tif",
		"images.type": "TIF",
		"images.data_captured": "2021-11-10 09:47:24",
		"images.size": 1693,
		"images.width": 1508,
		"images.height": 754,
		"images.h_resolution": 150,
		"images.v_resolution": 150,
		"images.bit": 24
	},
	"annotations": [
		{
			"polygon.id": "PLG_000000",
			"polygon.name": "building",
			"polygon.points": [
				[
					829.8332112944623,
					84.32661899523279
				],
				[
					967.7928152548585,
					157.78562889622285
				],
				[
					878.208656839017,
					335.1622625595892
				],
				[
					756.3742013934724,
					267.07830216354955
				],
				[
					754.5825182251555,
					209.74444077741097
				],
				[
					819.0831122845615,
					89.70166850018327
				]
			],
			"polygon.shape": 1,
			"polygon.shift": 0
		},
		{
			"polygon.id": "PLG_000001",
			"polygon.name": "building",
			"polygon.points": [
				[
					1010.7932112944624,
					182.8691932526585
				],
				[
					1155.9195479281257,
					256.3282031536486
				],
				[
					1066.335389512284,
					433.7048368170149
				],
				[
					924.7924192152544,
					354.8707774110743
				]
			],
			"polygon.shape": 0,
			"polygon.shift": 0
		},
		{
			"polygon.id": "PLG_000002",
			"polygon.name": "building",
			"polygon.points": [
				[
					266.00055165089805,
					491.4773022427574
				],
				[
					353.7930268984227,
					530.8943319457276
				],
				[
					355.5847100667396,
					543.4361141239455
				],
				[
					380.66827442317515,
					559.561262638797
				],
				[
					341.2512447202049,
					640.1870052130544
				],
				[
					262.1351611118443,
					606.4270492174549
				],
				[
					254.1728116947466,
					608.8094317177861
				],
				[
					213.22925841934452,
					583.6837159640548
				]
			],
			"polygon.shape": 0,
			"polygon.shift": 2,
			"polygon.updates": [
				4
			]
		},
		{
			"polygon.id": "PLG_000003",
			"polygon.name": "building",
			"polygon.points": [
				[
					210.2322471648941,
					611.6379532634147
				],
				[
					323.9981376428307,
					661.3205256873238
				],
				[
					280.795900752475,
					752.0452231570707
				],
				[
					223.9129555135067,
					726.1238810228573
				],
				[
					205.91202347585852,
					753.4852977200826
				],
				[
					149.0290782368902,
					723.2437318968337
				],
				[
					181.43075590465696,
					659.160413842806
				],
				[
					185.0309423121866,
					659.8804511243119
				]
			],
			"polygon.shape": 0,
			"polygon.shift": 2,
			"polygon.updates": [
				4
			]
		}
	]
}