{
	"info": {
		"info.name": "항공영상 도시건물 변화탐지 데이터",
		"info.id": "TIFF_CHANGE_safe_01",
		"info.date_created": "2021-04-09 09:00:00",
		"info.src_path": "/dataSet/change",
		"info.label_path": "/dataSet/change",
		"info.category": 2,
		"info.type": 1
	},
	"images": {
		"images.id": "2016_KSG_1LB_000158.tif",
		"images.type": "TIF",
		"images.data_captured": "2021-11-10 09:46:48",
		"images.size": 1728,
		"images.width": 1508,
		"images.height": 754,
		"images.h_resolution": 150,
		"images.v_resolution": 150,
		"images.bit": 24
	},
	"annotations": [
		{
			"polygon.id": "PLG_000000",
			"polygon.name": "building",
			"polygon.points": [
				[
					1505.4208615684197,
					223.11229890889308
				],
				[
					1439.0161224983294,
					263.75368545777485
				],
				[
					1480.3545547993388,
					323.5200936038126
				],
				[
					1483.3900688743101,
					329.1269620827522
				],
				[
					1485.5694368050981,
					342.49331651772735
				],
				[
					1504.7591714589707,
					373.82348712672774
				],
				[
					1506.7513850638388,
					370.83516671942584
				]
			],
			"polygon.shape": 1,
			"polygon.shift": 2,
			"polygon.updates": [
				2
			]
		},
		{
			"polygon.id": "PLG_000001",
			"polygon.name": "building",
			"polygon.points": [
				[
					755.8599306215048,
					158.10729925081773
				],
				[
					822.7983077450671,
					146.1540176216102
				],
				[
					852.6815118180859,
					300.35135063838766
				],
				[
					808.4543697900181,
					307.5233196159122
				],
				[
					810.2473620343992,
					317.6836090007386
				],
				[
					756.4575947029651,
					330.83221879286697
				]
			],
			"polygon.shape": 1,
			"polygon.shift": 2,
			"polygon.updates": [
				3
			]
		}
	]
}