{
	"info": {
		"info.name": "항공영상 도시건물 변화탐지 데이터",
		"info.id": "TIFF_CHANGE_safe_01",
		"info.date_created": "2021-04-09 09:00:00",
		"info.src_path": "/dataSet/change",
		"info.label_path": "/dataSet/change",
		"info.category": 2,
		"info.type": 1
	},
	"images": {
		"images.id": "2016_KSG_1LB_000082.tif",
		"images.type": "TIF",
		"images.data_captured": "2021-11-10 09:46:40",
		"images.size": 1792,
		"images.width": 1508,
		"images.height": 754,
		"images.h_resolution": 150,
		"images.v_resolution": 150,
		"images.bit": 24
	},
	"annotations": [
		{
			"polygon.id": "PLG_000000",
			"polygon.name": "building",
			"polygon.points": [
				[
					1030.2827965073334,
					644.716819888502
				],
				[
					1022.3139420878617,
					636.2499120678133
				],
				[
					1037.249704328022,
					618.8375670594874
				],
				[
					995.2464215494491,
					578.9679311315114
				],
				[
					991.4346312124088,
					583.4562515388133
				],
				[
					970.0183349600786,
					566.5224358974359
				],
				[
					875.3881887288521,
					668.1253297457001
				],
				[
					880.2937088611706,
					672.020908258884
				],
				[
					882.1624867277354,
					677.33686128665
				],
				[
					946.5763156731305,
					736.8923637673959
				]
			],
			"polygon.shape": 0,
			"polygon.shift": 2,
			"polygon.updates": [
				1,
				3
			]
		},
		{
			"polygon.id": "PLG_000001",
			"polygon.name": "building",
			"polygon.points": [
				[
					1333.6836878113886,
					1.5926469649463826
				],
				[
					1286.4604635048308,
					37.797118933307246
				],
				[
					1350.9988700571262,
					147.9846423152751
				],
				[
					1441.5100499780283,
					79.5109670707665
				],
				[
					1459.6122859622087,
					79.5109670707665
				],
				[
					1469.0569308235204,
					37.01006519486462
				],
				[
					1471.4180920388483,
					0.8055932265037526
				]
			],
			"polygon.shape": 1,
			"polygon.shift": 2,
			"polygon.updates": [
				2
			]
		}
	]
}