{
	"info": {
		"info.name": "항공영상 도시건물 변화탐지 데이터",
		"info.id": "TIFF_CHANGE_safe_01",
		"info.date_created": "2021-04-09 09:00:00",
		"info.src_path": "/dataSet/change",
		"info.label_path": "/dataSet/change",
		"info.category": 2,
		"info.type": 1
	},
	"images": {
		"images.id": "2016_YCG_1LB_000053.tif",
		"images.type": "TIF",
		"images.data_captured": "2021-11-10 09:47:18",
		"images.size": 1704,
		"images.width": 1508,
		"images.height": 754,
		"images.h_resolution": 150,
		"images.v_resolution": 150,
		"images.bit": 24
	},
	"annotations": [
		{
			"polygon.id": "PLG_000000",
			"polygon.name": "building",
			"polygon.points": [
				[
					1191.0130913091311,
					1.0783278327833017
				],
				[
					1145.3915291529154,
					54.99471947194722
				],
				[
					1149.5389438943896,
					73.65808580858088
				],
				[
					1234.5609460946096,
					129.64818481848187
				],
				[
					1339.283168316832,
					0.04147414741476041
				]
			],
			"polygon.shape": 1,
			"polygon.shift": 2,
			"polygon.updates": [
				1,
				3
			]
		},
		{
			"polygon.id": "PLG_000001",
			"polygon.name": "building",
			"polygon.points": [
				[
					1506.7225962596265,
					151.98616061606162
				],
				[
					1412.3689108910896,
					272.2611881188119
				],
				[
					1415.4794719471952,
					286.7771397139714
				]
			],
			"polygon.shape": 1,
			"polygon.shift": 2,
			"polygon.updates": [
				4
			]
		},
		{
			"polygon.id": "PLG_000002",
			"polygon.name": "building",
			"polygon.points": [
				[
					1093.6982993766046,
					508.49769226255944
				],
				[
					1245.472960176018,
					547.7046046204619
				],
				[
					1255.426755555556,
					551.4372778877887
				],
				[
					1211.8789007700773,
					711.9422283828382
				],
				[
					1047.641277007701,
					667.1501491749173
				],
				[
					1070.0373166116615,
					578.8102151815181
				],
				[
					1077.502663146315,
					581.2986640264025
				]
			],
			"polygon.shape": 0,
			"polygon.shift": 2,
			"polygon.updates": [
				3
			]
		}
	]
}