{
	"info": {
		"info.name": "항공영상 도시건물 변화탐지 데이터",
		"info.id": "TIFF_CHANGE_safe_01",
		"info.date_created": "2021-04-09 09:00:00",
		"info.src_path": "/dataSet/change",
		"info.label_path": "/dataSet/change",
		"info.category": 2,
		"info.type": 1
	},
	"images": {
		"images.id": "2016_KSG_1LB_000119.tif",
		"images.type": "TIF",
		"images.data_captured": "2021-11-10 09:46:44",
		"images.size": 1613,
		"images.width": 1508,
		"images.height": 754,
		"images.h_resolution": 150,
		"images.v_resolution": 150,
		"images.bit": 24
	},
	"annotations": [
		{
			"polygon.id": "PLG_000000",
			"polygon.name": "building",
			"polygon.points": [
				[
					910.9515840964411,
					115.15438866403369
				],
				[
					792.7774027760288,
					62.20417867312152
				],
				[
					754.2115998541891,
					146.46709406467855
				],
				[
					754.9752817360551,
					238.78959287026635
				],
				[
					797.4290334122863,
					258.5679003014802
				],
				[
					808.9310668678949,
					227.58339134288428
				],
				[
					828.0231139145459,
					234.63914786012484
				],
				[
					834.248781429758,
					220.94267932665784
				],
				[
					839.6443599429421,
					222.1878128297003
				],
				[
					866.9101235960384,
					165.35920111169833
				],
				[
					885.4290871660514,
					173.61732347741824
				]
			],
			"polygon.shape": 1,
			"polygon.shift": 2,
			"polygon.updates": [
				2,
				3
			]
		}
	]
}