{
	"info": {
		"info.name": "항공영상 도시건물 변화탐지 데이터",
		"info.id": "TIFF_CHANGE_safe_01",
		"info.date_created": "2021-04-09 09:00:00",
		"info.src_path": "/dataSet/change",
		"info.label_path": "/dataSet/change",
		"info.category": 2,
		"info.type": 1
	},
	"images": {
		"images.id": "2016_WSN_1LB_000026.tif",
		"images.type": "TIF",
		"images.data_captured": "2021-12-14 15:48:38",
		"images.size": 1622,
		"images.width": 1500,
		"images.height": 750,
		"images.h_resolution": 150,
		"images.v_resolution": 150,
		"images.bit": 24
	},
	"annotations": [
		{
			"polygon.id": "PLG_000000",
			"polygon.name": "building",
			"polygon.points": [
				[
					926.8324180821794,
					721.3880851932822
				],
				[
					991.8442311056144,
					696.0054888100486
				],
				[
					1010.7382892655503,
					749.6135323714379
				],
				[
					936.5841900356947,
					749.6135323714379
				]
			],
			"polygon.shape": 0,
			"polygon.shift": 0
		}
	]
}