{
	"info": {
		"info.name": "항공영상 도시건물 변화탐지 데이터",
		"info.id": "TIFF_CHANGE_safe_01",
		"info.date_created": "2021-04-09 09:00:00",
		"info.src_path": "/dataSet/change",
		"info.label_path": "/dataSet/change",
		"info.category": 2,
		"info.type": 1
	},
	"images": {
		"images.id": "2016_KSG_1LB_000011.tif",
		"images.type": "TIF",
		"images.data_captured": "2021-11-10 09:46:32",
		"images.size": 1499,
		"images.width": 1508,
		"images.height": 754,
		"images.h_resolution": 150,
		"images.v_resolution": 150,
		"images.bit": 24
	},
	"annotations": [
		{
			"polygon.id": "PLG_000000",
			"polygon.name": "building",
			"polygon.points": [
				[
					757.2802467389425,
					605.6465023203541
				],
				[
					823.703088283821,
					580.617605506342
				],
				[
					823.703088283821,
					576.285681057763
				],
				[
					756.6225643426607,
					403.7811333762776
				]
			],
			"polygon.shape": 1,
			"polygon.shift": 2,
			"polygon.updates": [
				1,
				3
			]
		}
	]
}