{
	"info": {
		"info.name": "항공영상 도시건물 변화탐지 데이터",
		"info.id": "TIFF_CHANGE_safe_01",
		"info.date_created": "2021-04-09 09:00:00",
		"info.src_path": "/dataSet/change",
		"info.label_path": "/dataSet/change",
		"info.category": 2,
		"info.type": 1
	},
	"images": {
		"images.id": "2016_KSG_1LB_000049.tif",
		"images.type": "TIF",
		"images.data_captured": "2021-11-10 09:46:36",
		"images.size": 1482,
		"images.width": 1508,
		"images.height": 754,
		"images.h_resolution": 150,
		"images.v_resolution": 150,
		"images.bit": 24
	},
	"annotations": [
		{
			"polygon.id": "PLG_000000",
			"polygon.name": "building",
			"polygon.points": [
				[
					1106.5833280574022,
					342.46117442228547
				],
				[
					1031.2776537933946,
					283.8900944391685
				],
				[
					1024.10568481587,
					281.49943811332696
				],
				[
					961.9486203439908,
					396.8486058351799
				],
				[
					975.6948942175795,
					472.75194418064785
				],
				[
					1024.7033488973307,
					518.1744143716367
				],
				[
					1065.9421705180966,
					465.57997520312335
				],
				[
					1067.1374986810174,
					454.22435765537614
				],
				[
					1032.4729819563154,
					428.5248021525799
				]
			],
			"polygon.shape": 0,
			"polygon.shift": 2,
			"polygon.updates": [
				2
			]
		}
	]
}