{
	"info": {
		"info.name": "항공영상 도시건물 변화탐지 데이터",
		"info.id": "TIFF_CHANGE_safe_01",
		"info.date_created": "2021-04-09 09:00:00",
		"info.src_path": "/dataSet/change",
		"info.label_path": "/dataSet/change",
		"info.category": 2,
		"info.type": 1
	},
	"images": {
		"images.id": "2016_YCG_1LB_000062.tif",
		"images.type": "TIF",
		"images.data_captured": "2021-11-10 09:47:20",
		"images.size": 1500,
		"images.width": 1508,
		"images.height": 754,
		"images.h_resolution": 150,
		"images.v_resolution": 150,
		"images.bit": 24
	},
	"annotations": [
		{
			"polygon.id": "PLG_000000",
			"polygon.name": "building",
			"polygon.points": [
				[
					3.7326732673267315,
					82.11881188118812
				],
				[
					70.92079207920793,
					90.82838283828383
				],
				[
					85.85148514851488,
					99.53795379537954
				],
				[
					139.35313531353137,
					100.7821782178218
				],
				[
					145.5742574257426,
					2.4884488448844886
				],
				[
					3.7326732673267315,
					6.221122112211221
				]
			],
			"polygon.shape": 1,
			"polygon.shift": 2,
			"polygon.updates": [
				4
			]
		}
	]
}