{
	"info": {
		"info.name": "항공영상 도시건물 변화탐지 데이터",
		"info.id": "TIFF_CHANGE_safe_01",
		"info.date_created": "2021-04-09 09:00:00",
		"info.src_path": "/dataSet/change",
		"info.label_path": "/dataSet/change",
		"info.category": 2,
		"info.type": 1
	},
	"images": {
		"images.id": "2016_KSG_1LB_000118.tif",
		"images.type": "TIF",
		"images.data_captured": "2021-11-10 09:46:44",
		"images.size": 1470,
		"images.width": 1508,
		"images.height": 754,
		"images.h_resolution": 150,
		"images.v_resolution": 150,
		"images.bit": 24
	},
	"annotations": [
		{
			"polygon.id": "PLG_000000",
			"polygon.name": "building",
			"polygon.points": [
				[
					915.2971626575238,
					641.993497002215
				],
				[
					795.7585065690992,
					590.8337169198636
				],
				[
					756.9161810705236,
					673.8689146801017
				],
				[
					758.0783056733633,
					753.972503375833
				],
				[
					831.0569637683515,
					753.972503375833
				],
				[
					835.207408778493,
					745.6716133555499
				],
				[
					843.1624283812642,
					747.0550950255971
				],
				[
					868.7568392771369,
					692.4075690587339
				],
				[
					887.7797122402856,
					700.7084590790168
				]
			],
			"polygon.shape": 1,
			"polygon.shift": 2,
			"polygon.updates": [
				2,
				3
			]
		}
	]
}