{
	"info": {
		"info.name": "항공영상 도시건물 변화탐지 데이터",
		"info.id": "TIFF_CHANGE_safe_01",
		"info.date_created": "2021-04-09 09:00:00",
		"info.src_path": "/dataSet/change",
		"info.label_path": "/dataSet/change",
		"info.category": 2,
		"info.type": 1
	},
	"images": {
		"images.id": "2016_MPG_1LB_000011.tif",
		"images.type": "TIF",
		"images.data_captured": "2021-11-10 09:46:52",
		"images.size": 1724,
		"images.width": 1508,
		"images.height": 754,
		"images.h_resolution": 150,
		"images.v_resolution": 150,
		"images.bit": 24
	},
	"annotations": [
		{
			"polygon.id": "PLG_000000",
			"polygon.name": "building",
			"polygon.points": [
				[
					1029.6077265973254,
					168.05349182763746
				],
				[
					1151.7265973254086,
					201.66419019316493
				],
				[
					1128.1991084695394,
					312.57949479940567
				],
				[
					993.7563150074295,
					276.72808320950963
				]
			],
			"polygon.shape": 0,
			"polygon.shift": 2,
			"polygon.updates": [
				4
			]
		},
		{
			"polygon.id": "PLG_000001",
			"polygon.name": "building",
			"polygon.points": [
				[
					339.4680534918276,
					750.6389301634473
				],
				[
					358.51411589895986,
					712.5468053491828
				],
				[
					364.1158989598811,
					713.667161961367
				],
				[
					379.8008915304606,
					680.0564635958395
				],
				[
					387.6433878157504,
					675.5750371471025
				],
				[
					463.82763744427933,
					711.4264487369985
				],
				[
					454.8647845468053,
					732.7132243684993
				],
				[
					476.15156017830606,
					742.7964338781575
				],
				[
					469.42942050520054,
					751.7592867756315
				]
			],
			"polygon.shape": 1,
			"polygon.shift": 1
		},
		{
			"polygon.id": "PLG_000002",
			"polygon.name": "building",
			"polygon.points": [
				[
					965.7473997028233,
					749.518573551263
				],
				[
					947.8216939078752,
					739.4353640416048
				],
				[
					965.7473997028233,
					692.3803863298663
				],
				[
					976.9509658246657,
					695.7414561664191
				],
				[
					999.3580980683507,
					647.5661218424963
				],
				[
					1018.404160475483,
					653.1679049034176
				],
				[
					1031.848439821694,
					633.001485884101
				],
				[
					1115.8751857355128,
					672.2139673105498
				],
				[
					1081.144130757801,
					751.7592867756315
				]
			],
			"polygon.shape": 1,
			"polygon.shift": 2,
			"polygon.updates": [
				2
			]
		}
	]
}