{
	"info": {
		"info.name": "항공영상 도시건물 변화탐지 데이터",
		"info.id": "TIFF_CHANGE_safe_01",
		"info.date_created": "2021-04-09 09:00:00",
		"info.src_path": "/dataSet/change",
		"info.label_path": "/dataSet/change",
		"info.category": 2,
		"info.type": 1
	},
	"images": {
		"images.id": "2016_KSG_1LB_000124.tif",
		"images.type": "TIF",
		"images.data_captured": "2021-11-10 09:46:44",
		"images.size": 1678,
		"images.width": 1508,
		"images.height": 754,
		"images.h_resolution": 150,
		"images.v_resolution": 150,
		"images.bit": 24
	},
	"annotations": [
		{
			"polygon.id": "PLG_000000",
			"polygon.name": "building",
			"polygon.points": [
				[
					1334.0689677787157,
					207.7087456070545
				],
				[
					1305.0158527077251,
					189.3776134789295
				],
				[
					1308.1286864653312,
					183.49781638122903
				],
				[
					1309.8580385528903,
					177.27214886601675
				],
				[
					1307.4369456303077,
					174.15931510841062
				],
				[
					1304.3241118727015,
					166.20429550563938
				],
				[
					1294.985610599883,
					157.21166465033278
				],
				[
					1222.8093718735224,
					115.95624124952613
				],
				[
					1179.478725967645,
					182.69539701260163
				],
				[
					1179.4982500019134,
					186.962209773915
				],
				[
					1193.4242212017205,
					195.64478544424315
				],
				[
					1170.5137647457393,
					237.9793245476866
				],
				[
					1210.358036843098,
					266.86642181827153
				],
				[
					1195.9144882078053,
					288.7807714718187
				],
				[
					1196.9105950102394,
					293.7613054839885
				],
				[
					1255.1828429526263,
					331.6133639764791
				]
			],
			"polygon.shape": 0,
			"polygon.shift": 2,
			"polygon.updates": [
				3
			]
		}
	]
}