{
	"info": {
		"info.name": "항공영상 도시건물 변화탐지 데이터",
		"info.id": "TIFF_CHANGE_safe_01",
		"info.date_created": "2021-04-09 09:00:00",
		"info.src_path": "/dataSet/change",
		"info.label_path": "/dataSet/change",
		"info.category": 2,
		"info.type": 1
	},
	"images": {
		"images.id": "2016_YCG_1LB_000074.tif",
		"images.type": "TIF",
		"images.data_captured": "2021-11-10 09:47:22",
		"images.size": 1640,
		"images.width": 1508,
		"images.height": 754,
		"images.h_resolution": 150,
		"images.v_resolution": 150,
		"images.bit": 24
	},
	"annotations": [
		{
			"polygon.id": "PLG_000000",
			"polygon.name": "building",
			"polygon.points": [
				[
					1437.8266979552893,
					0
				],
				[
					1469.840200192859,
					158.0707124570482
				],
				[
					1505.2660344429505,
					148.56622034116992
				],
				[
					1505.5860510125087,
					1.1545877813089973
				]
			],
			"polygon.shape": 1,
			"polygon.shift": 0,
			"polygon.updates": [
				3
			]
		},
		{
			"polygon.id": "PLG_000001",
			"polygon.name": "building",
			"polygon.points": [
				[
					1285.4450527305821,
					272.92705939575444
				],
				[
					1371.5039086161707,
					259.44796148596345
				],
				[
					1384.9830065259616,
					261.52166885670056
				],
				[
					1406.756933918701,
					379.72298898871384
				],
				[
					1291.6661748427935,
					398.3863553253474
				],
				[
					1289.5924674720563,
					367.2807447642914
				],
				[
					1281.297637989108,
					367.2807447642914
				],
				[
					1275.0765158768968,
					330.9908657763925
				],
				[
					1287.5187601013192,
					328.9171584056555
				]
			],
			"polygon.shape": 0,
			"polygon.shift": 2,
			"polygon.updates": [
				3
			]
		}
	]
}