{
	"info": {
		"info.name": "항공영상 도시건물 변화탐지 데이터",
		"info.id": "TIFF_CHANGE_safe_01",
		"info.date_created": "2021-04-09 09:00:00",
		"info.src_path": "/dataSet/change",
		"info.label_path": "/dataSet/change",
		"info.category": 2,
		"info.type": 1
	},
	"images": {
		"images.id": "2016_YDP_1LB_000015.tif",
		"images.type": "TIF",
		"images.data_captured": "2021-11-10 09:47:26",
		"images.size": 1464,
		"images.width": 1508,
		"images.height": 754,
		"images.h_resolution": 150,
		"images.v_resolution": 150,
		"images.bit": 24
	},
	"annotations": [
		{
			"polygon.id": "PLG_000000",
			"polygon.name": "building",
			"polygon.points": [
				[
					1506.8732856618994,
					276.2012321232122
				],
				[
					1496.33613923681,
					267.5500593864588
				],
				[
					1484.4081224789145,
					288.29785845251183
				],
				[
					1486.1362119545286,
					292.6180821415474
				],
				[
					1417.8766776677667,
					423.08883755042154
				],
				[
					1464.9071904412663,
					454.61454752882685
				],
				[
					1461.9429592959293,
					461.97085075174175
				],
				[
					1506.0092409240922,
					484.4360139347267
				]
			],
			"polygon.shape": 1,
			"polygon.shift": 2,
			"polygon.updates": [
				2
			]
		}
	]
}