{
	"info": {
		"info.name": "항공영상 도시건물 변화탐지 데이터",
		"info.id": "TIFF_CHANGE_safe_01",
		"info.date_created": "2021-04-09 09:00:00",
		"info.src_path": "/dataSet/change",
		"info.label_path": "/dataSet/change",
		"info.category": 2,
		"info.type": 1
	},
	"images": {
		"images.id": "2016_YCG_1LB_000076.tif",
		"images.type": "TIF",
		"images.data_captured": "2021-11-10 09:47:22",
		"images.size": 1626,
		"images.width": 1508,
		"images.height": 754,
		"images.h_resolution": 150,
		"images.v_resolution": 150,
		"images.bit": 24
	},
	"annotations": [
		{
			"polygon.id": "PLG_000000",
			"polygon.name": "building",
			"polygon.points": [
				[
					757.3046600660067,
					276.7851881188118
				],
				[
					846.8888184818484,
					263.0987194719471
				],
				[
					854.3541650165018,
					312.86769636963686
				],
				[
					870.529082508251,
					312.86769636963686
				],
				[
					880.482877887789,
					386.27693729372925
				],
				[
					768.5026798679869,
					402.4518547854784
				],
				[
					762.2815577557757,
					373.8346930693068
				],
				[
					753.57198679868,
					376.3231419141913
				]
			],
			"polygon.shape": 1,
			"polygon.shift": 2,
			"polygon.updates": [
				3
			]
		},
		{
			"polygon.id": "PLG_000001",
			"polygon.name": "building",
			"polygon.points": [
				[
					1019.019801980198,
					9.953795379537954
				],
				[
					1068.7887788778878,
					3.732673267326733
				],
				[
					1139.7095709570958,
					0
				],
				[
					1158.3729372937296,
					134.3762376237624
				],
				[
					1041.4158415841584,
					156.77227722772278
				],
				[
					1014.0429042904291,
					32.349834983498354
				],
				[
					1017.7755775577559,
					31.105610561056107
				]
			],
			"polygon.shape": 1,
			"polygon.shift": 2,
			"polygon.updates": [
				3
			]
		}
	]
}