{
	"info": {
		"info.name": "항공영상 도시건물 변화탐지 데이터",
		"info.id": "TIFF_CHANGE_safe_01",
		"info.date_created": "2021-04-09 09:00:00",
		"info.src_path": "/dataSet/change",
		"info.label_path": "/dataSet/change",
		"info.category": 2,
		"info.type": 1
	},
	"images": {
		"images.id": "2016_KSG_1LB_000110.tif",
		"images.type": "TIF",
		"images.data_captured": "2021-11-10 09:46:42",
		"images.size": 1766,
		"images.width": 1508,
		"images.height": 754,
		"images.h_resolution": 150,
		"images.v_resolution": 150,
		"images.bit": 24
	},
	"annotations": [
		{
			"polygon.id": "PLG_000000",
			"polygon.name": "building",
			"polygon.points": [
				[
					126.3693381136689,
					91.60078710909256
				],
				[
					43.95533502895894,
					4.8149819470335515
				],
				[
					0.3756624224730558,
					4.8149819470335515
				],
				[
					1.0674032574966432,
					152.8475206420808
				],
				[
					50.526872961683,
					202.99873118129076
				],
				[
					92.03132306309813,
					164.60711483748176
				],
				[
					22.51136914322779,
					94.04954966507606
				],
				[
					41.88011252388819,
					79.17712171206898
				],
				[
					88.22674847046841,
					125.86962807616098
				]
			],
			"polygon.shape": 1,
			"polygon.shift": 2,
			"polygon.updates": [
				4
			]
		},
		{
			"polygon.id": "PLG_000001",
			"polygon.name": "building",
			"polygon.points": [
				[
					957.3269470445503,
					2.587339163481545
				],
				[
					967.3571891523923,
					14.001062941370705
				],
				[
					897.4913648150102,
					72.45316350086367
				],
				[
					871.2052130841139,
					42.016566759825906
				],
				[
					866.7088976564606,
					40.978955507290536
				],
				[
					833.1594671578167,
					4.31669125104051
				]
			],
			"polygon.shape": 1,
			"polygon.shift": 2,
			"polygon.updates": [
				3
			]
		}
	]
}