{
	"info": {
		"info.name": "항공영상 도시건물 변화탐지 데이터",
		"info.id": "TIFF_CHANGE_safe_01",
		"info.date_created": "2021-04-09 09:00:00",
		"info.src_path": "/dataSet/change",
		"info.label_path": "/dataSet/change",
		"info.category": 2,
		"info.type": 1
	},
	"images": {
		"images.id": "2016_KSG_1LB_000179.tif",
		"images.type": "TIF",
		"images.data_captured": "2021-11-10 09:46:50",
		"images.size": 1611,
		"images.width": 1508,
		"images.height": 754,
		"images.h_resolution": 150,
		"images.v_resolution": 150,
		"images.bit": 24
	},
	"annotations": [
		{
			"polygon.id": "PLG_000000",
			"polygon.name": "building",
			"polygon.points": [
				[
					878.0183054373223,
					184.7503612352271
				],
				[
					911.3814270710664,
					239.72984594280888
				],
				[
					893.1472908093281,
					251.9877994090957
				],
				[
					891.8354443164544,
					257.72340854344236
				],
				[
					940.9604173261582,
					329.0864659174844
				],
				[
					950.8778160282789,
					323.99819299356324
				],
				[
					988.2318211195525,
					381.77238753473307
				],
				[
					994.7065153353732,
					382.27044093595003
				],
				[
					1000.1851027487601,
					380.2782273310821
				],
				[
					1016.2259214237979,
					405.38849204213693
				],
				[
					1359.8230018553695,
					191.63393330783288
				],
				[
					1358.992912853341,
					188.72862180073383
				],
				[
					1304.8877117011364,
					103.81051689323849
				],
				[
					1348.4673843076223,
					74.75740182224789
				],
				[
					1342.902419824898,
					62.38459719584247
				],
				[
					1440.3880722231017,
					4.344774174023556
				],
				[
					1438.312849718031,
					1.0244181659103475
				],
				[
					1166.043657052748,
					1.4394626669244985
				]
			],
			"polygon.shape": 1,
			"polygon.shift": 2,
			"polygon.updates": [
				3
			]
		}
	]
}