{
	"info": {
		"info.name": "항공영상 도시건물 변화탐지 데이터",
		"info.id": "TIFF_CHANGE_safe_01",
		"info.date_created": "2021-04-09 09:00:00",
		"info.src_path": "/dataSet/change",
		"info.label_path": "/dataSet/change",
		"info.category": 2,
		"info.type": 1
	},
	"images": {
		"images.id": "2016_KSG_1LB_000174.tif",
		"images.type": "TIF",
		"images.data_captured": "2021-11-10 09:46:50",
		"images.size": 1637,
		"images.width": 1508,
		"images.height": 754,
		"images.h_resolution": 150,
		"images.v_resolution": 150,
		"images.bit": 24
	},
	"annotations": [
		{
			"polygon.id": "PLG_000000",
			"polygon.name": "building",
			"polygon.points": [
				[
					1388.1439669726708,
					171.10577582568322
				],
				[
					1328.9752229080932,
					202.78197214308327
				],
				[
					1330.170551071014,
					205.17262846892476
				],
				[
					1292.5177139390103,
					227.88386356441913
				],
				[
					1373.2023649361613,
					379.6905402553551
				],
				[
					1379.179005750765,
					381.4835324997362
				],
				[
					1472.4146024585839,
					330.6820855756041
				]
			],
			"polygon.shape": 0,
			"polygon.shift": 2,
			"polygon.updates": [
				4,
				0,
				3,
				1
			]
		}
	]
}