{
	"info": {
		"info.name": "항공영상 도시건물 변화탐지 데이터",
		"info.id": "TIFF_CHANGE_safe_01",
		"info.date_created": "2021-04-09 09:00:00",
		"info.src_path": "/dataSet/change",
		"info.label_path": "/dataSet/change",
		"info.category": 2,
		"info.type": 1
	},
	"images": {
		"images.id": "2016_KSG_1LB_000059.tif",
		"images.type": "TIF",
		"images.data_captured": "2021-11-10 09:46:36",
		"images.size": 1662,
		"images.width": 1508,
		"images.height": 754,
		"images.h_resolution": 150,
		"images.v_resolution": 150,
		"images.bit": 24
	},
	"annotations": [
		{
			"polygon.id": "PLG_000000",
			"polygon.name": "building",
			"polygon.points": [
				[
					757.2342543069673,
					490.1607697754604
				],
				[
					788.3625918830287,
					500.88275271832595
				],
				[
					757.1721785427338,
					589.7814305916049
				]
			],
			"polygon.shape": 1,
			"polygon.shift": 2,
			"polygon.updates": [
				1,
				3
			]
		},
		{
			"polygon.id": "PLG_000001",
			"polygon.name": "building",
			"polygon.points": [
				[
					1019.1035137701806,
					687.7180014772608
				],
				[
					866.1015089163238,
					647.0768439379551
				],
				[
					845.780930146671,
					728.3591590165665
				],
				[
					848.7692505539728,
					730.749815342408
				],
				[
					843.3902738208295,
					748.082073704759
				],
				[
					857.7342117758785,
					753.4610504379024
				],
				[
					1005.2410274363076,
					752.5866900224327
				]
			],
			"polygon.shape": 1,
			"polygon.shift": 2,
			"polygon.updates": [
				3
			]
		},
		{
			"polygon.id": "PLG_000002",
			"polygon.name": "building",
			"polygon.points": [
				[
					1507.2515811306316,
					515.9248588322021
				],
				[
					1404.7355893801364,
					486.8717437612114
				],
				[
					1402.6603668750656,
					487.70183276323974
				],
				[
					1344.8861723338955,
					678.1906569486946
				],
				[
					1348.2065283420088,
					682.7561464598504
				],
				[
					1456.9481876077164,
					712.6393505328692
				],
				[
					1460.6835881168438,
					708.0738610217136
				],
				[
					1507.1685722304287,
					549.5268616343078
				]
			],
			"polygon.shape": 1,
			"polygon.shift": 2,
			"polygon.updates": [
				3
			]
		}
	]
}