{
	"info": {
		"info.name": "항공영상 도시건물 변화탐지 데이터",
		"info.id": "TIFF_CHANGE_safe_01",
		"info.date_created": "2021-04-09 09:00:00",
		"info.src_path": "/dataSet/change",
		"info.label_path": "/dataSet/change",
		"info.category": 2,
		"info.type": 1
	},
	"images": {
		"images.id": "2016_YCG_1LB_000055.tif",
		"images.type": "TIF",
		"images.data_captured": "2021-11-10 09:47:18",
		"images.size": 1569,
		"images.width": 1508,
		"images.height": 754,
		"images.h_resolution": 150,
		"images.v_resolution": 150,
		"images.bit": 24
	},
	"annotations": [
		{
			"polygon.id": "PLG_000000",
			"polygon.name": "building",
			"polygon.points": [
				[
					1150.647033268142,
					629.5700232856622
				],
				[
					1268.253122580777,
					625.3698058102109
				],
				[
					1271.2532779203848,
					635.5703339648783
				],
				[
					1283.2538992788172,
					637.3704271686431
				],
				[
					1318.6557322861918,
					636.7703961007214
				],
				[
					1317.4556701503489,
					664.3718252251153
				],
				[
					1322.2559186937215,
					664.971856293037
				],
				[
					1321.6558876258,
					683.5728193986068
				],
				[
					1303.6549555881518,
					684.1728504665284
				],
				[
					1303.05492452023,
					717.7745902701383
				],
				[
					1275.4534953958362,
					725.5749941531193
				],
				[
					1156.647343947358,
					725.5749941531193
				]
			],
			"polygon.shape": 0,
			"polygon.shift": 2,
			"polygon.updates": [
				2
			]
		}
	]
}