{
	"info": {
		"info.name": "항공영상 도시건물 변화탐지 데이터",
		"info.id": "TIFF_CHANGE_safe_01",
		"info.date_created": "2021-04-09 09:00:00",
		"info.src_path": "/dataSet/change",
		"info.label_path": "/dataSet/change",
		"info.category": 2,
		"info.type": 1
	},
	"images": {
		"images.id": "2016_KSG_1LB_000121.tif",
		"images.type": "TIF",
		"images.data_captured": "2021-11-10 09:46:44",
		"images.size": 1604,
		"images.width": 1508,
		"images.height": 754,
		"images.h_resolution": 150,
		"images.v_resolution": 150,
		"images.bit": 24
	},
	"annotations": [
		{
			"polygon.id": "PLG_000000",
			"polygon.name": "building",
			"polygon.points": [
				[
					754.9213058222833,
					169.75108119951227
				],
				[
					883.5851011366702,
					217.89624331715385
				],
				[
					886.0753681427552,
					222.87677732932366
				],
				[
					847.8912740494533,
					324.9777245788049
				],
				[
					832.9496720129438,
					322.0724130717058
				],
				[
					788.1248659034154,
					450.3211638850786
				],
				[
					783.1443318912457,
					452.39638639014936
				],
				[
					755.3363503232974,
					441.6052293637814
				]
			],
			"polygon.shape": 1,
			"polygon.shift": 2,
			"polygon.updates": [
				1,
				3
			]
		}
	]
}