{
	"info": {
		"info.name": "항공영상 도시건물 변화탐지 데이터",
		"info.id": "TIFF_CHANGE_safe_01",
		"info.date_created": "2021-04-09 09:00:00",
		"info.src_path": "/dataSet/change",
		"info.label_path": "/dataSet/change",
		"info.category": 2,
		"info.type": 1
	},
	"images": {
		"images.id": "2016_YCG_1LB_000047.tif",
		"images.type": "TIF",
		"images.data_captured": "2021-11-10 09:47:16",
		"images.size": 1746,
		"images.width": 1508,
		"images.height": 754,
		"images.h_resolution": 150,
		"images.v_resolution": 150,
		"images.bit": 24
	},
	"annotations": [
		{
			"polygon.id": "PLG_000000",
			"polygon.name": "building",
			"polygon.points": [
				[
					1001.5591859185919,
					417.9183938393839
				],
				[
					1119.2973597359737,
					377.7027003607425
				],
				[
					1117.2139185279125,
					373.8976589019498
				],
				[
					1139.4607260726073,
					368.14941694169414
				],
				[
					1209.966776677668,
					556.8567876787679
				],
				[
					1073.102090209021,
					608.6994719471948
				]
			],
			"polygon.shape": 0,
			"polygon.shift": 2,
			"polygon.updates": [
				1,
				3
			]
		}
	]
}