{
	"info": {
		"info.name": "항공영상 도시건물 변화탐지 데이터",
		"info.id": "TIFF_CHANGE_safe_01",
		"info.date_created": "2021-04-09 09:00:00",
		"info.src_path": "/dataSet/change",
		"info.label_path": "/dataSet/change",
		"info.category": 2,
		"info.type": 1
	},
	"images": {
		"images.id": "2016_KSG_1LB_000030.tif",
		"images.type": "TIF",
		"images.data_captured": "2021-11-10 09:46:34",
		"images.size": 1512,
		"images.width": 1508,
		"images.height": 754,
		"images.h_resolution": 150,
		"images.v_resolution": 150,
		"images.bit": 24
	},
	"annotations": [
		{
			"polygon.id": "PLG_000000",
			"polygon.name": "building",
			"polygon.points": [
				[
					1504.6986913248054,
					75.27728389199578
				],
				[
					1373.613803087836,
					59.71311510396511
				],
				[
					1358.7413751348288,
					174.54209371788028
				],
				[
					1362.8918201449703,
					177.65492747548643
				],
				[
					1366.6963947376,
					180.07602039806898
				],
				[
					1369.1174876601826,
					181.11363165060436
				],
				[
					1412.6971602666686,
					181.45950206811614
				],
				[
					1412.6971602666686,
					174.8879641353921
				],
				[
					1436.9080894924941,
					174.8879641353921
				],
				[
					1438.637441580053,
					164.51185161003832
				],
				[
					1473.916224166256,
					166.24120369759726
				],
				[
					1475.299705836303,
					169.00816703769163
				],
				[
					1504.6986913248054,
					170.3916487077388
				]
			],
			"polygon.shape": 1,
			"polygon.shift": 2,
			"polygon.updates": [
				3
			]
		}
	]
}