{
	"info": {
		"info.name": "항공영상 도시건물 변화탐지 데이터",
		"info.id": "TIFF_CHANGE_safe_01",
		"info.date_created": "2021-04-09 09:00:00",
		"info.src_path": "/dataSet/change",
		"info.label_path": "/dataSet/change",
		"info.category": 2,
		"info.type": 1
	},
	"images": {
		"images.id": "2016_KSG_1LB_000161.tif",
		"images.type": "TIF",
		"images.data_captured": "2021-11-10 09:46:48",
		"images.size": 1823,
		"images.width": 1508,
		"images.height": 754,
		"images.h_resolution": 150,
		"images.v_resolution": 150,
		"images.bit": 24
	},
	"annotations": [
		{
			"polygon.id": "PLG_000000",
			"polygon.name": "building",
			"polygon.points": [
				[
					1252.918179527726,
					418.72326717006206
				],
				[
					1098.1411676911987,
					508.0731250272752
				],
				[
					1151.957221174364,
					595.2767416536885
				],
				[
					1155.7041506974083,
					597.0060937412475
				],
				[
					1165.2155871789826,
					591.5298121306441
				],
				[
					1166.3684885706884,
					587.7828826075997
				],
				[
					1302.9873034878467,
					509.0973626236668
				],
				[
					1302.9873034878467,
					499.5859261420925
				]
			],
			"polygon.shape": 0,
			"polygon.shift": 2,
			"polygon.updates": [
				3,
				2
			]
		},
		{
			"polygon.id": "PLG_000001",
			"polygon.name": "building",
			"polygon.points": [
				[
					2.65002659948631,
					475.451020672857
				],
				[
					42.49429869684484,
					545.6765502444514
				],
				[
					2.65002659948631,
					567.5908998979986
				]
			],
			"polygon.shape": 1,
			"polygon.shift": 1
		},
		{
			"polygon.id": "PLG_000002",
			"polygon.name": "building",
			"polygon.points": [
				[
					3.1082357286059192,
					603.4414477887985
				],
				[
					17.21974876308707,
					601.781269784742
				],
				[
					51.60664683266616,
					739.1513152487356
				],
				[
					51.03019613681316,
					746.356948946898
				],
				[
					28.548618998546644,
					753.2743572971339
				],
				[
					3.761239076868158,
					753.5625826450604
				]
			],
			"polygon.shape": 1,
			"polygon.shift": 1
		},
		{
			"polygon.id": "PLG_000003",
			"polygon.name": "building",
			"polygon.points": [
				[
					116.30608945353544,
					576.2615668990518
				],
				[
					109.0428106857878,
					576.2615668990518
				],
				[
					31.221966745634433,
					600.8183665423891
				],
				[
					68.92184225441984,
					732.2491251968703
				],
				[
					75.83925060465569,
					736.7454406245236
				],
				[
					107.65932901574061,
					725.6775872641463
				],
				[
					109.73455152081138,
					732.2491251968703
				],
				[
					155.04357621485622,
					715.9932155738161
				],
				[
					155.38944663236802,
					711.1510297286509
				]
			],
			"polygon.shape": 0,
			"polygon.shift": 1
		}
	]
}