{
	"info": {
		"info.name": "항공영상 도시건물 변화탐지 데이터",
		"info.id": "TIFF_CHANGE_safe_01",
		"info.date_created": "2021-04-09 09:00:00",
		"info.src_path": "/dataSet/change",
		"info.label_path": "/dataSet/change",
		"info.category": 2,
		"info.type": 1
	},
	"images": {
		"images.id": "2016_KSG_1LB_000149.tif",
		"images.type": "TIF",
		"images.data_captured": "2021-11-10 09:46:46",
		"images.size": 1514,
		"images.width": 1508,
		"images.height": 754,
		"images.h_resolution": 150,
		"images.v_resolution": 150,
		"images.bit": 24
	},
	"annotations": [
		{
			"polygon.id": "PLG_000000",
			"polygon.name": "building",
			"polygon.points": [
				[
					1158.999574078471,
					2.300358580129739
				],
				[
					939.4410330419848,
					3.545492083172192
				],
				[
					937.7808550379282,
					5.620714588242947
				],
				[
					946.0817450582113,
					12.676471105483515
				],
				[
					931.555187522716,
					24.71276163489391
				],
				[
					934.0454545288009,
					28.03311764300713
				],
				[
					829.90248833433,
					139.5306723954487
				],
				[
					831.5626663383865,
					142.85102840356194
				],
				[
					935.5528961564846,
					240.31343830970897
				],
				[
					941.3635191706827,
					239.8983938086948
				]
			],
			"polygon.shape": 1,
			"polygon.shift": 2,
			"polygon.updates": [
				2
			]
		}
	]
}