{
	"info": {
		"info.name": "항공영상 도시건물 변화탐지 데이터",
		"info.id": "TIFF_CHANGE_safe_01",
		"info.date_created": "2021-04-09 09:00:00",
		"info.src_path": "/dataSet/change",
		"info.label_path": "/dataSet/change",
		"info.category": 2,
		"info.type": 1
	},
	"images": {
		"images.id": "2016_KSG_1LB_000073.tif",
		"images.type": "TIF",
		"images.data_captured": "2021-11-10 09:46:38",
		"images.size": 1796,
		"images.width": 1508,
		"images.height": 754,
		"images.h_resolution": 150,
		"images.v_resolution": 150,
		"images.bit": 24
	},
	"annotations": [
		{
			"polygon.id": "PLG_000000",
			"polygon.name": "building",
			"polygon.points": [
				[
					1507.2758223857759,
					574.5107024462732
				],
				[
					1494.3264339541342,
					563.5535276194996
				],
				[
					1395.711860513172,
					668.1447418750657
				],
				[
					1472.9101377018042,
					735.3819510393582
				],
				[
					1507.9775437935477,
					701.8947659765532
				]
			],
			"polygon.shape": 1,
			"polygon.shift": 2,
			"polygon.updates": [
				1,
				3
			]
		}
	]
}