{
	"info": {
		"info.name": "항공영상 도시건물 변화탐지 데이터",
		"info.id": "TIFF_CHANGE_safe_01",
		"info.date_created": "2021-04-09 09:00:00",
		"info.src_path": "/dataSet/change",
		"info.label_path": "/dataSet/change",
		"info.category": 2,
		"info.type": 1
	},
	"images": {
		"images.id": "2016_KSG_1LB_000066.tif",
		"images.type": "TIF",
		"images.data_captured": "2021-11-10 09:46:38",
		"images.size": 1580,
		"images.width": 1508,
		"images.height": 754,
		"images.h_resolution": 150,
		"images.v_resolution": 150,
		"images.bit": 24
	},
	"annotations": [
		{
			"polygon.id": "PLG_000000",
			"polygon.name": "building",
			"polygon.points": [
				[
					756.9934797978243,
					498.9149609959688
				],
				[
					779.8209273536027,
					498.56909057845695
				],
				[
					780.1667977711145,
					560.8257657305796
				],
				[
					757.3393502153361,
					564.2844699056976
				]
			],
			"polygon.shape": 1,
			"polygon.shift": 2,
			"polygon.updates": [
				3,
				1
			]
		},
		{
			"polygon.id": "PLG_000001",
			"polygon.name": "building",
			"polygon.points": [
				[
					0.7658801051147748,
					197.93274374903922
				],
				[
					104.2387800107261,
					181.21567356930257
				],
				[
					115.26651240267208,
					257.56956577864923
				],
				[
					110.07845613999518,
					259.0106925182817
				],
				[
					107.48442800865675,
					258.72246717035523
				],
				[
					104.89039987731829,
					263.04584738925263
				],
				[
					102.29637174597985,
					265.6398755205911
				],
				[
					98.26121687500893,
					265.92810086851756
				],
				[
					94.51428735196453,
					265.0634248247381
				],
				[
					87.88510434965517,
					264.77519947681157
				],
				[
					83.56172413075774,
					266.21632621644403
				],
				[
					81.54414669527227,
					267.945678304003
				],
				[
					80.39124530356631,
					274.57486130631236
				],
				[
					77.22076647637488,
					280.9158189606952
				],
				[
					76.06786508466891,
					285.52742452751914
				],
				[
					78.08544252015434,
					291.00370613812254
				],
				[
					2.570401363412941,
					303.39739609896174
				]
			],
			"polygon.shape": 1,
			"polygon.shift": 2,
			"polygon.updates": [
				4
			]
		},
		{
			"polygon.id": "PLG_000002",
			"polygon.name": "building",
			"polygon.points": [
				[
					2.15996108939666,
					467.3061617075356
				],
				[
					40.20570701569386,
					467.3061617075356
				],
				[
					40.49393236362036,
					432.43089460842975
				],
				[
					62.97550950188689,
					432.1426692605033
				],
				[
					63.84018554566636,
					395.82627542176505
				],
				[
					81.13370642125601,
					394.9615993779856
				],
				[
					84.01595990052094,
					335.2989523572013
				],
				[
					2.102316019811383,
					335.8292869973862
				]
			],
			"polygon.shape": 1,
			"polygon.shift": 2,
			"polygon.updates": [
				4
			]
		}
	]
}