{
	"info": {
		"info.name": "항공영상 도시건물 변화탐지 데이터",
		"info.id": "TIFF_CHANGE_safe_01",
		"info.date_created": "2021-04-09 09:00:00",
		"info.src_path": "/dataSet/change",
		"info.label_path": "/dataSet/change",
		"info.category": 2,
		"info.type": 1
	},
	"images": {
		"images.id": "2016_KSG_1LB_000038.tif",
		"images.type": "TIF",
		"images.data_captured": "2021-11-10 09:46:34",
		"images.size": 1573,
		"images.width": 1508,
		"images.height": 754,
		"images.h_resolution": 150,
		"images.v_resolution": 150,
		"images.bit": 24
	},
	"annotations": [
		{
			"polygon.id": "PLG_000000",
			"polygon.name": "building",
			"polygon.points": [
				[
					1283.333959850163,
					424.4115918803419
				],
				[
					1282.337853047729,
					420.4271646706061
				],
				[
					1102.5405752083986,
					419.4310578681721
				],
				[
					1103.5366820108327,
					550.4191023882382
				],
				[
					1282.337853047729,
					549.9210489870212
				],
				[
					1284.8281200538138,
					544.4424615736344
				]
			],
			"polygon.shape": 0,
			"polygon.shift": 0
		},
		{
			"polygon.id": "PLG_000001",
			"polygon.name": "building",
			"polygon.points": [
				[
					1507.2844280269762,
					643.5050181718376
				],
				[
					1489.3349815488964,
					646.8496603985673
				],
				[
					1489.7500260499105,
					660.9611734330484
				],
				[
					1454.8862879647218,
					667.6018854492748
				],
				[
					1454.4712434637077,
					681.2983539827418
				],
				[
					1421.2676833825756,
					688.7691550009965
				],
				[
					1442.8499974353115,
					751.0258301531192
				],
				[
					1507.596939593519,
					750.610785652105
				]
			],
			"polygon.shape": 1,
			"polygon.shift": 2,
			"polygon.updates": [
				3
			]
		}
	]
}