{
	"info": {
		"info.name": "항공영상 도시건물 변화탐지 데이터",
		"info.id": "TIFF_CHANGE_safe_01",
		"info.date_created": "2021-04-09 09:00:00",
		"info.src_path": "/dataSet/change",
		"info.label_path": "/dataSet/change",
		"info.category": 2,
		"info.type": 1
	},
	"images": {
		"images.id": "2016_KSG_1LB_000055.tif",
		"images.type": "TIF",
		"images.data_captured": "2021-11-10 09:46:36",
		"images.size": 1577,
		"images.width": 1508,
		"images.height": 754,
		"images.h_resolution": 150,
		"images.v_resolution": 150,
		"images.bit": 24
	},
	"annotations": [
		{
			"polygon.id": "PLG_000000",
			"polygon.name": "building",
			"polygon.points": [
				[
					1427.0034746037193,
					597.3715341894997
				],
				[
					1285.0582552568794,
					558.7723955951836
				],
				[
					1267.211341713271,
					594.8812671834148
				],
				[
					1270.5316977213843,
					599.8618011955847
				],
				[
					1269.2865642183417,
					608.1626912158677
				],
				[
					1261.815763200087,
					611.4830472239809
				],
				[
					1256.420184686903,
					618.9538482422356
				],
				[
					1256.0051401858889,
					621.4441152483205
				],
				[
					1253.929917680818,
					630.1600497696177
				],
				[
					1260.9856741980586,
					635.1405837817875
				],
				[
					1274.2670982305115,
					638.4609397899007
				],
				[
					1265.1361192082002,
					664.1936988527781
				],
				[
					1269.7016087193558,
					670.0043218669762
				],
				[
					1405.0061160499693,
					702.37779294608
				],
				[
					1409.986650062139,
					697.8123034349244
				],
				[
					1413.307006070252,
					682.8707013984149
				],
				[
					1408.3264720580823,
					679.9653898913159
				]
			],
			"polygon.shape": 0,
			"polygon.shift": 2,
			"polygon.updates": [
				2
			]
		},
		{
			"polygon.id": "PLG_000001",
			"polygon.name": "building",
			"polygon.points": [
				[
					1505.1230017308797,
					146.34164700099953
				],
				[
					1387.113243466638,
					119.09981530576954
				],
				[
					1367.1911074179588,
					220.7857180542366
				],
				[
					1466.386743160341,
					247.76361062015644
				],
				[
					1467.2168321623692,
					256.89458964246774
				],
				[
					1505.976148760742,
					264.59474274828153
				]
			],
			"polygon.shape": 1,
			"polygon.shift": 2,
			"polygon.updates": [
				3
			]
		},
		{
			"polygon.id": "PLG_000002",
			"polygon.name": "building",
			"polygon.points": [
				[
					294.57151839223815,
					1.9071971436368855
				],
				[
					294.57151839223815,
					6.230577362534298
				],
				[
					296.8773211756501,
					7.671704102166764
				],
				[
					297.4537718715031,
					16.894915235814572
				],
				[
					364.3220525904497,
					34.76488680725719
				],
				[
					376.71574255128894,
					2.771873187416368
				]
			],
			"polygon.shape": 1,
			"polygon.shift": 2,
			"polygon.updates": [
				4
			]
		}
	]
}