{
	"info": {
		"info.name": "항공영상 도시건물 변화탐지 데이터",
		"info.id": "TIFF_CHANGE_safe_01",
		"info.date_created": "2021-04-09 09:00:00",
		"info.src_path": "/dataSet/change",
		"info.label_path": "/dataSet/change",
		"info.category": 2,
		"info.type": 1
	},
	"images": {
		"images.id": "2016_KSG_1LB_000190.tif",
		"images.type": "TIF",
		"images.data_captured": "2021-11-10 09:46:52",
		"images.size": 1480,
		"images.width": 1508,
		"images.height": 754,
		"images.h_resolution": 150,
		"images.v_resolution": 150,
		"images.bit": 24
	},
	"annotations": [
		{
			"polygon.id": "PLG_000000",
			"polygon.name": "building",
			"polygon.points": [
				[
					1196.091770426647,
					751.696873571102
				],
				[
					1215.5158530741091,
					674.0005429812528
				],
				[
					1219.002226882628,
					673.0044361788189
				],
				[
					1267.3134068006752,
					685.4557712092434
				],
				[
					1374.5039551164807,
					261.0446787104452
				],
				[
					1496.2614099339921,
					293.35174266938674
				],
				[
					1385.7931655440657,
					728.052751251568
				],
				[
					1386.2912189452825,
					736.0216056710397
				],
				[
					1383.8009519391976,
					750.4651543063321
				]
			],
			"polygon.shape": 1,
			"polygon.shift": 2,
			"polygon.updates": [
				3
			]
		}
	]
}