{
	"info": {
		"info.name": "항공영상 도시건물 변화탐지 데이터",
		"info.id": "TIFF_CHANGE_safe_01",
		"info.date_created": "2021-04-09 09:00:00",
		"info.src_path": "/dataSet/change",
		"info.label_path": "/dataSet/change",
		"info.category": 2,
		"info.type": 1
	},
	"images": {
		"images.id": "2016_WSN_1LB_000025.tif",
		"images.type": "TIF",
		"images.data_captured": "2021-12-14 15:48:38",
		"images.size": 1613,
		"images.width": 1500,
		"images.height": 750,
		"images.h_resolution": 150,
		"images.v_resolution": 150,
		"images.bit": 24
	},
	"annotations": [
		{
			"polygon.id": "PLG_000000",
			"polygon.name": "building",
			"polygon.points": [
				[
					967.9973052356393,
					78.71084432317721
				],
				[
					1001.3624078682747,
					68.09996058814615
				],
				[
					1004.9011308747661,
					80.7319650346117
				],
				[
					1036.7496379331906,
					73.15276236673236
				],
				[
					1014.0007043200303,
					0.39241675509069296
				],
				[
					937.6653937514254,
					0.39241675509069296
				]
			],
			"polygon.shape": 0,
			"polygon.shift": 0
		}
	]
}