{
	"info": {
		"info.name": "항공영상 도시건물 변화탐지 데이터",
		"info.id": "TIFF_CHANGE_safe_01",
		"info.date_created": "2021-04-09 09:00:00",
		"info.src_path": "/dataSet/change",
		"info.label_path": "/dataSet/change",
		"info.category": 2,
		"info.type": 1
	},
	"images": {
		"images.id": "2016_KSG_1LB_000029.tif",
		"images.type": "TIF",
		"images.data_captured": "2021-11-10 09:46:34",
		"images.size": 1500,
		"images.width": 1508,
		"images.height": 754,
		"images.h_resolution": 150,
		"images.v_resolution": 150,
		"images.bit": 24
	},
	"annotations": [
		{
			"polygon.id": "PLG_000000",
			"polygon.name": "building",
			"polygon.points": [
				[
					1507.6876410845282,
					599.8530179446103
				],
				[
					1375.4274406111826,
					584.4103801012791
				],
				[
					1360.698897486014,
					699.0619805070038
				],
				[
					1369.6515413464106,
					705.415469698253
				],
				[
					1415.5699405013481,
					707.4370344409233
				],
				[
					1415.5699405013481,
					699.639570433481
				],
				[
					1443.745162174857,
					699.9121928787785
				],
				[
					1444.4671495829534,
					691.4890064509859
				],
				[
					1477.437907886027,
					691.7296689203514
				],
				[
					1478.88188270222,
					694.376956083372
				],
				[
					1507.280054087349,
					694.8582810221029
				]
			],
			"polygon.shape": 1,
			"polygon.shift": 2,
			"polygon.updates": [
				3
			]
		}
	]
}