{
	"info": {
		"info.name": "항공영상 도시건물 변화탐지 데이터",
		"info.id": "TIFF_CHANGE_safe_01",
		"info.date_created": "2021-04-09 09:00:00",
		"info.src_path": "/dataSet/change",
		"info.label_path": "/dataSet/change",
		"info.category": 2,
		"info.type": 1
	},
	"images": {
		"images.id": "2016_KSG_1LB_000093.tif",
		"images.type": "TIF",
		"images.data_captured": "2021-11-10 09:46:40",
		"images.size": 1728,
		"images.width": 1508,
		"images.height": 754,
		"images.h_resolution": 150,
		"images.v_resolution": 150,
		"images.bit": 24
	},
	"annotations": [
		{
			"polygon.id": "PLG_000000",
			"polygon.name": "building",
			"polygon.points": [
				[
					1280.3978195016005,
					507.35978003763483
				],
				[
					1228.1022123738173,
					463.0330273293235
				],
				[
					1222.6236249604306,
					468.5116147427103
				],
				[
					1189.2540470788929,
					439.12646407090836
				],
				[
					1152.3980953888363,
					445.6011582867292
				],
				[
					1104.0869154707889,
					499.3909256181631
				],
				[
					1116.0401970999965,
					511.8422606485877
				],
				[
					1109.5655028841757,
					515.3286344571065
				],
				[
					1148.9117215803174,
					552.6826395483802
				],
				[
					1139.4487069571946,
					563.1417609739367
				],
				[
					1189.728582862421,
					608.7166462996113
				]
			],
			"polygon.shape": 0,
			"polygon.shift": 2,
			"polygon.updates": [
				1,
				3
			]
		}
	]
}