{
	"info": {
		"info.name": "항공영상 도시건물 변화탐지 데이터",
		"info.id": "TIFF_CHANGE_safe_01",
		"info.date_created": "2021-04-09 09:00:00",
		"info.src_path": "/dataSet/change",
		"info.label_path": "/dataSet/change",
		"info.category": 2,
		"info.type": 1
	},
	"images": {
		"images.id": "2016_KSG_1LB_000071.tif",
		"images.type": "TIF",
		"images.data_captured": "2021-11-10 09:46:38",
		"images.size": 1799,
		"images.width": 1508,
		"images.height": 754,
		"images.h_resolution": 150,
		"images.v_resolution": 150,
		"images.bit": 24
	},
	"annotations": [
		{
			"polygon.id": "PLG_000000",
			"polygon.name": "building",
			"polygon.points": [
				[
					1237.8725113359246,
					752.2478614159427
				],
				[
					1185.9919487091556,
					697.0469427810606
				],
				[
					1185.1618597071274,
					692.4814532699049
				],
				[
					1178.936192191915,
					683.3504742475935
				],
				[
					1172.7105246767028,
					678.7849847364379
				],
				[
					1164.40963465642,
					676.294717730353
				],
				[
					1157.7689226401935,
					674.2194952252822
				],
				[
					1117.924650542835,
					631.0548671198105
				],
				[
					1115.43438353675,
					632.7150451238671
				],
				[
					1108.3786270195094,
					630.6398226187963
				],
				[
					1104.6432265103822,
					635.2053121299521
				],
				[
					1097.1724254921273,
					636.0354011319803
				],
				[
					1028.6900828247924,
					705.3478328013435
				],
				[
					1023.7095488126226,
					724.0248353469804
				],
				[
					1054.0077973866555,
					753.077950417971
				]
			],
			"polygon.shape": 1,
			"polygon.shift": 2,
			"polygon.updates": [
				3
			]
		}
	]
}