{
	"info": {
		"info.name": "항공영상 도시건물 변화탐지 데이터",
		"info.id": "TIFF_CHANGE_safe_01",
		"info.date_created": "2021-04-09 09:00:00",
		"info.src_path": "/dataSet/change",
		"info.label_path": "/dataSet/change",
		"info.category": 2,
		"info.type": 1
	},
	"images": {
		"images.id": "2016_KSG_1LB_000040.tif",
		"images.type": "TIF",
		"images.data_captured": "2021-11-10 09:46:34",
		"images.size": 1676,
		"images.width": 1508,
		"images.height": 754,
		"images.h_resolution": 150,
		"images.v_resolution": 150,
		"images.bit": 24
	},
	"annotations": [
		{
			"polygon.id": "PLG_000000",
			"polygon.name": "building",
			"polygon.points": [
				[
					1060.0976075449319,
					752.7662478391477
				],
				[
					1107.0783392569504,
					743.8312620534264
				],
				[
					1093.5317479044052,
					696.2740796455549
				],
				[
					1085.4614381624633,
					695.4094036017755
				],
				[
					1073.644198897477,
					637.7643340164766
				],
				[
					1067.0150158951676,
					634.8820805372117
				],
				[
					1036.5784191541297,
					642.6641649312271
				],
				[
					1033.1197149790119,
					631.250441153338
				],
				[
					957.719963961441,
					650.9650549515102
				],
				[
					961.1786681365589,
					662.7246491469111
				],
				[
					925.899885550356,
					672.0631504197295
				],
				[
					927.629237637915,
					683.8227446151304
				],
				[
					895.80915922683,
					691.7777642179017
				],
				[
					912.7568096849079,
					753.3426985350007
				]
			],
			"polygon.shape": 1,
			"polygon.shift": 2,
			"polygon.updates": [
				3
			]
		}
	]
}