{
	"info": {
		"info.name": "항공영상 도시건물 변화탐지 데이터",
		"info.id": "TIFF_CHANGE_safe_01",
		"info.date_created": "2021-04-09 09:00:00",
		"info.src_path": "/dataSet/change",
		"info.label_path": "/dataSet/change",
		"info.category": 2,
		"info.type": 1
	},
	"images": {
		"images.id": "2016_KSG_1LB_000172.tif",
		"images.type": "TIF",
		"images.data_captured": "2021-11-10 09:46:50",
		"images.size": 1519,
		"images.width": 1508,
		"images.height": 754,
		"images.h_resolution": 150,
		"images.v_resolution": 150,
		"images.bit": 24
	},
	"annotations": [
		{
			"polygon.id": "PLG_000000",
			"polygon.name": "building",
			"polygon.points": [
				[
					1477.754883320094,
					371.4672048971389
				],
				[
					1426.2201911108368,
					344.489312331219
				],
				[
					1425.1825798583013,
					348.98562775887234
				],
				[
					1421.0321348481598,
					348.98562775887234
				],
				[
					1418.9569123430892,
					348.98562775887234
				],
				[
					1413.4229856629004,
					347.2562756713134
				],
				[
					1373.993758066556,
					439.25780672945024
				],
				[
					1373.993758066556,
					451.01740092485124
				],
				[
					1404.7762252251057,
					465.1980880428347
				],
				[
					1407.1973181476883,
					455.85958677001634
				],
				[
					1435.2128219661433,
					467.6191809654173
				]
			],
			"polygon.shape": 0,
			"polygon.shift": 2,
			"polygon.updates": [
				3
			]
		}
	]
}