{
	"info": {
		"info.name": "항공영상 도시건물 변화탐지 데이터",
		"info.id": "TIFF_CHANGE_safe_01",
		"info.date_created": "2021-04-09 09:00:00",
		"info.src_path": "/dataSet/change",
		"info.label_path": "/dataSet/change",
		"info.category": 2,
		"info.type": 1
	},
	"images": {
		"images.id": "2016_YCG_1LB_000084.tif",
		"images.type": "TIF",
		"images.data_captured": "2021-11-10 09:47:24",
		"images.size": 1571,
		"images.width": 1508,
		"images.height": 754,
		"images.h_resolution": 150,
		"images.v_resolution": 150,
		"images.bit": 24
	},
	"annotations": [
		{
			"polygon.id": "PLG_000000",
			"polygon.name": "building",
			"polygon.points": [
				[
					757.9257768976897,
					734.4479588118812
				],
				[
					832.5792422442244,
					607.5370677227722
				],
				[
					973.176601980198,
					685.9232063366337
				],
				[
					933.3614204620462,
					751.8671007260726
				],
				[
					757.9949004767143,
					753.1458869380272
				]
			],
			"polygon.shape": 1,
			"polygon.shift": 0
		},
		{
			"polygon.id": "PLG_000001",
			"polygon.name": "building",
			"polygon.points": [
				[
					1017.2083218188485,
					705.6234263586359
				],
				[
					1104.4768403373669,
					752.28184220022
				],
				[
					991.2869796846351,
					752.28184220022
				]
			],
			"polygon.shape": 1,
			"polygon.shift": 0
		}
	]
}