{
	"info": {
		"info.name": "항공영상 도시건물 변화탐지 데이터",
		"info.id": "TIFF_CHANGE_safe_01",
		"info.date_created": "2021-04-09 09:00:00",
		"info.src_path": "/dataSet/change",
		"info.label_path": "/dataSet/change",
		"info.category": 2,
		"info.type": 1
	},
	"images": {
		"images.id": "2016_KSG_1LB_000042.tif",
		"images.type": "TIF",
		"images.data_captured": "2021-11-10 09:46:34",
		"images.size": 1562,
		"images.width": 1508,
		"images.height": 754,
		"images.h_resolution": 150,
		"images.v_resolution": 150,
		"images.bit": 24
	},
	"annotations": [
		{
			"polygon.id": "PLG_000000",
			"polygon.name": "building",
			"polygon.points": [
				[
					1415.766948928986,
					279.09994592170517
				],
				[
					1293.843476311069,
					268.9396565368788
				],
				[
					1283.0855228447822,
					397.43743405086
				],
				[
					1287.8668354964652,
					403.4140748654638
				],
				[
					1333.2893056874539,
					405.8047311913053
				],
				[
					1335.6799620132954,
					421.94166139073553
				],
				[
					1393.0557138334916,
					424.9299817980374
				],
				[
					1401.6329943181154,
					418.2336246453402
				]
			],
			"polygon.shape": 0,
			"polygon.shift": 2,
			"polygon.updates": [
				1,
				3,
				2
			]
		}
	]
}