{
	"info": {
		"info.name": "항공영상 도시건물 변화탐지 데이터",
		"info.id": "TIFF_CHANGE_safe_01",
		"info.date_created": "2021-04-09 09:00:00",
		"info.src_path": "/dataSet/change",
		"info.label_path": "/dataSet/change",
		"info.category": 2,
		"info.type": 1
	},
	"images": {
		"images.id": "2016_WSN_1LB_000060.tif",
		"images.type": "TIF",
		"images.data_captured": "2021-12-14 15:48:41",
		"images.size": 1760,
		"images.width": 1500,
		"images.height": 750,
		"images.h_resolution": 150,
		"images.v_resolution": 150,
		"images.bit": 24
	},
	"annotations": [
		{
			"polygon.id": "PLG_000000",
			"polygon.name": "building",
			"polygon.points": [
				[
					219.54488362789948,
					382.94870957056787
				],
				[
					268.34275048328976,
					380.84337549615697
				],
				[
					277.47040903178004,
					479.7940769934705
				],
				[
					282.3853020963517,
					483.3029671174888
				],
				[
					282.03423830602514,
					504.0054188491962
				],
				[
					256.0555178218606,
					504.0054188491962
				],
				[
					254.65126266055438,
					493.4787484771416
				],
				[
					225.16190427312426,
					493.1278594647398
				]
			],
			"polygon.shape": 0,
			"polygon.shift": 2,
			"polygon.updates": [
				4
			]
		},
		{
			"polygon.id": "PLG_000001",
			"polygon.name": "building",
			"polygon.points": [
				[
					147.1448298629175,
					672.368784015181
				],
				[
					254.27390582126907,
					633.1792534204662
				],
				[
					276.5173075763592,
					680.6755901391767
				],
				[
					286.1224128796936,
					703.4131981428147
				],
				[
					291.1777314603959,
					728.1719268578872
				],
				[
					221.41433504670414,
					748.8884141500907
				],
				[
					172.37774481389175,
					748.8884141500907
				],
				[
					147.10115191038028,
					680.6755901391767
				]
			],
			"polygon.shape": 1,
			"polygon.shift": 2,
			"polygon.updates": [
				4,
				3
			]
		},
		{
			"polygon.id": "PLG_000002",
			"polygon.name": "building",
			"polygon.points": [
				[
					69.73455635131216,
					585.9092822214363
				],
				[
					78.22749156689196,
					608.3437221183591
				],
				[
					85.50715032310325,
					613.1944118258018
				],
				[
					88.5403414715247,
					632.597170655573
				],
				[
					97.03327668710455,
					638.6605327898765
				],
				[
					103.09965898394734,
					664.7329899673814
				],
				[
					114.01914711826424,
					665.3393261808118
				],
				[
					141.31786745405668,
					658.0632916196475
				],
				[
					144.9576968321624,
					670.7963521016848
				],
				[
					191.06220228816738,
					653.2126019122047
				],
				[
					152.23735558837365,
					554.9861353364886
				],
				[
					120.08552941510703,
					565.2938509648045
				]
			],
			"polygon.shape": 0,
			"polygon.shift": 2,
			"polygon.updates": [
				4,
				3
			]
		}
	]
}