{
	"info": {
		"info.name": "항공영상 도시건물 변화탐지 데이터",
		"info.id": "TIFF_CHANGE_safe_01",
		"info.date_created": "2021-04-09 09:00:00",
		"info.src_path": "/dataSet/change",
		"info.label_path": "/dataSet/change",
		"info.category": 2,
		"info.type": 1
	},
	"images": {
		"images.id": "2016_KSG_1LB_000162.tif",
		"images.type": "TIF",
		"images.data_captured": "2021-11-10 09:46:48",
		"images.size": 1574,
		"images.width": 1508,
		"images.height": 754,
		"images.h_resolution": 150,
		"images.v_resolution": 150,
		"images.bit": 24
	},
	"annotations": [
		{
			"polygon.id": "PLG_000000",
			"polygon.name": "building",
			"polygon.points": [
				[
					979.012393125755,
					374.9649830217603
				],
				[
					1106.4310549370994,
					302.33219534428383
				],
				[
					1042.9292462819344,
					198.57107009074605
				],
				[
					1001.8398406815334,
					223.88878465260927
				],
				[
					997.2743511703777,
					217.663117137397
				],
				[
					915.5105844705898,
					267.46845725909515
				],
				[
					949.5442335537502,
					320.17910888789237
				],
				[
					959.0902570770758,
					331.3853104152745
				],
				[
					959.9203460791041,
					343.00655644367066
				]
			],
			"polygon.shape": 0,
			"polygon.shift": 2,
			"polygon.updates": [
				2
			]
		},
		{
			"polygon.id": "PLG_000001",
			"polygon.name": "building",
			"polygon.points": [
				[
					1369.3979382100522,
					751.7801436726439
				],
				[
					1322.3595614284484,
					670.5005955573727
				],
				[
					1322.70543184596,
					663.5831872071368
				],
				[
					1423.6995937594036,
					607.2063091527145
				],
				[
					1427.5041683520333,
					608.24392040525
				],
				[
					1503.1332714571633,
					749.5884028376205
				]
			],
			"polygon.shape": 1,
			"polygon.shift": 2,
			"polygon.updates": [
				3,
				1
			]
		},
		{
			"polygon.id": "PLG_000002",
			"polygon.name": "building",
			"polygon.points": [
				[
					1507.9017267164118,
					666.3145010963841
				],
				[
					1463.2280259785875,
					586.3043727027717
				],
				[
					1507.1984568674714,
					560.9277848805409
				]
			],
			"polygon.shape": 1,
			"polygon.shift": 2,
			"polygon.updates": [
				3,
				1
			]
		}
	]
}