{
	"info": {
		"info.name": "항공영상 도시건물 변화탐지 데이터",
		"info.id": "TIFF_CHANGE_safe_01",
		"info.date_created": "2021-04-09 09:00:00",
		"info.src_path": "/dataSet/change",
		"info.label_path": "/dataSet/change",
		"info.category": 2,
		"info.type": 1
	},
	"images": {
		"images.id": "2016_YCG_1LB_000044.tif",
		"images.type": "TIF",
		"images.data_captured": "2021-11-10 09:47:16",
		"images.size": 1663,
		"images.width": 1508,
		"images.height": 754,
		"images.h_resolution": 150,
		"images.v_resolution": 150,
		"images.bit": 24
	},
	"annotations": [
		{
			"polygon.id": "PLG_000000",
			"polygon.name": "building",
			"polygon.points": [
				[
					1503.0231023102313,
					46.03630363036304
				],
				[
					1407.2178217821784,
					83.36303630363037
				],
				[
					1410.950495049505,
					103.27062706270628
				],
				[
					1496.80198019802,
					330.963696369637
				],
				[
					1506.7557755775579,
					324.74257425742576
				]
			],
			"polygon.shape": 1,
			"polygon.shift": 2,
			"polygon.updates": [
				2
			]
		}
	]
}