{
	"info": {
		"info.name": "항공영상 도시건물 변화탐지 데이터",
		"info.id": "TIFF_CHANGE_safe_01",
		"info.date_created": "2021-04-09 09:00:00",
		"info.src_path": "/dataSet/change",
		"info.label_path": "/dataSet/change",
		"info.category": 2,
		"info.type": 1
	},
	"images": {
		"images.id": "2016_KSG_1LB_000180.tif",
		"images.type": "TIF",
		"images.data_captured": "2021-11-10 09:46:50",
		"images.size": 1699,
		"images.width": 1508,
		"images.height": 754,
		"images.h_resolution": 150,
		"images.v_resolution": 150,
		"images.bit": 24
	},
	"annotations": [
		{
			"polygon.id": "PLG_000000",
			"polygon.name": "building",
			"polygon.points": [
				[
					784.1670183648813,
					753.6921702372018
				],
				[
					783.1294071123459,
					748.1582435570132
				],
				[
					810.4531700957775,
					733.6316860215179
				],
				[
					810.1072996782657,
					728.0977593413292
				],
				[
					865.6759185677115,
					697.5446442703387
				],
				[
					891.3868477935371,
					753.3462998196901
				]
			],
			"polygon.shape": 1,
			"polygon.shift": 2,
			"polygon.updates": [
				3,
				1,
				4
			]
		},
		{
			"polygon.id": "PLG_000001",
			"polygon.name": "building",
			"polygon.points": [
				[
					683.7695691018549,
					750.8533925757106
				],
				[
					669.5984894954689,
					727.795364741591
				],
				[
					662.3928557973065,
					726.5944257918973
				],
				[
					621.5609315077199,
					751.333768155588
				]
			],
			"polygon.shape": 1,
			"polygon.shift": 2,
			"polygon.updates": [
				4
			]
		}
	]
}