{
	"info": {
		"info.name": "항공영상 도시건물 변화탐지 데이터",
		"info.id": "TIFF_CHANGE_safe_01",
		"info.date_created": "2021-04-09 09:00:00",
		"info.src_path": "/dataSet/change",
		"info.label_path": "/dataSet/change",
		"info.category": 2,
		"info.type": 1
	},
	"images": {
		"images.id": "2016_MPG_1LB_000047.tif",
		"images.type": "TIF",
		"images.data_captured": "2021-11-10 09:46:56",
		"images.size": 1574,
		"images.width": 1508,
		"images.height": 754,
		"images.h_resolution": 150,
		"images.v_resolution": 150,
		"images.bit": 24
	},
	"annotations": [
		{
			"polygon.id": "PLG_000000",
			"polygon.name": "building",
			"polygon.points": [
				[
					1141.6433878157504,
					51.536404160475485
				],
				[
					1224.549777117385,
					60.49925705794948
				],
				[
					1222.3090638930164,
					79.54531946508172
				],
				[
					1259.2808320950967,
					85.14710252600297
				],
				[
					1255.9197622585439,
					112.03566121842496
				],
				[
					1264.882615156018,
					113.15601783060922
				],
				[
					1264.882615156018,
					141.16493313521545
				],
				[
					1271.6047548291233,
					144.5260029717682
				],
				[
					1269.364041604755,
					211.74739970282317
				],
				[
					1230.1515601783062,
					246.47845468053492
				],
				[
					1119.2362555720654,
					231.91381872213967
				],
				[
					1121.476968796434,
					199.42347696879645
				]
			],
			"polygon.shape": 0,
			"polygon.shift": 2,
			"polygon.updates": [
				3
			]
		}
	]
}