{
	"info": {
		"info.name": "항공영상 도시건물 변화탐지 데이터",
		"info.id": "TIFF_CHANGE_safe_01",
		"info.date_created": "2021-04-09 09:00:00",
		"info.src_path": "/dataSet/change",
		"info.label_path": "/dataSet/change",
		"info.category": 2,
		"info.type": 1
	},
	"images": {
		"images.id": "2016_KSG_1LB_000100.tif",
		"images.type": "TIF",
		"images.data_captured": "2021-11-10 09:46:42",
		"images.size": 1574,
		"images.width": 1508,
		"images.height": 754,
		"images.h_resolution": 150,
		"images.v_resolution": 150,
		"images.bit": 24
	},
	"annotations": [
		{
			"polygon.id": "PLG_000000",
			"polygon.name": "building",
			"polygon.points": [
				[
					1197.4578127015116,
					288.0324951564021
				],
				[
					1192.0622341883277,
					279.3165606351049
				],
				[
					1197.8728572025257,
					275.9962046269917
				],
				[
					1153.4630955940115,
					210.4191734667558
				],
				[
					1093.6966874479738,
					249.43335656208603
				],
				[
					1083.735619423634,
					234.90679902659076
				],
				[
					1009.8576982431152,
					285.12718364930305
				],
				[
					1062.5683498719125,
					363.9856388419918
				],
				[
					1097.432087957101,
					340.3281022841852
				],
				[
					1103.5066501006095,
					350.4262902847474
				]
			],
			"polygon.shape": 0,
			"polygon.shift": 2,
			"polygon.updates": [
				3
			]
		}
	]
}