{
	"info": {
		"info.name": "항공영상 도시건물 변화탐지 데이터",
		"info.id": "TIFF_CHANGE_safe_01",
		"info.date_created": "2021-04-09 09:00:00",
		"info.src_path": "/dataSet/change",
		"info.label_path": "/dataSet/change",
		"info.category": 2,
		"info.type": 1
	},
	"images": {
		"images.id": "2016_KSG_1LB_000027.tif",
		"images.type": "TIF",
		"images.data_captured": "2021-11-10 09:46:34",
		"images.size": 1605,
		"images.width": 1508,
		"images.height": 754,
		"images.h_resolution": 150,
		"images.v_resolution": 150,
		"images.bit": 24
	},
	"annotations": [
		{
			"polygon.id": "PLG_000000",
			"polygon.name": "building",
			"polygon.points": [
				[
					1506.5978238419489,
					368.19374925448795
				],
				[
					1407.6220140408152,
					371.52066723099665
				],
				[
					1407.2061492937517,
					374.0158557133782
				],
				[
					1408.8696082820059,
					477.9820424792748
				],
				[
					1412.6123910055783,
					479.64550146752913
				],
				[
					1413.0282557526418,
					495.864226603009
				],
				[
					1493.6404024673302,
					552.3557559160678
				],
				[
					1506.6361758130672,
					552.3557559160678
				]
			],
			"polygon.shape": 1,
			"polygon.shift": 2,
			"polygon.updates": [
				4,
				3,
				0
			]
		}
	]
}