{
	"info": {
		"info.name": "항공영상 도시건물 변화탐지 데이터",
		"info.id": "TIFF_CHANGE_safe_01",
		"info.date_created": "2021-04-09 09:00:00",
		"info.src_path": "/dataSet/change",
		"info.label_path": "/dataSet/change",
		"info.category": 2,
		"info.type": 1
	},
	"images": {
		"images.id": "2016_KSG_1LB_000053.tif",
		"images.type": "TIF",
		"images.data_captured": "2021-11-10 09:46:36",
		"images.size": 1547,
		"images.width": 1508,
		"images.height": 754,
		"images.h_resolution": 150,
		"images.v_resolution": 150,
		"images.bit": 24
	},
	"annotations": [
		{
			"polygon.id": "PLG_000000",
			"polygon.name": "building",
			"polygon.points": [
				[
					1505.5132446024297,
					223.41556220176335
				],
				[
					1457.3680824847881,
					205.983693159169
				],
				[
					1457.7831269858023,
					200.58811464598503
				],
				[
					1454.047726476675,
					197.26775863787182
				],
				[
					1455.7079044807315,
					190.6270466216454
				],
				[
					1437.0309019350948,
					191.4571356236737
				],
				[
					1423.3344334016278,
					259.52443378999453
				],
				[
					1405.9025643590335,
					290.23772686504174
				],
				[
					1409.2229203671466,
					294.3881718751832
				],
				[
					1457.3680824847881,
					318.04570843298984
				],
				[
					1505.4332348165476,
					334.65394629205167
				]
			],
			"polygon.shape": 1,
			"polygon.shift": 2,
			"polygon.updates": [
				2
			]
		}
	]
}