{
	"info": {
		"info.name": "항공영상 도시건물 변화탐지 데이터",
		"info.id": "TIFF_CHANGE_safe_01",
		"info.date_created": "2021-04-09 09:00:00",
		"info.src_path": "/dataSet/change",
		"info.label_path": "/dataSet/change",
		"info.category": 2,
		"info.type": 1
	},
	"images": {
		"images.id": "2016_KSG_1LB_000041.tif",
		"images.type": "TIF",
		"images.data_captured": "2021-11-10 09:46:34",
		"images.size": 1625,
		"images.width": 1508,
		"images.height": 754,
		"images.h_resolution": 150,
		"images.v_resolution": 150,
		"images.bit": 24
	},
	"annotations": [
		{
			"polygon.id": "PLG_000000",
			"polygon.name": "building",
			"polygon.points": [
				[
					920.8345336076818,
					263.3194466427491
				],
				[
					965.6593397172102,
					252.8603252171925
				],
				[
					970.63987372938,
					260.33112623544724
				],
				[
					1027.417961468116,
					245.88757760015477
				],
				[
					1027.916014869333,
					241.40509698920192
				],
				[
					1102.62402505188,
					218.49464053322077
				],
				[
					1095.1532240336253,
					175.66204802856038
				],
				[
					1087.1843696141536,
					169.18735381273962
				],
				[
					1081.7057822007669,
					162.71265959691885
				],
				[
					1071.2466607752103,
					112.40926607400374
				],
				[
					1062.7797529545214,
					109.91899906791883
				],
				[
					1032.8965488815027,
					116.89174668495657
				],
				[
					1029.4101750729837,
					106.43262525939997
				],
				[
					955.2002182916535,
					124.36254770321129
				],
				[
					957.6904852977384,
					136.8138827336358
				],
				[
					924.3209074162007,
					144.78273715310752
				],
				[
					925.8150676198517,
					157.23407218353208
				],
				[
					893.9396499419648,
					167.69319360908867
				]
			],
			"polygon.shape": 0,
			"polygon.shift": 2,
			"polygon.updates": [
				3
			]
		}
	]
}