{
	"info": {
		"info.name": "항공영상 도시건물 변화탐지 데이터",
		"info.id": "TIFF_CHANGE_safe_01",
		"info.date_created": "2021-04-09 09:00:00",
		"info.src_path": "/dataSet/change",
		"info.label_path": "/dataSet/change",
		"info.category": 2,
		"info.type": 1
	},
	"images": {
		"images.id": "2016_KSG_1LB_000076.tif",
		"images.type": "TIF",
		"images.data_captured": "2021-11-10 09:46:38",
		"images.size": 1668,
		"images.width": 1508,
		"images.height": 754,
		"images.h_resolution": 150,
		"images.v_resolution": 150,
		"images.bit": 24
	},
	"annotations": [
		{
			"polygon.id": "PLG_000000",
			"polygon.name": "building",
			"polygon.points": [
				[
					1111.740614093966,
					395.38290931700135
				],
				[
					1157.7413796230346,
					358.3747746432395
				],
				[
					1162.5835654681996,
					364.25457174094
				],
				[
					1232.10351938807,
					309.26117535656493
				],
				[
					1151.2805202239142,
					206.92226925983562
				],
				[
					1096.4946460900462,
					249.25680836327905
				],
				[
					1101.0601356012019,
					254.23734237544886
				],
				[
					1036.3131934429944,
					304.45772699816115
				],
				[
					1103.1353581062726,
					391.61707221113295
				]
			],
			"polygon.shape": 0,
			"polygon.shift": 2,
			"polygon.updates": [
				1,
				3
			]
		},
		{
			"polygon.id": "PLG_000001",
			"polygon.name": "building",
			"polygon.points": [
				[
					1504.2300934658078,
					74.51232168085309
				],
				[
					1446.4697337413386,
					0.49605233332944465
				],
				[
					1503.884223048296,
					0.49605233332944465
				]
			],
			"polygon.shape": 1,
			"polygon.shift": 2,
			"polygon.updates": [
				3
			]
		}
	]
}