{
	"info": {
		"info.name": "항공영상 도시건물 변화탐지 데이터",
		"info.id": "TIFF_CHANGE_safe_01",
		"info.date_created": "2021-04-09 09:00:00",
		"info.src_path": "/dataSet/change",
		"info.label_path": "/dataSet/change",
		"info.category": 2,
		"info.type": 1
	},
	"images": {
		"images.id": "2016_KSG_1LB_000109.tif",
		"images.type": "TIF",
		"images.data_captured": "2021-11-10 09:46:42",
		"images.size": 1498,
		"images.width": 1508,
		"images.height": 754,
		"images.h_resolution": 150,
		"images.v_resolution": 150,
		"images.bit": 24
	},
	"annotations": [
		{
			"polygon.id": "PLG_000000",
			"polygon.name": "building",
			"polygon.points": [
				[
					127.39852185994164,
					616.8663430762194
				],
				[
					32.29799186089914,
					514.903743993743
				],
				[
					29.531028520804796,
					518.0165777513491
				],
				[
					23.30536100559253,
					511.4450398186251
				],
				[
					22.267749753057153,
					508.6780764785307
				],
				[
					17.771434325403845,
					501.4147977107831
				],
				[
					15.3503414028213,
					500.3771864582477
				],
				[
					11.545766810191576,
					507.9863356435072
				],
				[
					9.816414722632615,
					508.33220606101895
				],
				[
					3.2448767899085524,
					507.29459480848357
				],
				[
					4.351662125946291,
					678.2560363817796
				],
				[
					53.92642196930325,
					727.8307962251365
				],
				[
					93.98974533108591,
					690.3615009946924
				],
				[
					25.39211252458035,
					619.7462907527014
				],
				[
					45.27966153150844,
					603.0292205729647
				],
				[
					90.81926650389447,
					652.3157550683951
				]
			],
			"polygon.shape": 1,
			"polygon.shift": 2,
			"polygon.updates": [
				4
			]
		}
	]
}