{
	"info": {
		"info.name": "항공영상 도시건물 변화탐지 데이터",
		"info.id": "TIFF_CHANGE_safe_01",
		"info.date_created": "2021-04-09 09:00:00",
		"info.src_path": "/dataSet/change",
		"info.label_path": "/dataSet/change",
		"info.category": 2,
		"info.type": 1
	},
	"images": {
		"images.id": "2016_KSG_1LB_000103.tif",
		"images.type": "TIF",
		"images.data_captured": "2021-11-10 09:46:42",
		"images.size": 1752,
		"images.width": 1508,
		"images.height": 754,
		"images.h_resolution": 150,
		"images.v_resolution": 150,
		"images.bit": 24
	},
	"annotations": [
		{
			"polygon.id": "PLG_000000",
			"polygon.name": "building",
			"polygon.points": [
				[
					1503.8484742754658,
					12.552012946874392
				],
				[
					1489.9175824590186,
					0.30243565999839817
				],
				[
					1484.1073731015701,
					0.6673876630442095
				],
				[
					1423.692634356938,
					83.71525166290897
				],
				[
					1504.6263120546976,
					141.47561138737836
				]
			],
			"polygon.shape": 1,
			"polygon.shift": 2,
			"polygon.updates": [
				3
			]
		}
	]
}