{
	"info": {
		"info.name": "항공영상 도시건물 변화탐지 데이터",
		"info.id": "TIFF_CHANGE_safe_01",
		"info.date_created": "2021-04-09 09:00:00",
		"info.src_path": "/dataSet/change",
		"info.label_path": "/dataSet/change",
		"info.category": 2,
		"info.type": 1
	},
	"images": {
		"images.id": "2016_KSG_1LB_000108.tif",
		"images.type": "TIF",
		"images.data_captured": "2021-11-10 09:46:42",
		"images.size": 1746,
		"images.width": 1508,
		"images.height": 754,
		"images.h_resolution": 150,
		"images.v_resolution": 150,
		"images.bit": 24
	},
	"annotations": [
		{
			"polygon.id": "PLG_000000",
			"polygon.name": "building",
			"polygon.points": [
				[
					1436.4656110172775,
					113.96052093319413
				],
				[
					1319.2604885136388,
					62.514782229706356
				],
				[
					1253.7576631306695,
					205.18318602812565
				],
				[
					1326.3904508081462,
					237.5566571072294
				],
				[
					1333.861251826401,
					220.95487706666336
				],
				[
					1354.1984323760942,
					227.59558908288977
				],
				[
					1360.8391443923208,
					214.31416505043694
				],
				[
					1368.3099454105757,
					217.21947655753598
				],
				[
					1391.552437467368,
					162.01855792265388
				],
				[
					1412.7197070190898,
					171.5645814459794
				]
			],
			"polygon.shape": 0,
			"polygon.shift": 2,
			"polygon.updates": [
				2,
				3
			]
		}
	]
}