{
	"info": {
		"info.name": "항공영상 도시건물 변화탐지 데이터",
		"info.id": "TIFF_CHANGE_safe_01",
		"info.date_created": "2021-04-09 09:00:00",
		"info.src_path": "/dataSet/change",
		"info.label_path": "/dataSet/change",
		"info.category": 2,
		"info.type": 1
	},
	"images": {
		"images.id": "2016_KSG_1LB_000034.tif",
		"images.type": "TIF",
		"images.data_captured": "2021-11-10 09:46:34",
		"images.size": 1495,
		"images.width": 1508,
		"images.height": 754,
		"images.h_resolution": 150,
		"images.v_resolution": 150,
		"images.bit": 24
	},
	"annotations": [
		{
			"polygon.id": "PLG_000000",
			"polygon.name": "building",
			"polygon.points": [
				[
					1051.5554621276071,
					609.5866033115261
				],
				[
					849.8438346347297,
					588.6683604604129
				],
				[
					835.8983394006541,
					702.2245359378846
				],
				[
					844.3652472213428,
					707.2050699500544
				],
				[
					889.6881067320882,
					708.6992301537055
				],
				[
					890.6842135345221,
					703.2206427403187
				],
				[
					914.5907767929373,
					704.2167495427526
				],
				[
					916.0849369965881,
					691.7654145123281
				],
				[
					951.9447818842109,
					694.75373491963
				],
				[
					953.9369954890788,
					695.7498417220638
				],
				[
					1040.5982873008336,
					699.7342689317998
				],
				[
					1043.0885543069185,
					691.2673611111111
				],
				[
					1047.5710349178712,
					668.854958056347
				]
			],
			"polygon.shape": 0,
			"polygon.shift": 2,
			"polygon.updates": [
				3
			]
		}
	]
}