{
	"info": {
		"info.name": "항공영상 도시건물 변화탐지 데이터",
		"info.id": "TIFF_CHANGE_safe_01",
		"info.date_created": "2021-04-09 09:00:00",
		"info.src_path": "/dataSet/change",
		"info.label_path": "/dataSet/change",
		"info.category": 2,
		"info.type": 1
	},
	"images": {
		"images.id": "2016_KSG_1LB_000178.tif",
		"images.type": "TIF",
		"images.data_captured": "2021-11-10 09:46:50",
		"images.size": 1512,
		"images.width": 1508,
		"images.height": 754,
		"images.h_resolution": 150,
		"images.v_resolution": 150,
		"images.bit": 24
	},
	"annotations": [
		{
			"polygon.id": "PLG_000000",
			"polygon.name": "building",
			"polygon.points": [
				[
					1306.98682665928,
					751.09936886673
				],
				[
					1363.7649143980161,
					715.7375773803243
				],
				[
					1308.5407532710774,
					631.2804707009956
				],
				[
					1353.0069609317297,
					600.4410040976401
				],
				[
					1346.5521888519575,
					586.097066142591
				],
				[
					1443.2280356389156,
					529.8791569941262
				],
				[
					1366.5969815078615,
					405.7983561077697
				],
				[
					889.0657710773455,
					703.2119407512923
				],
				[
					882.0930234603078,
					709.686634967113
				],
				[
					909.7488220445505,
					753.6409544098477
				]
			],
			"polygon.shape": 1,
			"polygon.shift": 2,
			"polygon.updates": [
				3
			]
		}
	]
}