{
	"info": {
		"info.name": "항공영상 도시건물 변화탐지 데이터",
		"info.id": "TIFF_CHANGE_safe_01",
		"info.date_created": "2021-04-09 09:00:00",
		"info.src_path": "/dataSet/change",
		"info.label_path": "/dataSet/change",
		"info.category": 2,
		"info.type": 1
	},
	"images": {
		"images.id": "2016_YCG_1LB_000014.tif",
		"images.type": "TIF",
		"images.data_captured": "2021-11-10 09:47:12",
		"images.size": 1610,
		"images.width": 1508,
		"images.height": 754,
		"images.h_resolution": 150,
		"images.v_resolution": 150,
		"images.bit": 24
	},
	"annotations": [
		{
			"polygon.id": "PLG_000000",
			"polygon.name": "building",
			"polygon.points": [
				[
					755.1203566121843,
					655.4086181277861
				],
				[
					789.8514115898961,
					540.0118870728083
				],
				[
					900.7667161961367,
					568.0208023774146
				],
				[
					850.3506686478455,
					752.8796433878158
				],
				[
					757.3610698365528,
					751.7592867756315
				]
			],
			"polygon.shape": 1,
			"polygon.shift": 2,
			"polygon.updates": [
				1,
				3
			]
		}
	]
}