{
	"info": {
		"info.name": "항공영상 도시건물 변화탐지 데이터",
		"info.id": "TIFF_CHANGE_safe_01",
		"info.date_created": "2021-04-09 09:00:00",
		"info.src_path": "/dataSet/change",
		"info.label_path": "/dataSet/change",
		"info.category": 2,
		"info.type": 1
	},
	"images": {
		"images.id": "2016_MPG_1LB_000013.tif",
		"images.type": "TIF",
		"images.data_captured": "2021-11-10 09:46:52",
		"images.size": 1713,
		"images.width": 1508,
		"images.height": 754,
		"images.h_resolution": 150,
		"images.v_resolution": 150,
		"images.bit": 24
	},
	"annotations": [
		{
			"polygon.id": "PLG_000000",
			"polygon.name": "building",
			"polygon.points": [
				[
					922.0534918276375,
					557.9375928677563
				],
				[
					909.7295690936107,
					494.0772659732541
				],
				[
					1106.9123328380388,
					457.1054977711739
				],
				[
					1120.3566121842498,
					523.2065378900446
				]
			],
			"polygon.shape": 0,
			"polygon.shift": 2,
			"polygon.updates": [
				4,
				3
			]
		}
	]
}