{
	"info": {
		"info.name": "항공영상 도시건물 변화탐지 데이터",
		"info.id": "TIFF_CHANGE_safe_01",
		"info.date_created": "2021-04-09 09:00:00",
		"info.src_path": "/dataSet/change",
		"info.label_path": "/dataSet/change",
		"info.category": 2,
		"info.type": 1
	},
	"images": {
		"images.id": "2016_KSG_1LB_000043.tif",
		"images.type": "TIF",
		"images.data_captured": "2021-11-10 09:46:34",
		"images.size": 1488,
		"images.width": 1508,
		"images.height": 754,
		"images.h_resolution": 150,
		"images.v_resolution": 150,
		"images.bit": 24
	},
	"annotations": [
		{
			"polygon.id": "PLG_000000",
			"polygon.name": "building",
			"polygon.points": [
				[
					889.3931953677325,
					282.74254115226336
				],
				[
					767.4697227498153,
					274.37524401181804
				],
				[
					756.1141052020682,
					404.06834968872005
				],
				[
					808.110880289121,
					409.44732642186347
				],
				[
					810.5015366149626,
					422.59593621399176
				],
				[
					867.8772884351588,
					425.58425662129366
				],
				[
					876.2445855756041,
					423.19360029545214
				]
			],
			"polygon.shape": 1,
			"polygon.shift": 2,
			"polygon.updates": [
				1,
				2,
				3
			]
		}
	]
}