{
	"info": {
		"info.name": "항공영상 도시건물 변화탐지 데이터",
		"info.id": "TIFF_CHANGE_safe_01",
		"info.date_created": "2021-04-09 09:00:00",
		"info.src_path": "/dataSet/change",
		"info.label_path": "/dataSet/change",
		"info.category": 2,
		"info.type": 1
	},
	"images": {
		"images.id": "2016_MPG_1LB_000032.tif",
		"images.type": "TIF",
		"images.data_captured": "2021-11-10 09:46:54",
		"images.size": 1522,
		"images.width": 1508,
		"images.height": 754,
		"images.h_resolution": 150,
		"images.v_resolution": 150,
		"images.bit": 24
	},
	"annotations": [
		{
			"polygon.id": "PLG_000000",
			"polygon.name": "building",
			"polygon.points": [
				[
					1171.893016344725,
					752.8796433878158
				],
				[
					1171.893016344725,
					730.4725111441307
				],
				[
					1184.216939078752,
					730.4725111441307
				],
				[
					1184.216939078752,
					645.3254086181278
				],
				[
					1297.3729569093612,
					645.3254086181278
				],
				[
					1294.0118870728083,
					749.518573551263
				]
			],
			"polygon.shape": 1,
			"polygon.shift": 2,
			"polygon.updates": [
				4,
				3
			]
		}
	]
}