{
	"info": {
		"info.name": "항공영상 도시건물 변화탐지 데이터",
		"info.id": "TIFF_CHANGE_safe_01",
		"info.date_created": "2021-04-09 09:00:00",
		"info.src_path": "/dataSet/change",
		"info.label_path": "/dataSet/change",
		"info.category": 2,
		"info.type": 1
	},
	"images": {
		"images.id": "2016_MPG_1LB_000028.tif",
		"images.type": "TIF",
		"images.data_captured": "2021-11-10 09:46:54",
		"images.size": 1737,
		"images.width": 1508,
		"images.height": 754,
		"images.h_resolution": 150,
		"images.v_resolution": 150,
		"images.bit": 24
	},
	"annotations": [
		{
			"polygon.id": "PLG_000000",
			"polygon.name": "building",
			"polygon.points": [
				[
					1346.668647845468,
					334.98662704309066
				],
				[
					1369.075780089153,
					310.33878157503716
				],
				[
					1380.2793462109955,
					313.6998514115899
				],
				[
					1422.852897473997,
					266.6448736998514
				],
				[
					1295.1322436849925,
					165.81277860326895
				],
				[
					1229.0312035661218,
					228.55274888558694
				]
			],
			"polygon.shape": 0,
			"polygon.shift": 2,
			"polygon.updates": [
				3
			]
		},
		{
			"polygon.id": "PLG_000001",
			"polygon.name": "building",
			"polygon.points": [
				[
					775.2867756315007,
					469.4294205052006
				],
				[
					798.81426448737,
					341.7087667161961
				],
				[
					929.8959881129273,
					357.39375928677566
				],
				[
					919.812778603269,
					421.25408618127784
				],
				[
					867.1560178306092,
					411.1708766716196
				],
				[
					853.7117384843983,
					485.1144130757801
				]
			],
			"polygon.shape": 0,
			"polygon.shift": 2,
			"polygon.updates": [
				3
			]
		},
		{
			"polygon.id": "PLG_000002",
			"polygon.name": "building",
			"polygon.points": [
				[
					1222.3090638930164,
					724.8707280832095
				],
				[
					1245.8365527488857,
					643.0846953937593
				],
				[
					1364.594353640416,
					671.0936106983655
				],
				[
					1355.631500742942,
					728.2317979197622
				],
				[
					1302.9747399702824,
					715.9078751857355
				],
				[
					1297.3729569093612,
					745.037147102526
				]
			],
			"polygon.shape": 0,
			"polygon.shift": 2,
			"polygon.updates": [
				2
			]
		}
	]
}