{
	"info": {
		"info.name": "항공영상 도시건물 변화탐지 데이터",
		"info.id": "TIFF_CHANGE_safe_01",
		"info.date_created": "2021-04-09 09:00:00",
		"info.src_path": "/dataSet/change",
		"info.label_path": "/dataSet/change",
		"info.category": 2,
		"info.type": 1
	},
	"images": {
		"images.id": "2016_YCG_1LB_000061.tif",
		"images.type": "TIF",
		"images.data_captured": "2021-11-10 09:47:20",
		"images.size": 1556,
		"images.width": 1508,
		"images.height": 754,
		"images.h_resolution": 150,
		"images.v_resolution": 150,
		"images.bit": 24
	},
	"annotations": [
		{
			"polygon.id": "PLG_000000",
			"polygon.name": "building",
			"polygon.points": [
				[
					485.2475247524753,
					1.2442244224422443
				],
				[
					484.003300330033,
					60.96699669966997
				],
				[
					522.5742574257426,
					69.67656765676568
				],
				[
					526.3069306930693,
					82.11881188118812
				],
				[
					597.2277227722773,
					84.60726072607261
				],
				[
					610.9141914191418,
					93.31683168316832
				],
				[
					664.4158415841584,
					99.53795379537954
				],
				[
					668.1485148514853,
					1.2442244224422443
				]
			],
			"polygon.shape": 1,
			"polygon.shift": 2,
			"polygon.updates": [
				4
			]
		}
	]
}