{
	"info": {
		"info.name": "항공영상 도시건물 변화탐지 데이터",
		"info.id": "TIFF_CHANGE_safe_01",
		"info.date_created": "2021-04-09 09:00:00",
		"info.src_path": "/dataSet/change",
		"info.label_path": "/dataSet/change",
		"info.category": 2,
		"info.type": 1
	},
	"images": {
		"images.id": "2016_KSG_1LB_000039.tif",
		"images.type": "TIF",
		"images.data_captured": "2021-11-10 09:46:34",
		"images.size": 1561,
		"images.width": 1508,
		"images.height": 754,
		"images.h_resolution": 150,
		"images.v_resolution": 150,
		"images.bit": 24
	},
	"annotations": [
		{
			"polygon.id": "PLG_000000",
			"polygon.name": "building",
			"polygon.points": [
				[
					1099.5884581921532,
					2.2012773859909487
				],
				[
					1101.3178102797121,
					24.682854524257493
				],
				[
					1283.9373907259387,
					23.991113689233885
				],
				[
					1284.2832611434505,
					1.5095365509673684
				]
			],
			"polygon.shape": 1,
			"polygon.shift": 0
		},
		{
			"polygon.id": "PLG_000001",
			"polygon.name": "building",
			"polygon.points": [
				[
					1504.762499565428,
					116.41767525597218
				],
				[
					1481.7044717313083,
					123.91153430206103
				],
				[
					1484.2984998626468,
					133.71119613156182
				],
				[
					1448.2703313718353,
					143.2226326131361
				],
				[
					1450.576134155247,
					155.90454792190184
				],
				[
					1418.5831205354064,
					164.83953370762316
				],
				[
					1447.6938806759822,
					259.9538985233662
				],
				[
					1505.9472328412553,
					247.0087579338445
				]
			],
			"polygon.shape": 1,
			"polygon.shift": 2,
			"polygon.updates": [
				3
			]
		}
	]
}