{
	"info": {
		"info.name": "항공영상 도시건물 변화탐지 데이터",
		"info.id": "TIFF_CHANGE_safe_01",
		"info.date_created": "2021-04-09 09:00:00",
		"info.src_path": "/dataSet/change",
		"info.label_path": "/dataSet/change",
		"info.category": 2,
		"info.type": 1
	},
	"images": {
		"images.id": "2016_WSN_1LB_000001.tif",
		"images.type": "TIF",
		"images.data_captured": "2021-12-14 15:48:37",
		"images.size": 1710,
		"images.width": 1500,
		"images.height": 750,
		"images.h_resolution": 150,
		"images.v_resolution": 150,
		"images.bit": 24
	},
	"annotations": [
		{
			"polygon.id": "PLG_000000",
			"polygon.name": "building",
			"polygon.points": [
				[
					1344.0468159196719,
					352.51236532879716
				],
				[
					1339.0734122233791,
					353.6819953701366
				],
				[
					1270.615973109702,
					489.6514876758423
				],
				[
					1336.7329869545356,
					525.0327964263593
				],
				[
					1405.1904260682127,
					404.26849465806583
				]
			],
			"polygon.shape": 0,
			"polygon.shift": 2,
			"polygon.updates": [
				3
			]
		}
	]
}