{
	"info": {
		"info.name": "항공영상 도시건물 변화탐지 데이터",
		"info.id": "TIFF_CHANGE_safe_01",
		"info.date_created": "2021-04-09 09:00:00",
		"info.src_path": "/dataSet/change",
		"info.label_path": "/dataSet/change",
		"info.category": 2,
		"info.type": 1
	},
	"images": {
		"images.id": "2016_YCG_1LB_000004.tif",
		"images.type": "TIF",
		"images.data_captured": "2021-11-10 09:47:12",
		"images.size": 1783,
		"images.width": 1508,
		"images.height": 754,
		"images.h_resolution": 150,
		"images.v_resolution": 150,
		"images.bit": 24
	},
	"annotations": [
		{
			"polygon.id": "PLG_000000",
			"polygon.name": "building",
			"polygon.points": [
				[
					988.1545319465083,
					178.1367013372957
				],
				[
					1006.0802377414561,
					250.95988112927193
				],
				[
					1160.6894502228827,
					217.34918276374444
				],
				[
					1145.0044576523032,
					110.91530460624071
				],
				[
					1102.4309063893018,
					118.75780089153047
				],
				[
					1102.4309063893018,
					116.51708766716196
				],
				[
					1045.292719167905,
					127.72065378900446
				],
				[
					1047.5334323922734,
					131.0817236255572
				],
				[
					1009.441307578009,
					140.0445765230312
				],
				[
					1016.1634472511146,
					160.2109955423477
				]
			],
			"polygon.shape": 0,
			"polygon.shift": 2,
			"polygon.updates": [
				2,
				3
			]
		},
		{
			"polygon.id": "PLG_000001",
			"polygon.name": "building",
			"polygon.points": [
				[
					1276.0861812778603,
					359.6344725111441
				],
				[
					1398.2050520059436,
					337.22734026745917
				],
				[
					1419.4918276374444,
					432.45765230312037
				],
				[
					1324.2615156017832,
					455.9851411589896
				],
				[
					1318.6597325408618,
					440.30014858841014
				],
				[
					1289.5304606240713,
					443.66121842496284
				]
			],
			"polygon.shape": 0,
			"polygon.shift": 2,
			"polygon.updates": [
				2,
				3
			]
		},
		{
			"polygon.id": "PLG_000002",
			"polygon.name": "building",
			"polygon.points": [
				[
					1208.8647845468054,
					35.85141158989599
				],
				[
					1329.8632986627044,
					8.962852897473997
				],
				[
					1366.8350668647847,
					128.8410104011887
				],
				[
					1301.8543833580982,
					145.64635958395246
				],
				[
					1297.3729569093612,
					141.16493313521545
				],
				[
					1260.4011887072809,
					149.0074294205052
				],
				[
					1255.9197622585439,
					145.64635958395246
				],
				[
					1231.2719167904904,
					147.88707280832097
				]
			],
			"polygon.shape": 0,
			"polygon.shift": 2,
			"polygon.updates": [
				3
			]
		}
	]
}