{
	"info": {
		"info.name": "항공영상 도시건물 변화탐지 데이터",
		"info.id": "TIFF_CHANGE_safe_01",
		"info.date_created": "2021-04-09 09:00:00",
		"info.src_path": "/dataSet/change",
		"info.label_path": "/dataSet/change",
		"info.category": 2,
		"info.type": 1
	},
	"images": {
		"images.id": "2016_KSG_1LB_000123.tif",
		"images.type": "TIF",
		"images.data_captured": "2021-11-10 09:46:44",
		"images.size": 1502,
		"images.width": 1508,
		"images.height": 754,
		"images.h_resolution": 150,
		"images.v_resolution": 150,
		"images.bit": 24
	},
	"annotations": [
		{
			"polygon.id": "PLG_000000",
			"polygon.name": "building",
			"polygon.points": [
				[
					1328.144162563266,
					750.9449899437401
				],
				[
					1337.8009399095858,
					735.2571516957236
				],
				[
					1335.0339765694914,
					731.106706685582
				],
				[
					1306.6726023335245,
					713.8131858099923
				],
				[
					1311.5147881786895,
					706.2040366247329
				],
				[
					1310.4771769261542,
					699.6324986920089
				],
				[
					1302.7515094109417,
					687.0646453316315
				],
				[
					1227.122406305812,
					641.5262685500277
				],
				[
					1180.775770359232,
					710.7003520523863
				],
				[
					1197.031679982286,
					721.07646457774
				],
				[
					1176.9711957666022,
					752.2048021538014
				]
			],
			"polygon.shape": 1,
			"polygon.shift": 2,
			"polygon.updates": [
				3
			]
		}
	]
}