{
	"info": {
		"info.name": "항공영상 도시건물 변화탐지 데이터",
		"info.id": "TIFF_CHANGE_safe_01",
		"info.date_created": "2021-04-09 09:00:00",
		"info.src_path": "/dataSet/change",
		"info.label_path": "/dataSet/change",
		"info.category": 2,
		"info.type": 1
	},
	"images": {
		"images.id": "2016_MPG_1LB_000045.tif",
		"images.type": "TIF",
		"images.data_captured": "2021-11-10 09:46:56",
		"images.size": 1639,
		"images.width": 1508,
		"images.height": 754,
		"images.h_resolution": 150,
		"images.v_resolution": 150,
		"images.bit": 24
	},
	"annotations": [
		{
			"polygon.id": "PLG_000000",
			"polygon.name": "building",
			"polygon.points": [
				[
					1193.179791976226,
					95.23031203566121
				],
				[
					1206.624071322437,
					113.15601783060922
				],
				[
					1175.254086181278,
					140.0445765230312
				],
				[
					1195.4205052005943,
					163.57206537890045
				],
				[
					1168.5319465081725,
					191.58098068350668
				],
				[
					1248.077265973254,
					273.36701337295693
				],
				[
					1353.3907875185737,
					180.37741456166418
				],
				[
					1283.9286775631501,
					113.15601783060922
				],
				[
					1297.3729569093612,
					99.71173848439823
				],
				[
					1244.7161961367015,
					44.81426448736998
				]
			],
			"polygon.shape": 0,
			"polygon.shift": 2,
			"polygon.updates": [
				3,
				1
			]
		}
	]
}