{
	"info": {
		"info.name": "항공영상 도시건물 변화탐지 데이터",
		"info.id": "TIFF_CHANGE_safe_01",
		"info.date_created": "2021-04-09 09:00:00",
		"info.src_path": "/dataSet/change",
		"info.label_path": "/dataSet/change",
		"info.category": 2,
		"info.type": 1
	},
	"images": {
		"images.id": "2016_KSG_1LB_000144.tif",
		"images.type": "TIF",
		"images.data_captured": "2021-11-10 09:46:46",
		"images.size": 1695,
		"images.width": 1508,
		"images.height": 754,
		"images.h_resolution": 150,
		"images.v_resolution": 150,
		"images.bit": 24
	},
	"annotations": [
		{
			"polygon.id": "PLG_000000",
			"polygon.name": "building",
			"polygon.points": [
				[
					240.5588931926809,
					3.5356841942383284
				],
				[
					241.59650444521628,
					28.438354255087404
				],
				[
					279.2963799540017,
					26.363131750016635
				],
				[
					283.4468249641432,
					47.46122721823599
				],
				[
					339.1319621835419,
					41.235559703023725
				],
				[
					356.42548305913147,
					31.20531759518174
				],
				[
					355.0420013890843,
					2.843943359214734
				]
			],
			"polygon.shape": 1,
			"polygon.shift": 2,
			"polygon.updates": [
				4,
				3
			]
		},
		{
			"polygon.id": "PLG_000001",
			"polygon.name": "building",
			"polygon.points": [
				[
					989.0562044218167,
					3.0692733430644665
				],
				[
					872.0136551358261,
					3.8993623450927686
				],
				[
					882.8048121621939,
					90.64366305705039
				],
				[
					956.6827333427129,
					82.34277303676734
				],
				[
					953.7774218356138,
					40.42327843433807
				],
				[
					989.0562044218167,
					38.34805592926732
				]
			],
			"polygon.shape": 1,
			"polygon.shift": 2,
			"polygon.updates": [
				3
			]
		},
		{
			"polygon.id": "PLG_000002",
			"polygon.name": "building",
			"polygon.points": [
				[
					1310.2858367626886,
					171.8071943916851
				],
				[
					1321.7410649906792,
					171.30914099046814
				],
				[
					1318.2546911821603,
					106.06414543104356
				],
				[
					1315.2663707748584,
					101.58166482009072
				],
				[
					1127.0021851148394,
					122.00185426998696
				],
				[
					1137.959359941613,
					220.1183743097323
				],
				[
					1141.9437871513487,
					228.585282130421
				],
				[
					1210.6751565192922,
					220.6164277109493
				],
				[
					1210.1771031180751,
					212.64757329147758
				],
				[
					1311.7799969663395,
					202.68650526713796
				]
			],
			"polygon.shape": 0,
			"polygon.shift": 2,
			"polygon.updates": [
				3
			]
		}
	]
}