{
	"info": {
		"info.name": "항공영상 도시건물 변화탐지 데이터",
		"info.id": "TIFF_CHANGE_safe_01",
		"info.date_created": "2021-04-09 09:00:00",
		"info.src_path": "/dataSet/change",
		"info.label_path": "/dataSet/change",
		"info.category": 2,
		"info.type": 1
	},
	"images": {
		"images.id": "2016_MPG_1LB_000008.tif",
		"images.type": "TIF",
		"images.data_captured": "2021-11-10 09:46:52",
		"images.size": 1622,
		"images.width": 1508,
		"images.height": 754,
		"images.h_resolution": 150,
		"images.v_resolution": 150,
		"images.bit": 24
	},
	"annotations": [
		{
			"polygon.id": "PLG_000000",
			"polygon.name": "building",
			"polygon.points": [
				[
					752.0799698294902,
					414.03508770502856
				],
				[
					736.4690685343468,
					419.91463727972985
				],
				[
					742.9238406141188,
					463.66364804262946
				],
				[
					713.5187678062682,
					470.1184201224016
				],
				[
					721.4079336815453,
					517.4534153740635
				],
				[
					752.2474002849008,
					510.9986432942914
				]
			],
			"polygon.shape": 1,
			"polygon.shift": 2,
			"polygon.updates": [
				4,
				3
			]
		}
	]
}