{
	"info": {
		"info.name": "항공영상 도시건물 변화탐지 데이터",
		"info.id": "TIFF_CHANGE_safe_01",
		"info.date_created": "2021-04-09 09:00:00",
		"info.src_path": "/dataSet/change",
		"info.label_path": "/dataSet/change",
		"info.category": 2,
		"info.type": 1
	},
	"images": {
		"images.id": "2016_KSG_1LB_000054.tif",
		"images.type": "TIF",
		"images.data_captured": "2021-11-10 09:46:36",
		"images.size": 1710,
		"images.width": 1508,
		"images.height": 754,
		"images.h_resolution": 150,
		"images.v_resolution": 150,
		"images.bit": 24
	},
	"annotations": [
		{
			"polygon.id": "PLG_000000",
			"polygon.name": "building",
			"polygon.points": [
				[
					1311.8988178983034,
					496.25024602693054
				],
				[
					1171.198732054506,
					455.5758849275437
				],
				[
					1133.8447269632325,
					593.7857037652561
				],
				[
					1268.7341897928318,
					633.2149313616005
				]
			],
			"polygon.shape": 0,
			"polygon.shift": 2,
			"polygon.updates": [
				2
			]
		},
		{
			"polygon.id": "PLG_000001",
			"polygon.name": "building",
			"polygon.points": [
				[
					1507.772080138464,
					671.7840114370463
				],
				[
					1390.7295308524733,
					643.560985368084
				],
				[
					1369.1472167997374,
					751.4725556317633
				],
				[
					1507.772080138464,
					750.2274221287208
				]
			],
			"polygon.shape": 1,
			"polygon.shift": 2,
			"polygon.updates": [
				3
			]
		}
	]
}