{
	"info": {
		"info.name": "항공영상 도시건물 변화탐지 데이터",
		"info.id": "TIFF_CHANGE_safe_01",
		"info.date_created": "2021-04-09 09:00:00",
		"info.src_path": "/dataSet/change",
		"info.label_path": "/dataSet/change",
		"info.category": 2,
		"info.type": 1
	},
	"images": {
		"images.id": "2016_MPG_1LB_000029.tif",
		"images.type": "TIF",
		"images.data_captured": "2021-11-10 09:46:54",
		"images.size": 1717,
		"images.width": 1508,
		"images.height": 754,
		"images.h_resolution": 150,
		"images.v_resolution": 150,
		"images.bit": 24
	},
	"annotations": [
		{
			"polygon.id": "PLG_000000",
			"polygon.name": "building",
			"polygon.points": [
				[
					1222.3090638930164,
					200.54383358098067
				],
				[
					1290.6508172362555,
					221.83060921248142
				],
				[
					1291.77117384844,
					191.58098068350668
				],
				[
					1306.3358098068352,
					197.18276374442794
				],
				[
					1309.6968796433878,
					182.6181277860327
				],
				[
					1348.9093610698367,
					189.3402674591382
				],
				[
					1361.2332838038633,
					145.64635958395246
				],
				[
					1243.5958395245173,
					114.27637444279347
				]
			],
			"polygon.shape": 0,
			"polygon.shift": 2,
			"polygon.updates": [
				2
			]
		}
	]
}