{
	"info": {
		"info.name": "항공영상 도시건물 변화탐지 데이터",
		"info.id": "TIFF_CHANGE_safe_01",
		"info.date_created": "2021-04-09 09:00:00",
		"info.src_path": "/dataSet/change",
		"info.label_path": "/dataSet/change",
		"info.category": 2,
		"info.type": 1
	},
	"images": {
		"images.id": "2016_MPG_1LB_000046.tif",
		"images.type": "TIF",
		"images.data_captured": "2021-11-10 09:46:56",
		"images.size": 1642,
		"images.width": 1508,
		"images.height": 754,
		"images.h_resolution": 150,
		"images.v_resolution": 150,
		"images.bit": 24
	},
	"annotations": [
		{
			"polygon.id": "PLG_000000",
			"polygon.name": "building",
			"polygon.points": [
				[
					1129.3194650817236,
					738.3150074294205
				],
				[
					1145.0044576523032,
					573.6225854383358
				],
				[
					1222.3090638930164,
					582.5854383358098
				],
				[
					1224.549777117385,
					600.5111441307578
				],
				[
					1258.1604754829125,
					608.3536404160476
				],
				[
					1258.1604754829125,
					635.2421991084695
				],
				[
					1271.6047548291233,
					637.482912332838
				],
				[
					1266.002971768202,
					663.2511144130758
				],
				[
					1273.845468053492,
					665.4918276374443
				],
				[
					1271.6047548291233,
					733.8335809806836
				],
				[
					1255.9197622585439,
					751.7592867756315
				]
			],
			"polygon.shape": 0,
			"polygon.shift": 2,
			"polygon.updates": [
				3
			]
		}
	]
}