{
	"info": {
		"info.name": "항공영상 도시건물 변화탐지 데이터",
		"info.id": "TIFF_CHANGE_safe_01",
		"info.date_created": "2021-04-09 09:00:00",
		"info.src_path": "/dataSet/change",
		"info.label_path": "/dataSet/change",
		"info.category": 2,
		"info.type": 1
	},
	"images": {
		"images.id": "2016_KSG_1LB_000107.tif",
		"images.type": "TIF",
		"images.data_captured": "2021-11-10 09:46:42",
		"images.size": 1691,
		"images.width": 1508,
		"images.height": 754,
		"images.h_resolution": 150,
		"images.v_resolution": 150,
		"images.bit": 24
	},
	"annotations": [
		{
			"polygon.id": "PLG_000000",
			"polygon.name": "building",
			"polygon.points": [
				[
					1438.4235573664482,
					639.015211992916
				],
				[
					1321.3035686158598,
					588.4689900603022
				],
				[
					1256.8161398830018,
					729.8581490357416
				],
				[
					1296.8588508181383,
					751.6073473381377
				],
				[
					1358.5377840248489,
					752.3245442358901
				],
				[
					1364.2753592068689,
					743.0009845651082
				],
				[
					1367.8613436956311,
					745.1525752583656
				],
				[
					1393.6804320147194,
					689.2112172336742
				],
				[
					1413.761945151788,
					699.2519738022086
				]
			],
			"polygon.shape": 1,
			"polygon.shift": 2,
			"polygon.updates": [
				2,
				3
			]
		},
		{
			"polygon.id": "PLG_000001",
			"polygon.name": "building",
			"polygon.points": [
				[
					886.9568934437759,
					37.7642735922057
				],
				[
					807.2683492490589,
					2.900535507017011
				],
				[
					752.980528516408,
					4.394695710667946
				],
				[
					755.3850965190428,
					264.042692540482
				],
				[
					769.7963639153676,
					269.5670117090732
				]
			],
			"polygon.shape": 1,
			"polygon.shift": 2,
			"polygon.updates": [
				3
			]
		},
		{
			"polygon.id": "PLG_000002",
			"polygon.name": "building",
			"polygon.points": [
				[
					1044.514651172235,
					114.6843572122211
				],
				[
					924.4837814789425,
					59.89848307835314
				],
				[
					822.5350172131665,
					274.4073160191669
				],
				[
					833.49219203994,
					279.8859034325537
				],
				[
					825.0252842192514,
					299.30998608001596
				],
				[
					927.6242848699496,
					347.6211659980632
				]
			],
			"polygon.shape": 0,
			"polygon.shift": 2,
			"polygon.updates": [
				3
			]
		}
	]
}