{
	"info": {
		"info.name": "항공영상 도시건물 변화탐지 데이터",
		"info.id": "TIFF_CHANGE_safe_01",
		"info.date_created": "2021-04-09 09:00:00",
		"info.src_path": "/dataSet/change",
		"info.label_path": "/dataSet/change",
		"info.category": 2,
		"info.type": 1
	},
	"images": {
		"images.id": "2016_KSG_1LB_000181.tif",
		"images.type": "TIF",
		"images.data_captured": "2021-11-10 09:46:50",
		"images.size": 1758,
		"images.width": 1508,
		"images.height": 754,
		"images.h_resolution": 150,
		"images.v_resolution": 150,
		"images.bit": 24
	},
	"annotations": [
		{
			"polygon.id": "PLG_000000",
			"polygon.name": "building",
			"polygon.points": [
				[
					862.647728063321,
					172.4198964850899
				],
				[
					805.8501162903167,
					204.1443593700538
				],
				[
					806.8462230927506,
					207.63073317857265
				],
				[
					768.9941646002601,
					229.54508283211982
				],
				[
					848.1846553937601,
					381.94942360451614
				],
				[
					856.6515632144487,
					383.4435838081671
				],
				[
					947.2084335393874,
					334.21346619153974
				]
			],
			"polygon.shape": 0,
			"polygon.shift": 2,
			"polygon.updates": [
				4,
				3,
				0,
				1
			]
		},
		{
			"polygon.id": "PLG_000001",
			"polygon.name": "building",
			"polygon.points": [
				[
					666.3033689446476,
					203.54935954225434
				],
				[
					658.694219759388,
					201.1282666196718
				],
				[
					547.3239453205908,
					267.1895163644242
				],
				[
					564.9633366136923,
					302.1224285331152
				],
				[
					551.1285199132205,
					308.6939664658393
				],
				[
					550.7826494957088,
					313.1902818934926
				],
				[
					582.2568574892819,
					364.03323326772613
				],
				[
					586.0614320819117,
					363.68736285021436
				],
				[
					624.1071780082088,
					339.8223040419007
				],
				[
					626.1824005132796,
					334.9801181967356
				],
				[
					651.0850705741286,
					321.14530149626387
				],
				[
					660.0777014294353,
					323.56639441884636
				],
				[
					714.7252273962986,
					292.09218642527327
				],
				[
					716.8004499013692,
					291.0545751727379
				]
			],
			"polygon.shape": 0,
			"polygon.shift": 2,
			"polygon.updates": [
				4
			]
		},
		{
			"polygon.id": "PLG_000002",
			"polygon.name": "building",
			"polygon.points": [
				[
					1367.1210595584234,
					751.3756565224676
				],
				[
					1444.596033081065,
					705.374890993399
				],
				[
					1392.3696000367843,
					607.8394332550736
				],
				[
					1379.9182650063597,
					595.7339686421608
				],
				[
					1302.0974210662064,
					640.6971229186938
				],
				[
					1307.631347746395,
					648.6521425214651
				],
				[
					1263.3599343048857,
					673.2089421648024
				],
				[
					1306.247866076348,
					751.3756565224676
				]
			],
			"polygon.shape": 1,
			"polygon.shift": 2,
			"polygon.updates": [
				3
			]
		}
	]
}