{
	"info": {
		"info.name": "항공영상 도시건물 변화탐지 데이터",
		"info.id": "TIFF_CHANGE_safe_01",
		"info.date_created": "2021-04-09 09:00:00",
		"info.src_path": "/dataSet/change",
		"info.label_path": "/dataSet/change",
		"info.category": 2,
		"info.type": 1
	},
	"images": {
		"images.id": "2016_KSG_1LB_000116.tif",
		"images.type": "TIF",
		"images.data_captured": "2021-11-10 09:46:44",
		"images.size": 1672,
		"images.width": 1508,
		"images.height": 754,
		"images.h_resolution": 150,
		"images.v_resolution": 150,
		"images.bit": 24
	},
	"annotations": [
		{
			"polygon.id": "PLG_000000",
			"polygon.name": "building",
			"polygon.points": [
				[
					1107.5935036066853,
					379.9925970258403
				],
				[
					1101.367836091473,
					372.1067515065714
				],
				[
					920.408433649303,
					290.75802930779776
				],
				[
					871.8482270306473,
					398.25455507046297
				],
				[
					874.9137165418032,
					406.7156230948026
				],
				[
					1048.2421399616617,
					483.75372227937817
				],
				[
					1057.788163484987,
					483.33867777836394
				]
			],
			"polygon.shape": 0,
			"polygon.shift": 2,
			"polygon.updates": [
				3
			]
		}
	]
}