{
	"info": {
		"info.name": "항공영상 도시건물 변화탐지 데이터",
		"info.id": "TIFF_CHANGE_safe_01",
		"info.date_created": "2021-04-09 09:00:00",
		"info.src_path": "/dataSet/change",
		"info.label_path": "/dataSet/change",
		"info.category": 2,
		"info.type": 1
	},
	"images": {
		"images.id": "2016_KSG_1LB_000084.tif",
		"images.type": "TIF",
		"images.data_captured": "2021-11-10 09:46:40",
		"images.size": 1515,
		"images.width": 1508,
		"images.height": 754,
		"images.h_resolution": 150,
		"images.v_resolution": 150,
		"images.bit": 24
	},
	"annotations": [
		{
			"polygon.id": "PLG_000000",
			"polygon.name": "building",
			"polygon.points": [
				[
					994.8766344395202,
					623.336415356477
				],
				[
					1043.1878143575675,
					586.4804636664203
				],
				[
					1041.6936541539164,
					578.5116092469486
				],
				[
					1112.4172371267277,
					522.2315749094298
				],
				[
					1110.923076923077,
					511.77245348387316
				],
				[
					1041.1956007526994,
					417.1423072526467
				],
				[
					914.1919834423693,
					517.2510408972599
				]
			],
			"polygon.shape": 0,
			"polygon.shift": 2,
			"polygon.updates": [
				3
			]
		}
	]
}