{
	"info": {
		"info.name": "항공영상 도시건물 변화탐지 데이터",
		"info.id": "TIFF_CHANGE_safe_01",
		"info.date_created": "2021-04-09 09:00:00",
		"info.src_path": "/dataSet/change",
		"info.label_path": "/dataSet/change",
		"info.category": 2,
		"info.type": 1
	},
	"images": {
		"images.id": "2016_KSG_1LB_000171.tif",
		"images.type": "TIF",
		"images.data_captured": "2021-11-10 09:46:50",
		"images.size": 1844,
		"images.width": 1508,
		"images.height": 754,
		"images.h_resolution": 150,
		"images.v_resolution": 150,
		"images.bit": 24
	},
	"annotations": [
		{
			"polygon.id": "PLG_000000",
			"polygon.name": "building",
			"polygon.points": [
				[
					1506.223397032875,
					274.27348174088144
				],
				[
					1426.4839316083896,
					163.11892440918388
				],
				[
					1333.0363638689928,
					232.5920689618487
				],
				[
					1332.6572402220402,
					234.13444763440611
				],
				[
					1346.4868801055625,
					251.56690436700956
				],
				[
					1339.0410586174614,
					257.09122353560065
				],
				[
					1338.5606830375839,
					259.73328922492686
				],
				[
					1387.4340945343197,
					322.90267797881677
				],
				[
					1395.389114137091,
					317.7146217161399
				],
				[
					1410.9532829251216,
					339.5044580193828
				],
				[
					1417.5248208578457,
					339.5044580193828
				]
			],
			"polygon.shape": 0,
			"polygon.shift": 2,
			"polygon.updates": [
				2
			]
		}
	]
}