{
	"info": {
		"info.name": "항공영상 도시건물 변화탐지 데이터",
		"info.id": "TIFF_CHANGE_safe_01",
		"info.date_created": "2021-04-09 09:00:00",
		"info.src_path": "/dataSet/change",
		"info.label_path": "/dataSet/change",
		"info.category": 2,
		"info.type": 1
	},
	"images": {
		"images.id": "2016_WSN_1LB_000047.tif",
		"images.type": "TIF",
		"images.data_captured": "2021-12-14 15:48:40",
		"images.size": 1594,
		"images.width": 1500,
		"images.height": 750,
		"images.h_resolution": 150,
		"images.v_resolution": 150,
		"images.bit": 24
	},
	"annotations": [
		{
			"polygon.id": "PLG_000000",
			"polygon.name": "building",
			"polygon.points": [
				[
					1088.9378216160098,
					214.02225478472263
				],
				[
					1100.1718629064594,
					205.60091848707893
				],
				[
					1167.9271744394832,
					168.40668317248588
				],
				[
					1227.25695500467,
					139.98467316793835
				],
				[
					1246.9165272629566,
					174.37179638331685
				],
				[
					1247.2675910532832,
					181.38957663135326
				],
				[
					1212.5122758109549,
					198.5831382390425
				],
				[
					1225.8526998433638,
					224.54892515677727
				],
				[
					1120.1824989550726,
					278.93672207905956
				],
				[
					1117.3739886324602,
					275.7787209674432
				],
				[
					1110.7037766162557,
					274.0242759054341
				],
				[
					1107.1931387129903,
					263.49760553337944
				],
				[
					1112.108031777562,
					259.6378263969594
				]
			],
			"polygon.shape": 0,
			"polygon.shift": 2,
			"polygon.updates": [
				3
			]
		}
	]
}