{
	"info": {
		"info.name": "항공영상 도시건물 변화탐지 데이터",
		"info.id": "TIFF_CHANGE_safe_01",
		"info.date_created": "2021-04-09 09:00:00",
		"info.src_path": "/dataSet/change",
		"info.label_path": "/dataSet/change",
		"info.category": 2,
		"info.type": 1
	},
	"images": {
		"images.id": "2016_YCG_1LB_000003.tif",
		"images.type": "TIF",
		"images.data_captured": "2021-11-10 09:47:12",
		"images.size": 1677,
		"images.width": 1508,
		"images.height": 754,
		"images.h_resolution": 150,
		"images.v_resolution": 150,
		"images.bit": 24
	},
	"annotations": [
		{
			"polygon.id": "PLG_000000",
			"polygon.name": "building",
			"polygon.points": [
				[
					959.0252600297176,
					282.3298662704309
				],
				[
					1055.3759286775633,
					266.6448736998514
				],
				[
					1057.6166419019316,
					274.4873699851412
				],
				[
					1064.3387815750373,
					272.2466567607727
				],
				[
					1099.069836552749,
					420.1337295690936
				],
				[
					993.7563150074295,
					438.05943536404163
				]
			],
			"polygon.shape": 0,
			"polygon.shift": 2,
			"polygon.updates": [
				3,
				2
			]
		},
		{
			"polygon.id": "PLG_000001",
			"polygon.name": "building",
			"polygon.points": [
				[
					1382.5200594353641,
					0
				],
				[
					1415.0104011887074,
					152.36849925705795
				],
				[
					1505.7592867756316,
					136.68350668647847
				],
				[
					1503.518573551263,
					67.22139673105498
				],
				[
					1492.3150074294206,
					67.22139673105498
				],
				[
					1478.8707280832095,
					0
				]
			],
			"polygon.shape": 1,
			"polygon.shift": 2,
			"polygon.updates": [
				3,
				4
			]
		},
		{
			"polygon.id": "PLG_000002",
			"polygon.name": "building",
			"polygon.points": [
				[
					991.5156017830609,
					702.4635958395245
				],
				[
					1011.6820208023776,
					699.1025260029718
				],
				[
					1007.2005943536406,
					664.37147102526
				],
				[
					1049.774145616642,
					658.7696879643388
				],
				[
					1048.6537890044576,
					652.0475482912333
				],
				[
					1108.032689450223,
					639.7236255572066
				],
				[
					1111.3937592867758,
					646.4457652303121
				],
				[
					1148.3655274888558,
					637.482912332838
				],
				[
					1174.1337295690937,
					750.6389301634473
				],
				[
					1002.7191679049035,
					752.8796433878158
				]
			],
			"polygon.shape": 0,
			"polygon.shift": 2,
			"polygon.updates": [
				3,
				2
			]
		}
	]
}