{
	"info": {
		"info.name": "항공영상 도시건물 변화탐지 데이터",
		"info.id": "TIFF_CHANGE_safe_01",
		"info.date_created": "2021-04-09 09:00:00",
		"info.src_path": "/dataSet/change",
		"info.label_path": "/dataSet/change",
		"info.category": 2,
		"info.type": 1
	},
	"images": {
		"images.id": "2016_MPG_1LB_000021.tif",
		"images.type": "TIF",
		"images.data_captured": "2021-11-10 09:46:54",
		"images.size": 1756,
		"images.width": 1508,
		"images.height": 754,
		"images.h_resolution": 150,
		"images.v_resolution": 150,
		"images.bit": 24
	},
	"annotations": [
		{
			"polygon.id": "PLG_000000",
			"polygon.name": "building",
			"polygon.points": [
				[
					1105.7919762258543,
					2.2407132243684993
				],
				[
					1116.995542347697,
					14.564635958395245
				],
				[
					1125.958395245171,
					259.9227340267459
				],
				[
					1254.7994056463597,
					258.80237741456165
				],
				[
					1251.4383358098069,
					147.88707280832097
				],
				[
					1285.0490341753343,
					120.99851411589896
				],
				[
					1305.215453194651,
					144.5260029717682
				],
				[
					1473.2689450222883,
					1.1203566121842496
				]
			],
			"polygon.shape": 1,
			"polygon.shift": 0,
			"polygon.updates": [
				4
			]
		},
		{
			"polygon.id": "PLG_000001",
			"polygon.name": "building",
			"polygon.points": [
				[
					910.849925705795,
					383.16196136701336
				],
				[
					924.294205052006,
					607.2332838038633
				],
				[
					1358.992570579495,
					503.04011887072807
				],
				[
					1351.150074294205,
					490.71619613670134
				],
				[
					1268.2436849925707,
					292.4130757800892
				]
			],
			"polygon.shape": 0,
			"polygon.shift": 2,
			"polygon.updates": [
				1
			]
		}
	]
}