{
	"info": {
		"info.name": "항공영상 도시건물 변화탐지 데이터",
		"info.id": "TIFF_CHANGE_safe_01",
		"info.date_created": "2021-04-09 09:00:00",
		"info.src_path": "/dataSet/change",
		"info.label_path": "/dataSet/change",
		"info.category": 2,
		"info.type": 1
	},
	"images": {
		"images.id": "2016_KSG_1LB_000184.tif",
		"images.type": "TIF",
		"images.data_captured": "2021-11-10 09:46:50",
		"images.size": 1416,
		"images.width": 1508,
		"images.height": 754,
		"images.h_resolution": 150,
		"images.v_resolution": 150,
		"images.bit": 24
	},
	"annotations": [
		{
			"polygon.id": "PLG_000000",
			"polygon.name": "building",
			"polygon.points": [
				[
					758.8051126192162,
					753.7031385290724
				],
				[
					782.583703823152,
					753.4629507391336
				],
				[
					836.145580979492,
					720.3170357275868
				],
				[
					836.145580979492,
					714.3123409791182
				],
				[
					782.6371000668083,
					633.0080654347977
				],
				[
					826.7355782995619,
					604.4737559900748
				],
				[
					826.7355782995619,
					600.1503757711774
				],
				[
					819.241719253473,
					588.9095872020441
				],
				[
					828.7322190457738,
					587.9700186838594
				],
				[
					916.929175511281,
					531.4778504902665
				],
				[
					917.5056262071339,
					528.0191463151486
				],
				[
					840.9747405761326,
					409.4890775375229
				],
				[
					837.6543845680194,
					409.4890775375229
				],
				[
					755.8906178682316,
					461.3696401642918
				]
			],
			"polygon.shape": 1,
			"polygon.shift": 2,
			"polygon.updates": [
				3
			]
		}
	]
}