{
	"info": {
		"info.name": "항공영상 도시건물 변화탐지 데이터",
		"info.id": "TIFF_CHANGE_safe_01",
		"info.date_created": "2021-04-09 09:00:00",
		"info.src_path": "/dataSet/change",
		"info.label_path": "/dataSet/change",
		"info.category": 2,
		"info.type": 1
	},
	"images": {
		"images.id": "2016_MPG_1LB_000031.tif",
		"images.type": "TIF",
		"images.data_captured": "2021-11-10 09:46:54",
		"images.size": 1720,
		"images.width": 1508,
		"images.height": 754,
		"images.h_resolution": 150,
		"images.v_resolution": 150,
		"images.bit": 24
	},
	"annotations": [
		{
			"polygon.id": "PLG_000000",
			"polygon.name": "building",
			"polygon.points": [
				[
					1391.4829123328382,
					305.85735512630015
				],
				[
					1456.4635958395245,
					246.47845468053492
				],
				[
					1435.1768202080239,
					222.95096582466567
				],
				[
					1443.0193164933137,
					211.74739970282317
				],
				[
					1425.0936106983656,
					197.18276374442794
				],
				[
					1430.6953937592868,
					193.8216939078752
				],
				[
					1412.7696879643388,
					177.01634472511145
				],
				[
					1421.7325408618128,
					169.17384843982168
				],
				[
					1392.6032689450224,
					140.0445765230312
				],
				[
					1408.2882615156018,
					122.11887072808321
				],
				[
					1380.2793462109955,
					91.86924219910847
				],
				[
					1244.7161961367015,
					199.42347696879645
				],
				[
					1302.9747399702824,
					257.6820208023774
				],
				[
					1311.9375928677564,
					253.2005943536404
				],
				[
					1324.2615156017832,
					268.8855869242199
				],
				[
					1334.3447251114414,
					266.6448736998514
				],
				[
					1364.594353640416,
					292.4130757800892
				],
				[
					1371.3164933135215,
					285.69093610698366
				]
			],
			"polygon.shape": 0,
			"polygon.shift": 2,
			"polygon.updates": [
				3,
				1
			]
		},
		{
			"polygon.id": "PLG_000001",
			"polygon.name": "building",
			"polygon.points": [
				[
					1.1203566121842528,
					253.2005943536404
				],
				[
					22.407132243685,
					243.11738484398217
				],
				[
					68.34175334323923,
					322.6627043090639
				],
				[
					1.1203566121842528,
					369.7176820208024
				]
			],
			"polygon.shape": 1,
			"polygon.shift": 2,
			"polygon.updates": [
				4
			]
		}
	]
}