{
	"info": {
		"info.name": "항공영상 도시건물 변화탐지 데이터",
		"info.id": "TIFF_CHANGE_safe_01",
		"info.date_created": "2021-04-09 09:00:00",
		"info.src_path": "/dataSet/change",
		"info.label_path": "/dataSet/change",
		"info.category": 2,
		"info.type": 1
	},
	"images": {
		"images.id": "2016_KSG_1LB_000031.tif",
		"images.type": "TIF",
		"images.data_captured": "2021-11-10 09:46:34",
		"images.size": 1450,
		"images.width": 1508,
		"images.height": 754,
		"images.h_resolution": 150,
		"images.v_resolution": 150,
		"images.bit": 24
	},
	"annotations": [
		{
			"polygon.id": "PLG_000000",
			"polygon.name": "building",
			"polygon.points": [
				[
					2.5145666994946616,
					320.787998428945
				],
				[
					63.94115284958905,
					347.3508464938507
				],
				[
					71.41195386784378,
					337.80482297052527
				],
				[
					106.28731636685603,
					349.8937033450281
				],
				[
					88.33777363754214,
					384.01467347905117
				],
				[
					101.58489767929066,
					391.3431551325715
				],
				[
					85.9141293591525,
					431.6885175295671
				],
				[
					62.6960193465466,
					475.18455280620935
				],
				[
					1.6844776974663596,
					452.7721497514451
				]
			],
			"polygon.shape": 1,
			"polygon.shift": 2,
			"polygon.updates": [
				4,
				1,
				3
			]
		}
	]
}