{
	"info": {
		"info.name": "항공영상 도시건물 변화탐지 데이터",
		"info.id": "TIFF_CHANGE_safe_01",
		"info.date_created": "2021-04-09 09:00:00",
		"info.src_path": "/dataSet/change",
		"info.label_path": "/dataSet/change",
		"info.category": 2,
		"info.type": 1
	},
	"images": {
		"images.id": "2016_KSG_1LB_000009.tif",
		"images.type": "TIF",
		"images.data_captured": "2021-11-10 09:46:30",
		"images.size": 1509,
		"images.width": 1508,
		"images.height": 754,
		"images.h_resolution": 150,
		"images.v_resolution": 150,
		"images.bit": 24
	},
	"annotations": [
		{
			"polygon.id": "PLG_000000",
			"polygon.name": "building",
			"polygon.points": [
				[
					1148.6486823894022,
					213.85343583897674
				],
				[
					1142.693347265594,
					208.62650578911456
				],
				[
					1112.4778844027308,
					208.98223596810476
				],
				[
					1114.9636378772518,
					349.8412081287695
				],
				[
					1118.5400747019985,
					363.8974365795186
				],
				[
					1133.5112055962875,
					414.3002439236253
				],
				[
					1185.9101637262993,
					547.5433088827983
				],
				[
					1211.8601239430673,
					613.4162848176704
				],
				[
					1222.8389532655458,
					626.3912649260544
				],
				[
					1349.5945281705272,
					575.4894198854713
				],
				[
					1260.765818197745,
					346.9301548993243
				],
				[
					1254.7773658400292,
					343.4368910239902
				],
				[
					1168.4854308243355,
					379.4785024361678
				],
				[
					1153.5836107212235,
					335.8127039944912
				]
			],
			"polygon.shape": 0,
			"polygon.shift": 2,
			"polygon.updates": [
				1,
				3,
				2
			]
		}
	]
}