{
	"info": {
		"info.name": "항공영상 도시건물 변화탐지 데이터",
		"info.id": "TIFF_CHANGE_safe_01",
		"info.date_created": "2021-04-09 09:00:00",
		"info.src_path": "/dataSet/change",
		"info.label_path": "/dataSet/change",
		"info.category": 2,
		"info.type": 1
	},
	"images": {
		"images.id": "2016_KSG_1LB_000130.tif",
		"images.type": "TIF",
		"images.data_captured": "2021-11-10 09:46:44",
		"images.size": 1446,
		"images.width": 1508,
		"images.height": 754,
		"images.h_resolution": 150,
		"images.v_resolution": 150,
		"images.bit": 24
	},
	"annotations": [
		{
			"polygon.id": "PLG_000000",
			"polygon.name": "building",
			"polygon.points": [
				[
					754.3710936126058,
					151.5745280239879
				],
				[
					769.8107490503323,
					160.04143584467658
				],
				[
					781.2659772783229,
					173.48887767753507
				],
				[
					786.2465112904927,
					181.45773209700678
				],
				[
					780.2698704758889,
					192.4149069237804
				],
				[
					805.670593937955,
					208.85066916394078
				],
				[
					808.6589143452568,
					213.33314977489363
				],
				[
					756.3633072174739,
					296.5080677781295
				]
			],
			"polygon.shape": 1,
			"polygon.shift": 2,
			"polygon.updates": [
				3
			]
		}
	]
}