{
	"info": {
		"info.name": "항공영상 도시건물 변화탐지 데이터",
		"info.id": "TIFF_CHANGE_safe_01",
		"info.date_created": "2021-04-09 09:00:00",
		"info.src_path": "/dataSet/change",
		"info.label_path": "/dataSet/change",
		"info.category": 2,
		"info.type": 1
	},
	"images": {
		"images.id": "2016_KSG_1LB_000113.tif",
		"images.type": "TIF",
		"images.data_captured": "2021-11-10 09:46:42",
		"images.size": 1766,
		"images.width": 1508,
		"images.height": 754,
		"images.h_resolution": 150,
		"images.v_resolution": 150,
		"images.bit": 24
	},
	"annotations": [
		{
			"polygon.id": "PLG_000000",
			"polygon.name": "building",
			"polygon.points": [
				[
					1217.1650830527644,
					254.57868928750668
				],
				[
					1114.6915180734838,
					129.20204642115192
				],
				[
					1076.7843735466763,
					158.74335476415774
				],
				[
					1072.7999463369404,
					155.75503435685587
				],
				[
					1046.9011694736573,
					177.17133060918607
				],
				[
					1150.4962769267895,
					308.65742853046913
				],
				[
					1157.4690245438271,
					305.6691081231673
				]
			],
			"polygon.shape": 0,
			"polygon.shift": 2,
			"polygon.updates": [
				2
			]
		}
	]
}