{
	"info": {
		"info.name": "항공영상 도시건물 변화탐지 데이터",
		"info.id": "TIFF_CHANGE_safe_01",
		"info.date_created": "2021-04-09 09:00:00",
		"info.src_path": "/dataSet/change",
		"info.label_path": "/dataSet/change",
		"info.category": 2,
		"info.type": 1
	},
	"images": {
		"images.id": "2016_YCG_1LB_000015.tif",
		"images.type": "TIF",
		"images.data_captured": "2021-11-10 09:47:12",
		"images.size": 1615,
		"images.width": 1508,
		"images.height": 754,
		"images.h_resolution": 150,
		"images.v_resolution": 150,
		"images.bit": 24
	},
	"annotations": [
		{
			"polygon.id": "PLG_000000",
			"polygon.name": "building",
			"polygon.points": [
				[
					754,
					123.23922734026746
				],
				[
					783.1292719167906,
					13.444279346210996
				],
				[
					897.405646359584,
					42.573551263001484
				],
				[
					793.2124814264488,
					402.2080237741456
				],
				[
					755.1203566121843,
					394.3655274888559
				]
			],
			"polygon.shape": 1,
			"polygon.shift": 2,
			"polygon.updates": [
				1,
				3
			]
		},
		{
			"polygon.id": "PLG_000001",
			"polygon.name": "building",
			"polygon.points": [
				[
					757.3610698365528,
					497.43833580980686
				],
				[
					943.3402674591382,
					553.4561664190193
				],
				[
					911.9702823179792,
					663.2511144130758
				],
				[
					756.2407132243685,
					624.038632986627
				]
			],
			"polygon.shape": 1,
			"polygon.shift": 2,
			"polygon.updates": [
				1,
				3
			]
		}
	]
}