{
	"info": {
		"info.name": "항공영상 도시건물 변화탐지 데이터",
		"info.id": "TIFF_CHANGE_safe_01",
		"info.date_created": "2021-04-09 09:00:00",
		"info.src_path": "/dataSet/change",
		"info.label_path": "/dataSet/change",
		"info.category": 2,
		"info.type": 1
	},
	"images": {
		"images.id": "2016_KSG_1LB_000035.tif",
		"images.type": "TIF",
		"images.data_captured": "2021-11-10 09:46:34",
		"images.size": 1460,
		"images.width": 1508,
		"images.height": 754,
		"images.h_resolution": 150,
		"images.v_resolution": 150,
		"images.bit": 24
	},
	"annotations": [
		{
			"polygon.id": "PLG_000000",
			"polygon.name": "building",
			"polygon.points": [
				[
					1047.507257519668,
					85.05231104105846
				],
				[
					847.0407635298328,
					63.46999698832259
				],
				[
					833.3442949963659,
					176.36210126417177
				],
				[
					842.8903185196914,
					183.41785778141235
				],
				[
					886.8850356271914,
					185.49308028648306
				],
				[
					887.3000801282055,
					175.9470567631576
				],
				[
					912.2027501890547,
					178.02227926822837
				],
				[
					913.2967783203931,
					165.58124506093867
				],
				[
					1036.7161004933,
					175.11696776112927
				],
				[
					1038.7913229983708,
					168.47625574490286
				],
				[
					1041.6966345054698,
					167.23112224186042
				]
			],
			"polygon.shape": 0,
			"polygon.shift": 2,
			"polygon.updates": [
				3
			]
		}
	]
}