{
	"info": {
		"info.name": "항공영상 도시건물 변화탐지 데이터",
		"info.id": "TIFF_CHANGE_safe_01",
		"info.date_created": "2021-04-09 09:00:00",
		"info.src_path": "/dataSet/change",
		"info.label_path": "/dataSet/change",
		"info.category": 2,
		"info.type": 1
	},
	"images": {
		"images.id": "2016_KSG_1LB_000015.tif",
		"images.type": "TIF",
		"images.data_captured": "2021-11-10 09:46:32",
		"images.size": 1448,
		"images.width": 1508,
		"images.height": 754,
		"images.h_resolution": 150,
		"images.v_resolution": 150,
		"images.bit": 24
	},
	"annotations": [
		{
			"polygon.id": "PLG_000000",
			"polygon.name": "building",
			"polygon.points": [
				[
					642.4430147731975,
					144.96584231621532
				],
				[
					648.3641366480553,
					251.54603606365447
				],
				[
					706.2089426562808,
					244.71397236189554
				],
				[
					716.6847736656445,
					237.42643774668602
				],
				[
					750.3896212609884,
					235.60455409288366
				],
				[
					749.9341503475379,
					155.8971442390296
				],
				[
					739.0028484247237,
					165.00656250804147
				],
				[
					731.7153138095141,
					154.0752605852272
				],
				[
					727.6160755884587,
					153.164318758326
				],
				[
					727.1606046750081,
					161.36279520043672
				],
				[
					679.3361587626957,
					164.55109159459087
				],
				[
					673.8705078012886,
					156.80808606593075
				],
				[
					668.8603277533321,
					154.5307314986778
				],
				[
					672.0486241474862,
					142.68848774896233
				]
			],
			"polygon.shape": 1,
			"polygon.shift": 2,
			"polygon.updates": [
				0,
				3,
				4
			]
		}
	]
}