{
	"info": {
		"info.name": "항공영상 도시건물 변화탐지 데이터",
		"info.id": "TIFF_CHANGE_safe_01",
		"info.date_created": "2021-04-09 09:00:00",
		"info.src_path": "/dataSet/change",
		"info.label_path": "/dataSet/change",
		"info.category": 2,
		"info.type": 1
	},
	"images": {
		"images.id": "2017_DJG_1LB_000128.tif",
		"images.type": "TIF",
		"images.data_captured": "2021-10-29 02:00:18",
		"images.size": 1752,
		"images.width": 1508,
		"images.height": 754,
		"images.h_resolution": 150,
		"images.v_resolution": 150,
		"images.bit": 24
	},
	"annotations": [
		{
			"polygon.id": "PLG_000000",
			"polygon.name": "building",
			"polygon.points": [
				[
					1029.172142725631,
					396.2259692265797
				],
				[
					1027.088832653275,
					449.65186340412924
				],
				[
					1056.0757906945335,
					448.71916617482924
				],
				[
					1055.4187411997557,
					461.70110981894845
				],
				[
					1071.3340088728173,
					462.185729316935
				],
				[
					1071.692339880053,
					475.11512389272514
				],
				[
					1098.9908606228641,
					474.04719432238267
				],
				[
					1098.9908606228641,
					493.30666609995126
				],
				[
					1134.9418746076587,
					493.30666609995126
				],
				[
					1133.8002056148944,
					502.70529967171444
				],
				[
					1192.5042547255357,
					503.3027366467991
				],
				[
					1194.5644940448715,
					398.6746737575355
				]
			],
			"polygon.shape": 0,
			"polygon.shift": 2,
			"polygon.updates": [
				2,
				1,
				3
			]
		}
	]
}