{
	"info": {
		"info.name": "항공영상 도시건물 변화탐지 데이터",
		"info.id": "TIFF_CHANGE_safe_01",
		"info.date_created": "2021-04-09 09:00:00",
		"info.src_path": "/dataSet/change",
		"info.label_path": "/dataSet/change",
		"info.category": 2,
		"info.type": 1
	},
	"images": {
		"images.id": "2017_DJG_1LB_000174.tif",
		"images.type": "TIF",
		"images.data_captured": "2021-10-29 02:00:24",
		"images.size": 1944,
		"images.width": 1508,
		"images.height": 754,
		"images.h_resolution": 150,
		"images.v_resolution": 150,
		"images.bit": 24
	},
	"annotations": [
		{
			"polygon.id": "PLG_000000",
			"polygon.name": "building",
			"polygon.points": [
				[
					566.8078571479617,
					192.31716535983566
				],
				[
					597.030294696899,
					227.63627382384738
				],
				[
					671.0365982866299,
					163.43803456528562
				],
				[
					700.4607912801374,
					198.21208083033991
				],
				[
					712.94378224708,
					198.21208083033991
				],
				[
					716.5103510947779,
					191.97058534686863
				],
				[
					711.160497823231,
					184.83744765147287
				],
				[
					715.6187088828534,
					176.81266774415263
				],
				[
					721.8602043663248,
					175.0293833203037
				],
				[
					729.8849842736449,
					179.48759437992607
				],
				[
					737.0181219690407,
					166.11296120105902
				],
				[
					747.7178285121345,
					162.54639235336117
				],
				[
					750.3927551479078,
					154.52161244604093
				],
				[
					688.8694425251194,
					91.21501539940363
				],
				[
					673.7115249224034,
					115.2893551213643
				],
				[
					655.8786806839141,
					115.2893551213643
				],
				[
					650.5288274123673,
					124.205777240609
				],
				[
					642.5040475050471,
					129.5556305121558
				],
				[
					630.0210565381045,
					133.12219935985368
				]
			],
			"polygon.shape": 1,
			"polygon.shift": 2,
			"polygon.updates": [
				4,
				3
			]
		}
	]
}