{
	"info": {
		"info.name": "항공영상 도시건물 변화탐지 데이터",
		"info.id": "TIFF_CHANGE_safe_01",
		"info.date_created": "2021-04-09 09:00:00",
		"info.src_path": "/dataSet/change",
		"info.label_path": "/dataSet/change",
		"info.category": 2,
		"info.type": 1
	},
	"images": {
		"images.id": "2017_DJG_1LB_000254.tif",
		"images.type": "TIF",
		"images.data_captured": "2021-10-29 02:00:30",
		"images.size": 1988,
		"images.width": 1508,
		"images.height": 754,
		"images.h_resolution": 150,
		"images.v_resolution": 150,
		"images.bit": 24
	},
	"annotations": [
		{
			"polygon.id": "PLG_000000",
			"polygon.name": "building",
			"polygon.points": [
				[
					1081.3650075651874,
					648.3133054849246
				],
				[
					1125.1516944793193,
					699.5759169892585
				],
				[
					1139.2753071162028,
					690.5881634930599
				],
				[
					1150.041331811577,
					700.0702234032628
				],
				[
					1255.8089217036263,
					610.6295931251195
				],
				[
					1199.6216520192509,
					544.2161779835391
				]
			],
			"polygon.shape": 0,
			"polygon.shift": 2,
			"polygon.updates": [
				3
			]
		},
		{
			"polygon.id": "PLG_000001",
			"polygon.name": "building",
			"polygon.points": [
				[
					1274.2135756623634,
					258.21612321782607
				],
				[
					1369.413656081101,
					372.09509348568713
				],
				[
					1489.3786271423671,
					272.3058747998945
				],
				[
					1397.1404774417797,
					155.77736060779094
				],
				[
					1352.9073855121483,
					192.1869394856605
				],
				[
					1350.0138820898212,
					190.05959774808753
				],
				[
					1316.220844577467,
					220.8666963234708
				],
				[
					1316.220844577467,
					225.3040786210226
				]
			],
			"polygon.shape": 0,
			"polygon.shift": 2,
			"polygon.updates": [
				3,
				1,
				4
			]
		}
	]
}