{
	"info": {
		"info.name": "항공영상 도시건물 변화탐지 데이터",
		"info.id": "TIFF_CHANGE_safe_01",
		"info.date_created": "2021-04-09 09:00:00",
		"info.src_path": "/dataSet/change",
		"info.label_path": "/dataSet/change",
		"info.category": 2,
		"info.type": 1
	},
	"images": {
		"images.id": "2017_DJG_1LB_000156.tif",
		"images.type": "TIF",
		"images.data_captured": "2021-10-29 02:00:22",
		"images.size": 1570,
		"images.width": 1508,
		"images.height": 754,
		"images.h_resolution": 150,
		"images.v_resolution": 150,
		"images.bit": 24
	},
	"annotations": [
		{
			"polygon.id": "PLG_000000",
			"polygon.name": "building",
			"polygon.points": [
				[
					974.9954422996443,
					577.6176866506129
				],
				[
					1025.7181745658088,
					593.810088189649
				],
				[
					1039.8417872026923,
					586.1062994786216
				],
				[
					1124.5834630239938,
					611.7855951820463
				],
				[
					1087.348484254028,
					741.4660384843411
				],
				[
					1005.174738003069,
					704.2310597143753
				],
				[
					956.384076166562,
					663.1441865888958
				]
			],
			"polygon.shape": 0,
			"polygon.shift": 2,
			"polygon.updates": [
				3,
				4,
				1
			]
		}
	]
}