{
	"info": {
		"info.name": "항공영상 도시건물 변화탐지 데이터",
		"info.id": "TIFF_CHANGE_safe_01",
		"info.date_created": "2021-04-09 09:00:00",
		"info.src_path": "/dataSet/change",
		"info.label_path": "/dataSet/change",
		"info.category": 2,
		"info.type": 1
	},
	"images": {
		"images.id": "2017_DJG_1LB_000117.tif",
		"images.type": "TIF",
		"images.data_captured": "2021-10-29 02:00:18",
		"images.size": 1874,
		"images.width": 1508,
		"images.height": 754,
		"images.h_resolution": 150,
		"images.v_resolution": 150,
		"images.bit": 24
	},
	"annotations": [
		{
			"polygon.id": "PLG_000000",
			"polygon.name": "building",
			"polygon.points": [
				[
					1125.785096127299,
					19.156105899266088
				],
				[
					1092.6610169491528,
					143.77118644067798
				],
				[
					1213.088057238951,
					177.41525423728814
				],
				[
					1247.2284869108098,
					48.51189881537084
				]
			],
			"polygon.shape": 0,
			"polygon.shift": 2,
			"polygon.updates": [
				2
			]
		},
		{
			"polygon.id": "PLG_000001",
			"polygon.name": "building",
			"polygon.points": [
				[
					1082.2065215746795,
					201.44030754066964
				],
				[
					1114.3056412039602,
					209.14409625169705
				],
				[
					1113.661617727408,
					193.73447774567532
				],
				[
					1219.5907535880017,
					221.9837441034094
				],
				[
					1186.2076691735494,
					360.65194090190283
				],
				[
					1091.1942750708783,
					334.9726451984781
				],
				[
					1088.1583388013742,
					331.20490183948357
				],
				[
					1057.0791587911779,
					323.48905944670236
				]
			],
			"polygon.shape": 0,
			"polygon.shift": 2,
			"polygon.updates": [
				4
			]
		}
	]
}