{
	"info": {
		"info.name": "항공영상 도시건물 변화탐지 데이터",
		"info.id": "TIFF_CHANGE_safe_01",
		"info.date_created": "2021-04-09 09:00:00",
		"info.src_path": "/dataSet/change",
		"info.label_path": "/dataSet/change",
		"info.category": 2,
		"info.type": 1
	},
	"images": {
		"images.id": "2017_DJG_1LB_000056.tif",
		"images.type": "TIF",
		"images.data_captured": "2021-10-29 02:00:12",
		"images.size": 1778,
		"images.width": 1508,
		"images.height": 754,
		"images.h_resolution": 150,
		"images.v_resolution": 150,
		"images.bit": 24
	},
	"annotations": [
		{
			"polygon.id": "PLG_000000",
			"polygon.name": "building",
			"polygon.points": [
				[
					1054.345535153798,
					554.1393520799103
				],
				[
					1131.6508160703077,
					575.9426396735719
				],
				[
					1137.1975439422474,
					563.0002746390458
				],
				[
					1164.9311833019462,
					570.3959118016321
				],
				[
					1192.6648226616448,
					477.95044726930314
				],
				[
					1084.2596357930643,
					444.6561503908722
				]
			],
			"polygon.shape": 0,
			"polygon.shift": 2,
			"polygon.updates": [
				4,
				2,
				3
			]
		},
		{
			"polygon.id": "PLG_000001",
			"polygon.name": "building",
			"polygon.points": [
				[
					1289.2482531808434,
					418.13158447530014
				],
				[
					1393.81916675789,
					448.74612642648395
				],
				[
					1334.3051601665532,
					632.1703108712984
				],
				[
					1240.0107863435776,
					604.4366715115996
				],
				[
					1230.0266323686737,
					593.6921250583669
				]
			],
			"polygon.shape": 0,
			"polygon.shift": 2,
			"polygon.updates": [
				3
			]
		},
		{
			"polygon.id": "PLG_000002",
			"polygon.name": "building",
			"polygon.points": [
				[
					1275.6167542896,
					703.3078376752458
				],
				[
					1352.6546413998744,
					727.9599615505335
				],
				[
					1345.5003748724193,
					750.1017887521396
				],
				[
					1256.6668868930253,
					751.6497787033973
				]
			],
			"polygon.shape": 1,
			"polygon.shift": 2,
			"polygon.updates": [
				3
			]
		}
	]
}