{
	"info": {
		"info.name": "항공영상 도시건물 변화탐지 데이터",
		"info.id": "TIFF_CHANGE_safe_01",
		"info.date_created": "2021-04-09 09:00:00",
		"info.src_path": "/dataSet/change",
		"info.label_path": "/dataSet/change",
		"info.category": 2,
		"info.type": 1
	},
	"images": {
		"images.id": "2017_DJG_1LB_000179.tif",
		"images.type": "TIF",
		"images.data_captured": "2021-10-29 02:00:24",
		"images.size": 1778,
		"images.width": 1508,
		"images.height": 754,
		"images.h_resolution": 150,
		"images.v_resolution": 150,
		"images.bit": 24
	},
	"annotations": [
		{
			"polygon.id": "PLG_000000",
			"polygon.name": "building",
			"polygon.points": [
				[
					1034.4766905717415,
					152.63242422633544
				],
				[
					1114.6151542814753,
					115.1717672961378
				],
				[
					1139.2843780869755,
					162.39296732998758
				],
				[
					1145.3704902683307,
					152.0395087884493
				],
				[
					1207.6055443004325,
					282.61282896422074
				],
				[
					1161.3828120342682,
					307.23602400329924
				],
				[
					1169.0458430030899,
					336.9494989681558
				],
				[
					1122.937057541819,
					357.2684400502196
				],
				[
					1038.5200792924938,
					187.97331848786865
				],
				[
					1050.07764867767,
					182.40112135150207
				]
			],
			"polygon.shape": 0,
			"polygon.shift": 2,
			"polygon.updates": [
				2
			]
		},
		{
			"polygon.id": "PLG_000001",
			"polygon.name": "building",
			"polygon.points": [
				[
					763.8449074074073,
					105.75303918673474
				],
				[
					852.2436440677964,
					271.21280602636534
				],
				[
					959.4803829252979,
					212.04770872567482
				],
				[
					931.7467435655992,
					149.18479284369116
				],
				[
					871.6748062928235,
					45.40162183021438
				]
			],
			"polygon.shape": 0,
			"polygon.shift": 2,
			"polygon.updates": [
				3
			]
		}
	]
}