{
	"info": {
		"info.name": "항공영상 도시건물 변화탐지 데이터",
		"info.id": "TIFF_CHANGE_safe_01",
		"info.date_created": "2021-04-09 09:00:00",
		"info.src_path": "/dataSet/change",
		"info.label_path": "/dataSet/change",
		"info.category": 2,
		"info.type": 1
	},
	"images": {
		"images.id": "2017_DJG_1LB_000085.tif",
		"images.type": "TIF",
		"images.data_captured": "2021-10-29 02:00:14",
		"images.size": 1727,
		"images.width": 1508,
		"images.height": 754,
		"images.h_resolution": 150,
		"images.v_resolution": 150,
		"images.bit": 24
	},
	"annotations": [
		{
			"polygon.id": "PLG_000000",
			"polygon.name": "building",
			"polygon.points": [
				[
					1505.9903553822792,
					306.0831914425477
				],
				[
					1475.2298879271675,
					259.9151465653813
				],
				[
					1494.4073286212392,
					243.13087356811508
				],
				[
					1468.3785091707402,
					209.64911408220996
				],
				[
					1504.5042850290718,
					176.0805680876776
				]
			],
			"polygon.shape": 1,
			"polygon.shift": 0,
			"polygon.updates": [
				3,
				4
			]
		}
	]
}