{
	"info": {
		"info.name": "항공영상 도시건물 변화탐지 데이터",
		"info.id": "TIFF_CHANGE_safe_01",
		"info.date_created": "2021-04-09 09:00:00",
		"info.src_path": "/dataSet/change",
		"info.label_path": "/dataSet/change",
		"info.category": 2,
		"info.type": 1
	},
	"images": {
		"images.id": "2017_DJG_1LB_000096.tif",
		"images.type": "TIF",
		"images.data_captured": "2021-10-29 02:00:16",
		"images.size": 1814,
		"images.width": 1508,
		"images.height": 754,
		"images.h_resolution": 150,
		"images.v_resolution": 150,
		"images.bit": 24
	},
	"annotations": [
		{
			"polygon.id": "PLG_000000",
			"polygon.name": "building",
			"polygon.points": [
				[
					930.7366226788074,
					285.1113842264027
				],
				[
					979.5965160075328,
					177.5396657250471
				],
				[
					1110.8690756434398,
					236.70476302573763
				],
				[
					1066.4466084176786,
					343.9449295381721
				]
			],
			"polygon.shape": 0,
			"polygon.shift": 2,
			"polygon.updates": [
				4,
				2,
				3
			]
		},
		{
			"polygon.id": "PLG_000001",
			"polygon.name": "building",
			"polygon.points": [
				[
					1220.7011866231246,
					208.21415884264266
				],
				[
					1165.5620322377156,
					307.3122253609542
				],
				[
					1316.0980069052102,
					373.52405053358444
				],
				[
					1354.1507798836667,
					299.5537492609287
				],
				[
					1358.6229205900815,
					282.92749529190206
				],
				[
					1364.5359150543934,
					260.0009762824724
				],
				[
					1291.3399359068592,
					227.08344798827304
				],
				[
					1284.6665489642182,
					236.70476302573763
				]
			],
			"polygon.shape": 0,
			"polygon.shift": 2,
			"polygon.updates": [
				4,
				1
			]
		},
		{
			"polygon.id": "PLG_000002",
			"polygon.name": "building",
			"polygon.points": [
				[
					164.60168408022898,
					317.28505370702857
				],
				[
					116.32942963049209,
					429.7242078427673
				],
				[
					256.48316201088096,
					488.75547316384177
				],
				[
					302.2161909507271,
					372.2218713579021
				]
			],
			"polygon.shape": 0,
			"polygon.shift": 2,
			"polygon.updates": [
				4,
				3
			]
		}
	]
}