{
	"info": {
		"info.name": "항공영상 도시건물 변화탐지 데이터",
		"info.id": "TIFF_CHANGE_safe_01",
		"info.date_created": "2021-04-09 09:00:00",
		"info.src_path": "/dataSet/change",
		"info.label_path": "/dataSet/change",
		"info.category": 2,
		"info.type": 1
	},
	"images": {
		"images.id": "2017_DJG_1LB_000062.tif",
		"images.type": "TIF",
		"images.data_captured": "2021-10-29 02:00:12",
		"images.size": 1902,
		"images.width": 1508,
		"images.height": 754,
		"images.h_resolution": 150,
		"images.v_resolution": 150,
		"images.bit": 24
	},
	"annotations": [
		{
			"polygon.id": "PLG_000000",
			"polygon.name": "building",
			"polygon.points": [
				[
					1020.1868021174658,
					752.6093626252432
				],
				[
					988.7075986012298,
					716.8502764917697
				],
				[
					1046.4860139339355,
					670.841538356467
				],
				[
					1044.3460726253168,
					664.4217144306109
				],
				[
					1095.2746346864753,
					612.7470257384833
				],
				[
					1143.8533434760875,
					664.4217144306109
				],
				[
					1129.943724970066,
					667.6316263935389
				],
				[
					1116.034106464044,
					671.9115090107764
				],
				[
					1118.1740477726628,
					685.8211275167981
				],
				[
					1138.5291891005006,
					705.7585179564562
				],
				[
					1098.4333597816822,
					746.006256689158
				],
				[
					1099.8963134849507,
					750.4694213166243
				]
			],
			"polygon.shape": 1,
			"polygon.shift": 2,
			"polygon.updates": [
				3
			]
		}
	]
}