{
	"info": {
		"info.name": "항공영상 도시건물 변화탐지 데이터",
		"info.id": "TIFF_CHANGE_safe_01",
		"info.date_created": "2021-04-09 09:00:00",
		"info.src_path": "/dataSet/change",
		"info.label_path": "/dataSet/change",
		"info.category": 2,
		"info.type": 1
	},
	"images": {
		"images.id": "2017_DJG_1LB_000116.tif",
		"images.type": "TIF",
		"images.data_captured": "2021-10-29 02:00:18",
		"images.size": 1784,
		"images.width": 1508,
		"images.height": 754,
		"images.h_resolution": 150,
		"images.v_resolution": 150,
		"images.bit": 24
	},
	"annotations": [
		{
			"polygon.id": "PLG_000000",
			"polygon.name": "building",
			"polygon.points": [
				[
					1055.7100054820837,
					103.78987541785173
				],
				[
					1184.6232998535252,
					173.3019656308851
				],
				[
					1196.9493617911692,
					159.43514595103574
				],
				[
					1209.2754237288132,
					162.51666143544668
				],
				[
					1257.0796714793885,
					50.66107700626159
				],
				[
					1237.0090630885115,
					39.25604205900811
				],
				[
					1249.3351250261555,
					11.522402699309438
				],
				[
					1227.7645166352788,
					2.2778562460765386
				],
				[
					1102.35630721344,
					0
				],
				[
					1050.2353223008677,
					96.9384966614241
				]
			],
			"polygon.shape": 1,
			"polygon.shift": 2,
			"polygon.updates": [
				4,
				3
			]
		},
		{
			"polygon.id": "PLG_000001",
			"polygon.name": "building",
			"polygon.points": [
				[
					1305.999582022097,
					76.53381965514632
				],
				[
					1254.062354234236,
					182.44698478498069
				],
				[
					1269.0419433945672,
					191.8389494172518
				],
				[
					1263.2007558497226,
					210.2801514438167
				],
				[
					1374.477703897896,
					261.6387428506661
				],
				[
					1380.3783342568695,
					248.93377238748192
				],
				[
					1400.2183045289285,
					261.28394807937536
				],
				[
					1465.2626728320788,
					130.99922915693884
				],
				[
					1331.9027193352422,
					67.39541803966002
				],
				[
					1322.689083145356,
					83.77191333200611
				]
			],
			"polygon.shape": 0,
			"polygon.shift": 2,
			"polygon.updates": [
				4,
				3
			]
		},
		{
			"polygon.id": "PLG_000002",
			"polygon.name": "building",
			"polygon.points": [
				[
					1099.7100576933726,
					666.4320969238086
				],
				[
					1128.4600227630724,
					546.1908834307407
				],
				[
					1244.4194915254238,
					576.9484463276835
				],
				[
					1217.166011189967,
					698.8243372092797
				]
			],
			"polygon.shape": 0,
			"polygon.shift": 2,
			"polygon.updates": [
				2
			]
		}
	]
}