{
	"info": {
		"info.name": "항공영상 도시건물 변화탐지 데이터",
		"info.id": "TIFF_CHANGE_safe_01",
		"info.date_created": "2021-04-09 09:00:00",
		"info.src_path": "/dataSet/change",
		"info.label_path": "/dataSet/change",
		"info.category": 2,
		"info.type": 1
	},
	"images": {
		"images.id": "2017_DJG_1LB_000217.tif",
		"images.type": "TIF",
		"images.data_captured": "2021-10-29 02:00:28",
		"images.size": 1578,
		"images.width": 1508,
		"images.height": 754,
		"images.h_resolution": 150,
		"images.v_resolution": 150,
		"images.bit": 24
	},
	"annotations": [
		{
			"polygon.id": "PLG_000000",
			"polygon.name": "building",
			"polygon.points": [
				[
					1149.4948450687032,
					386.8403061135524
				],
				[
					1166.1863872759293,
					425.3592496686895
				],
				[
					1173.2140093590606,
					420.01338215405264
				],
				[
					1197.0015421200387,
					471.58198193485396
				],
				[
					1211.3330899098994,
					467.5019986827577
				],
				[
					1223.7547942346828,
					501.3090534650156
				],
				[
					1329.881820513459,
					456.388366506653
				],
				[
					1333.2976908194132,
					428.5651116006917
				],
				[
					1324.1140558519912,
					409.95167224663464
				],
				[
					1442.238816087745,
					356.02515126944274
				],
				[
					1386.7715373683475,
					229.2105173676502
				],
				[
					1149.0928709700124,
					332.35029346343765
				],
				[
					1162.8350150713507,
					364.63325606698595
				],
				[
					1152.551243108227,
					368.9151476311823
				],
				[
					1157.8971106228637,
					381.940696493339
				]
			],
			"polygon.shape": 0,
			"polygon.shift": 2,
			"polygon.updates": [
				1,
				3
			]
		}
	]
}