{
	"info": {
		"info.name": "항공영상 도시건물 변화탐지 데이터",
		"info.id": "TIFF_CHANGE_safe_01",
		"info.date_created": "2021-04-09 09:00:00",
		"info.src_path": "/dataSet/change",
		"info.label_path": "/dataSet/change",
		"info.category": 2,
		"info.type": 1
	},
	"images": {
		"images.id": "2017_DJG_1LB_000178.tif",
		"images.type": "TIF",
		"images.data_captured": "2021-10-29 02:00:24",
		"images.size": 1895,
		"images.width": 1508,
		"images.height": 754,
		"images.h_resolution": 150,
		"images.v_resolution": 150,
		"images.bit": 24
	},
	"annotations": [
		{
			"polygon.id": "PLG_000000",
			"polygon.name": "building",
			"polygon.points": [
				[
					757.3569116645549,
					529.3033664050571
				],
				[
					806.7438133333677,
					506.7390071438755
				],
				[
					780.3296008006391,
					460.74031374336766
				],
				[
					786.7811046580624,
					452.62213617955274
				],
				[
					756.3502044623557,
					398.1168962618854
				]
			],
			"polygon.shape": 1,
			"polygon.shift": 2,
			"polygon.updates": [
				4,
				3
			]
		},
		{
			"polygon.id": "PLG_000001",
			"polygon.name": "building",
			"polygon.points": [
				[
					1062.8418079096045,
					752.5652463904584
				],
				[
					1040.6583240767786,
					713.344025400923
				],
				[
					1053.5972614563718,
					708.1914234149405
				],
				[
					1038.7747001826813,
					676.3831968897168
				],
				[
					1121.3672144544166,
					638.9694603681531
				],
				[
					1140.495998116761,
					680.4577840552417
				],
				[
					1140.495998116761,
					680.4577840552417
				],
				[
					1177.4741839296926,
					750.7163370998118
				]
			],
			"polygon.shape": 1,
			"polygon.shift": 2,
			"polygon.updates": [
				2
			]
		}
	]
}