{
	"info": {
		"info.name": "항공영상 도시건물 변화탐지 데이터",
		"info.id": "TIFF_CHANGE_safe_01",
		"info.date_created": "2021-04-09 09:00:00",
		"info.src_path": "/dataSet/change",
		"info.label_path": "/dataSet/change",
		"info.category": 2,
		"info.type": 1
	},
	"images": {
		"images.id": "2017_DJG_1LB_000226.tif",
		"images.type": "TIF",
		"images.data_captured": "2021-10-29 02:00:28",
		"images.size": 1900,
		"images.width": 1508,
		"images.height": 754,
		"images.h_resolution": 150,
		"images.v_resolution": 150,
		"images.bit": 24
	},
	"annotations": [
		{
			"polygon.id": "PLG_000000",
			"polygon.name": "building",
			"polygon.points": [
				[
					220.18121165355768,
					449.040297767438
				],
				[
					341.22522148665115,
					709.1826590210857
				],
				[
					465.40306329936084,
					654.7039803482131
				],
				[
					454.8256042059006,
					625.4223510372567
				],
				[
					505.8859443812245,
					599.0098081932731
				],
				[
					391.23161436246716,
					364.2535376599836
				]
			],
			"polygon.shape": 0,
			"polygon.shift": 2,
			"polygon.updates": [
				4
			]
		}
	]
}