{
	"info": {
		"info.name": "항공영상 도시건물 변화탐지 데이터",
		"info.id": "TIFF_CHANGE_safe_01",
		"info.date_created": "2021-04-09 09:00:00",
		"info.src_path": "/dataSet/change",
		"info.label_path": "/dataSet/change",
		"info.category": 2,
		"info.type": 1
	},
	"images": {
		"images.id": "2017_DJG_1LB_000162.tif",
		"images.type": "TIF",
		"images.data_captured": "2021-10-29 02:00:22",
		"images.size": 1968,
		"images.width": 1508,
		"images.height": 754,
		"images.h_resolution": 150,
		"images.v_resolution": 150,
		"images.bit": 24
	},
	"annotations": [
		{
			"polygon.id": "PLG_000000",
			"polygon.name": "building",
			"polygon.points": [
				[
					1212.4187897492714,
					724.247465091529
				],
				[
					1177.3036628183345,
					687.1977442549654
				],
				[
					1158.4207337484477,
					682.2885438669301
				],
				[
					1130.7224683671195,
					637.7858004354965
				],
				[
					1126.0648211621324,
					634.5250538585603
				],
				[
					1111.8350425584229,
					607.9926712129304
				],
				[
					1217.5018374659971,
					536.1265667313613
				],
				[
					1299.0596854978292,
					661.3271637772615
				]
			],
			"polygon.shape": 0,
			"polygon.shift": 2,
			"polygon.updates": [
				3
			]
		},
		{
			"polygon.id": "PLG_000001",
			"polygon.name": "building",
			"polygon.points": [
				[
					757.0179797788862,
					478.540092031461
				],
				[
					826.8771997469814,
					459.7037379536967
				],
				[
					850.8222040079771,
					543.5013313264651
				],
				[
					758.7725572863656,
					563.469551665448
				]
			],
			"polygon.shape": 1,
			"polygon.shift": 2,
			"polygon.updates": [
				3
			]
		}
	]
}