{
	"info": {
		"info.name": "항공영상 도시건물 변화탐지 데이터",
		"info.id": "TIFF_CHANGE_safe_01",
		"info.date_created": "2021-04-09 09:00:00",
		"info.src_path": "/dataSet/change",
		"info.label_path": "/dataSet/change",
		"info.category": 2,
		"info.type": 1
	},
	"images": {
		"images.id": "2017_DJG_1LB_000170.tif",
		"images.type": "TIF",
		"images.data_captured": "2021-10-29 02:00:22",
		"images.size": 1743,
		"images.width": 1508,
		"images.height": 754,
		"images.h_resolution": 150,
		"images.v_resolution": 150,
		"images.bit": 24
	},
	"annotations": [
		{
			"polygon.id": "PLG_000000",
			"polygon.name": "building",
			"polygon.points": [
				[
					1316.5602342278721,
					122.53009477226765
				],
				[
					1406.2217339750298,
					173.9125687668672
				],
				[
					1461.9361627060587,
					83.03920154930361
				],
				[
					1439.6289257529895,
					70.7396577115181
				],
				[
					1434.6849944636258,
					57.047890728534625
				],
				[
					1406.4377691898585,
					39.07238373613734
				],
				[
					1394.8820861233175,
					51.91203158784968
				],
				[
					1366.6348608495503,
					37.788418950966104
				],
				[
					1352.5112482126667,
					66.03564422473328
				],
				[
					1343.3195131833932,
					63.527758287402364
				],
				[
					1329.3998820795846,
					86.57908078747305
				],
				[
					1334.8477563376136,
					90.74299026033104
				]
			],
			"polygon.shape": 0,
			"polygon.shift": 2,
			"polygon.updates": [
				3
			]
		},
		{
			"polygon.id": "PLG_000001",
			"polygon.name": "building",
			"polygon.points": [
				[
					1203.6520688384946,
					645.5967591623851
				],
				[
					1241.9926839512468,
					672.3460255201192
				],
				[
					1250.9091060704916,
					658.0797501293277
				],
				[
					1286.5747945474704,
					674.1293099439681
				],
				[
					1323.1321252363737,
					592.9898686588415
				],
				[
					1290.1413633951684,
					584.0734465395967
				],
				[
					1225.0514819246819,
					563.565675665334
				],
				[
					1192.9523622954011,
					640.2469058908383
				]
			],
			"polygon.shape": 0,
			"polygon.shift": 0
		}
	]
}