{
	"info": {
		"info.name": "항공영상 도시건물 변화탐지 데이터",
		"info.id": "TIFF_CHANGE_safe_01",
		"info.date_created": "2021-04-09 09:00:00",
		"info.src_path": "/dataSet/change",
		"info.label_path": "/dataSet/change",
		"info.category": 2,
		"info.type": 1
	},
	"images": {
		"images.id": "2017_DJG_1LB_000099.tif",
		"images.type": "TIF",
		"images.data_captured": "2021-10-29 02:00:16",
		"images.size": 1520,
		"images.width": 1508,
		"images.height": 754,
		"images.h_resolution": 150,
		"images.v_resolution": 150,
		"images.bit": 24
	},
	"annotations": [
		{
			"polygon.id": "PLG_000000",
			"polygon.name": "building",
			"polygon.points": [
				[
					818.9218779516432,
					449.0949916528539
				],
				[
					952.4027581607031,
					509.94150842226406
				],
				[
					992.5579045892491,
					416.16010605692924
				],
				[
					964.7695778405523,
					401.26288460869335
				],
				[
					963.1880623561415,
					403.62922421008574
				],
				[
					863.038809112785,
					358.9472496861267
				]
			],
			"polygon.shape": 0,
			"polygon.shift": 2,
			"polygon.updates": [
				1,
				3,
				4
			]
		}
	]
}