{
	"info": {
		"info.name": "항공영상 도시건물 변화탐지 데이터",
		"info.id": "TIFF_CHANGE_safe_01",
		"info.date_created": "2021-04-09 09:00:00",
		"info.src_path": "/dataSet/change",
		"info.label_path": "/dataSet/change",
		"info.category": 2,
		"info.type": 1
	},
	"images": {
		"images.id": "2017_DJG_1LB_000010.tif",
		"images.type": "TIF",
		"images.data_captured": "2021-10-29 02:00:08",
		"images.size": 1571,
		"images.width": 1508,
		"images.height": 754,
		"images.h_resolution": 150,
		"images.v_resolution": 150,
		"images.bit": 24
	},
	"annotations": [
		{
			"polygon.id": "PLG_000000",
			"polygon.name": "building",
			"polygon.points": [
				[
					756.5249110320283,
					104.13064145215903
				],
				[
					817.3027412112092,
					105.21018726496912
				],
				[
					819.531805617593,
					130.58370744019572
				],
				[
					1202.697174960388,
					149.66974858120983
				],
				[
					1202.1771384785422,
					127.43937882576283
				],
				[
					1276.0458679319886,
					130.5860023724792
				],
				[
					1278.7061597867566,
					31.973234855534017
				],
				[
					1292.1733471286966,
					32.31021493694407
				],
				[
					1304.4902708139477,
					25.863044162537392
				],
				[
					1309.5867931988926,
					18.782918149466184
				],
				[
					1315.1769474100433,
					2.012455516014228
				],
				[
					754.2733211414259,
					5.515988606241663
				]
			],
			"polygon.shape": 1,
			"polygon.shift": 2,
			"polygon.updates": [
				2
			]
		}
	]
}