{
	"info": {
		"info.name": "항공영상 도시건물 변화탐지 데이터",
		"info.id": "TIFF_CHANGE_safe_01",
		"info.date_created": "2021-04-09 09:00:00",
		"info.src_path": "/dataSet/change",
		"info.label_path": "/dataSet/change",
		"info.category": 2,
		"info.type": 1
	},
	"images": {
		"images.id": "2017_DJG_1LB_000069.tif",
		"images.type": "TIF",
		"images.data_captured": "2021-10-29 02:00:14",
		"images.size": 1727,
		"images.width": 1508,
		"images.height": 754,
		"images.h_resolution": 150,
		"images.v_resolution": 150,
		"images.bit": 24
	},
	"annotations": [
		{
			"polygon.id": "PLG_000000",
			"polygon.name": "building",
			"polygon.points": [
				[
					1280.0990144296904,
					170.53104402576125
				],
				[
					1393.7676046897886,
					172.59575075998006
				],
				[
					1391.62766338117,
					254.98349114180104
				],
				[
					1326.3594534682989,
					259.2633737590385
				],
				[
					1325.2894828139895,
					265.68319768489465
				],
				[
					1289.6263765830315,
					264.18319768489465
				],
				[
					1291.0504218760898,
					272.10302161075083
				],
				[
					1267.5110674812838,
					273.1729922650602
				]
			],
			"polygon.shape": 1,
			"polygon.shift": 2,
			"polygon.updates": [
				1,
				3
			]
		}
	]
}