{
	"info": {
		"info.name": "항공영상 도시건물 변화탐지 데이터",
		"info.id": "TIFF_CHANGE_safe_01",
		"info.date_created": "2021-04-09 09:00:00",
		"info.src_path": "/dataSet/change",
		"info.label_path": "/dataSet/change",
		"info.category": 2,
		"info.type": 1
	},
	"images": {
		"images.id": "2017_DJG_1LB_000100.tif",
		"images.type": "TIF",
		"images.data_captured": "2021-10-29 02:00:16",
		"images.size": 1895,
		"images.width": 1508,
		"images.height": 754,
		"images.h_resolution": 150,
		"images.v_resolution": 150,
		"images.bit": 24
	},
	"annotations": [
		{
			"polygon.id": "PLG_000000",
			"polygon.name": "building",
			"polygon.points": [
				[
					764.7857150641696,
					231.3421043454
				],
				[
					838.2381501121092,
					263.57094779536504
				],
				[
					830.2679191079026,
					276.28087182639325
				],
				[
					832.835848678245,
					296.824308389133
				],
				[
					789.181045982423,
					376.43012506974964
				],
				[
					755.6274991773072,
					360.806512432866
				],
				[
					754.9171575484739,
					237.40917458393233
				],
				[
					763.5017502789983,
					244.18175219711236
				]
			],
			"polygon.shape": 1,
			"polygon.shift": 2,
			"polygon.updates": [
				1,
				3,
				4
			]
		},
		{
			"polygon.id": "PLG_000001",
			"polygon.name": "building",
			"polygon.points": [
				[
					1276.319459431275,
					75.80362086272164
				],
				[
					1252.8899612889725,
					126.58126046243981
				],
				[
					1280.8843472256074,
					138.98883788449461
				],
				[
					1266.797538711027,
					167.25478675793454
				],
				[
					1366.9060342121782,
					208.2414207993304
				],
				[
					1362.7545159364497,
					217.8851871798195
				],
				[
					1384.504355419852,
					226.6635753791083
				],
				[
					1423.166369022253,
					137.8019456303958
				]
			],
			"polygon.shape": 0,
			"polygon.shift": 2,
			"polygon.updates": [
				3
			]
		}
	]
}