{
	"info": {
		"info.name": "항공영상 도시건물 변화탐지 데이터",
		"info.id": "TIFF_CHANGE_safe_01",
		"info.date_created": "2021-04-09 09:00:00",
		"info.src_path": "/dataSet/change",
		"info.label_path": "/dataSet/change",
		"info.category": 2,
		"info.type": 1
	},
	"images": {
		"images.id": "2017_DJG_1LB_000053.tif",
		"images.type": "TIF",
		"images.data_captured": "2021-10-29 02:00:12",
		"images.size": 1503,
		"images.width": 1508,
		"images.height": 754,
		"images.h_resolution": 150,
		"images.v_resolution": 150,
		"images.bit": 24
	},
	"annotations": [
		{
			"polygon.id": "PLG_000000",
			"polygon.name": "building",
			"polygon.points": [
				[
					1041.4320546270142,
					2.435150492025329
				],
				[
					1123.8197950088352,
					38.81415273854367
				],
				[
					1114.1900591200508,
					63.42347778765901
				],
				[
					1152.709002675188,
					76.26312563937137
				],
				[
					1152.65307316382,
					86.54281543456128
				],
				[
					1192.2979168846343,
					101.94242134279608
				],
				[
					1217.1830960058323,
					38.38412339285303
				],
				[
					1210.4874180078934,
					35.60424077561558
				],
				[
					1219.0471832423684,
					10.994915726500238
				],
				[
					1195.5078288475625,
					2.435150492025329
				]
			],
			"polygon.shape": 1,
			"polygon.shift": 0,
			"polygon.updates": [
				4
			]
		}
	]
}