{
	"info": {
		"info.name": "항공영상 도시건물 변화탐지 데이터",
		"info.id": "TIFF_CHANGE_safe_01",
		"info.date_created": "2021-04-09 09:00:00",
		"info.src_path": "/dataSet/change",
		"info.label_path": "/dataSet/change",
		"info.category": 2,
		"info.type": 1
	},
	"images": {
		"images.id": "2017_DJG_1LB_000206.tif",
		"images.type": "TIF",
		"images.data_captured": "2021-10-29 02:00:26",
		"images.size": 1829,
		"images.width": 1508,
		"images.height": 754,
		"images.h_resolution": 150,
		"images.v_resolution": 150,
		"images.bit": 24
	},
	"annotations": [
		{
			"polygon.id": "PLG_000000",
			"polygon.name": "building",
			"polygon.points": [
				[
					788.2856079496082,
					270.5389601313334
				],
				[
					796.8801683594276,
					442.7046073310912
				],
				[
					900.4693992722456,
					439.981554031731
				],
				[
					888.1741146160282,
					215.3486281125758
				],
				[
					799.782452751313,
					220.1908901739231
				],
				[
					802.8639682357241,
					271.00052168833344
				]
			],
			"polygon.shape": 1,
			"polygon.shift": 2,
			"polygon.updates": [
				3
			]
		}
	]
}