{
	"info": {
		"info.name": "항공영상 도시건물 변화탐지 데이터",
		"info.id": "TIFF_CHANGE_safe_01",
		"info.date_created": "2021-04-09 09:00:00",
		"info.src_path": "/dataSet/change",
		"info.label_path": "/dataSet/change",
		"info.category": 2,
		"info.type": 1
	},
	"images": {
		"images.id": "2017_DJG_1LB_000063.tif",
		"images.type": "TIF",
		"images.data_captured": "2021-10-29 02:00:12",
		"images.size": 1764,
		"images.width": 1508,
		"images.height": 754,
		"images.h_resolution": 150,
		"images.v_resolution": 150,
		"images.bit": 24
	},
	"annotations": [
		{
			"polygon.id": "PLG_000000",
			"polygon.name": "building",
			"polygon.points": [
				[
					912.0801008753576,
					503.7106841127852
				],
				[
					950.3769823747891,
					528.7379205518215
				],
				[
					1026.5669287494516,
					514.202391228886
				],
				[
					1007.2816708992727,
					400.84285317979874
				],
				[
					955.1800443158196,
					404.4926419672762
				],
				[
					954.4509387860085,
					412.5491843656274
				],
				[
					887.6847699571042,
					424.1048674321686
				],
				[
					895.3885586681315,
					476.7474236241892
				]
			],
			"polygon.shape": 0,
			"polygon.shift": 2,
			"polygon.updates": [
				1,
				3
			]
		}
	]
}