{
	"info": {
		"info.name": "항공영상 도시건물 변화탐지 데이터",
		"info.id": "TIFF_CHANGE_safe_01",
		"info.date_created": "2021-04-09 09:00:00",
		"info.src_path": "/dataSet/change",
		"info.label_path": "/dataSet/change",
		"info.category": 2,
		"info.type": 1
	},
	"images": {
		"images.id": "2017_DJG_1LB_000253.tif",
		"images.type": "TIF",
		"images.data_captured": "2021-10-29 02:00:30",
		"images.size": 2018,
		"images.width": 1508,
		"images.height": 754,
		"images.h_resolution": 150,
		"images.v_resolution": 150,
		"images.bit": 24
	},
	"annotations": [
		{
			"polygon.id": "PLG_000000",
			"polygon.name": "building",
			"polygon.points": [
				[
					1311.9441240322246,
					751.1978752528422
				],
				[
					1313.228088817396,
					751.1978752528422
				],
				[
					1354.3149619428755,
					713.9628964828763
				],
				[
					1358.1668562983891,
					713.9628964828763
				],
				[
					1397.9697646386976,
					681.8637768535955
				],
				[
					1457.6741271491596,
					751.6615292030428
				]
			],
			"polygon.shape": 1,
			"polygon.shift": 2,
			"polygon.updates": [
				4,
				3,
				1
			]
		}
	]
}