{
	"info": {
		"info.name": "항공영상 도시건물 변화탐지 데이터",
		"info.id": "TIFF_CHANGE_safe_01",
		"info.date_created": "2021-04-09 09:00:00",
		"info.src_path": "/dataSet/change",
		"info.label_path": "/dataSet/change",
		"info.category": 2,
		"info.type": 1
	},
	"images": {
		"images.id": "2017_DJG_1LB_000079.tif",
		"images.type": "TIF",
		"images.data_captured": "2021-10-29 02:00:14",
		"images.size": 1750,
		"images.width": 1508,
		"images.height": 754,
		"images.h_resolution": 150,
		"images.v_resolution": 150,
		"images.bit": 24
	},
	"annotations": [
		{
			"polygon.id": "PLG_000000",
			"polygon.name": "building",
			"polygon.points": [
				[
					757.9151961442972,
					625.2277820281441
				],
				[
					823.1834060571682,
					623.0878407195255
				],
				[
					824.2533767114776,
					629.5076646453816
				],
				[
					889.683508636019,
					631.141621901368
				],
				[
					891.2314985872769,
					612.4361241276895
				],
				[
					877.4358121416676,
					610.7742021160191
				],
				[
					880.9618213898739,
					578.1490732385322
				],
				[
					880.9618213898739,
					574.9391612756041
				],
				[
					877.7519094269458,
					526.7904818316828
				],
				[
					757.9151961442972,
					520.3706579058266
				]
			],
			"polygon.shape": 1,
			"polygon.shift": 2,
			"polygon.updates": [
				4,
				1,
				3
			]
		}
	]
}