{
	"info": {
		"info.name": "항공영상 도시건물 변화탐지 데이터",
		"info.id": "TIFF_CHANGE_safe_01",
		"info.date_created": "2021-04-09 09:00:00",
		"info.src_path": "/dataSet/change",
		"info.label_path": "/dataSet/change",
		"info.category": 2,
		"info.type": 1
	},
	"images": {
		"images.id": "2017_DJG_1LB_000119.tif",
		"images.type": "TIF",
		"images.data_captured": "2021-10-29 02:00:18",
		"images.size": 1712,
		"images.width": 1508,
		"images.height": 754,
		"images.h_resolution": 150,
		"images.v_resolution": 150,
		"images.bit": 24
	},
	"annotations": [
		{
			"polygon.id": "PLG_000000",
			"polygon.name": "building",
			"polygon.points": [
				[
					1310.2329527217194,
					55.57412926223332
				],
				[
					1289.0257977247097,
					108.25439222669786
				],
				[
					1310.5896096064894,
					121.73398138702895
				],
				[
					1289.0257977247097,
					174.59257279387836
				],
				[
					1336.1045065143217,
					200.27186849730307
				],
				[
					1340.3843891315591,
					205.62172176884988
				],
				[
					1402.442687081502,
					236.65087074382143
				],
				[
					1455.9412197969702,
					120.02406942410086
				]
			],
			"polygon.shape": 0,
			"polygon.shift": 2,
			"polygon.updates": [
				3
			]
		}
	]
}