{
	"info": {
		"info.name": "항공영상 도시건물 변화탐지 데이터",
		"info.id": "TIFF_CHANGE_safe_01",
		"info.date_created": "2021-04-09 09:00:00",
		"info.src_path": "/dataSet/change",
		"info.label_path": "/dataSet/change",
		"info.category": 2,
		"info.type": 1
	},
	"images": {
		"images.id": "2017_DJG_1LB_000051.tif",
		"images.type": "TIF",
		"images.data_captured": "2021-10-29 02:00:12",
		"images.size": 1910,
		"images.width": 1508,
		"images.height": 754,
		"images.h_resolution": 150,
		"images.v_resolution": 150,
		"images.bit": 24
	},
	"annotations": [
		{
			"polygon.id": "PLG_000000",
			"polygon.name": "building",
			"polygon.points": [
				[
					997.3312539234149,
					148.07544726930317
				],
				[
					1036.1583490269932,
					157.31999372253605
				],
				[
					1026.9138025737602,
					186.90254237288133
				],
				[
					1139.6972693032017,
					225.7296374764595
				],
				[
					1167.4309086629,
					144.37762868801
				],
				[
					1158.1863622096673,
					138.83090081607025
				],
				[
					1163.7191604348145,
					115.90438180664049
				],
				[
					1021.3184304515771,
					70.40732741535427
				]
			],
			"polygon.shape": 0,
			"polygon.shift": 2,
			"polygon.updates": [
				4,
				3,
				1
			]
		},
		{
			"polygon.id": "PLG_000001",
			"polygon.name": "building",
			"polygon.points": [
				[
					1088.921950388835,
					277.84800690521024
				],
				[
					1101.8382794707732,
					234.72125454156134
				],
				[
					1227.5901471873287,
					272.9117963629109
				],
				[
					1204.147486436838,
					361.650763663084
				],
				[
					1141.5461785938483,
					347.7576506591337
				]
			],
			"polygon.shape": 1,
			"polygon.shift": 2,
			"polygon.updates": [
				4,
				3,
				1
			]
		},
		{
			"polygon.id": "PLG_000002",
			"polygon.name": "building",
			"polygon.points": [
				[
					1247.2829174513497,
					430.7316753026869
				],
				[
					1261.7252824858756,
					375.49129001883233
				],
				[
					1272.8800035288195,
					379.285088502641
				],
				[
					1278.6796607888905,
					364.17094083941004
				],
				[
					1292.2846150582334,
					367.8774380715659
				],
				[
					1301.503125558878,
					338.3122467229461
				],
				[
					1308.9161200231897,
					338.90540675086095
				],
				[
					1334.1816541117387,
					261.8704125242078
				],
				[
					1429.1212598678055,
					292.03744255160524
				],
				[
					1362.5431681028033,
					497.2316592099246
				],
				[
					1316.3291144875013,
					487.385274077914
				],
				[
					1320.8903797865662,
					467.9367545511613
				],
				[
					1265.1614930281748,
					451.68887348030233
				],
				[
					1263.9057437654433,
					440.5954177364228
				]
			],
			"polygon.shape": 1,
			"polygon.shift": 2,
			"polygon.updates": [
				2
			]
		}
	]
}