{
	"info": {
		"info.name": "항공영상 도시건물 변화탐지 데이터",
		"info.id": "TIFF_CHANGE_safe_01",
		"info.date_created": "2021-04-09 09:00:00",
		"info.src_path": "/dataSet/change",
		"info.label_path": "/dataSet/change",
		"info.category": 2,
		"info.type": 1
	},
	"images": {
		"images.id": "2017_DJG_1LB_000189.tif",
		"images.type": "TIF",
		"images.data_captured": "2021-10-29 02:00:24",
		"images.size": 1764,
		"images.width": 1508,
		"images.height": 754,
		"images.h_resolution": 150,
		"images.v_resolution": 150,
		"images.bit": 24
	},
	"annotations": [
		{
			"polygon.id": "PLG_000000",
			"polygon.name": "building",
			"polygon.points": [
				[
					755.5426762130708,
					140.85456553134816
				],
				[
					804.542309813042,
					125.05917878674893
				],
				[
					883.2154292643587,
					289.8842273352893
				],
				[
					755.4529294889929,
					347.21456493668154
				]
			],
			"polygon.shape": 1,
			"polygon.shift": 0
		}
	]
}