{
	"info": {
		"info.name": "항공영상 도시건물 변화탐지 데이터",
		"info.id": "TIFF_CHANGE_safe_01",
		"info.date_created": "2021-04-09 09:00:00",
		"info.src_path": "/dataSet/change",
		"info.label_path": "/dataSet/change",
		"info.category": 2,
		"info.type": 1
	},
	"images": {
		"images.id": "2017_DJG_1LB_000102.tif",
		"images.type": "TIF",
		"images.data_captured": "2021-10-29 02:00:16",
		"images.size": 1499,
		"images.width": 1508,
		"images.height": 754,
		"images.h_resolution": 150,
		"images.v_resolution": 150,
		"images.bit": 24
	},
	"annotations": [
		{
			"polygon.id": "PLG_000000",
			"polygon.name": "building",
			"polygon.points": [
				[
					1244.2617451943959,
					751.9581776924596
				],
				[
					1250.9697016498462,
					549.0796879536506
				],
				[
					1277.017047444082,
					549.1759522887526
				],
				[
					1290.1785717435573,
					529.9741666739322
				],
				[
					1341.4479989292142,
					532.2032722037434
				],
				[
					1345.163174812233,
					539.6336239697806
				],
				[
					1362.2529838741184,
					555.9803978550626
				],
				[
					1395.4485986483091,
					558.2574933361315
				],
				[
					1395.4320867554957,
					750.9938831521558
				]
			],
			"polygon.shape": 1,
			"polygon.shift": 2,
			"polygon.updates": [
				2
			]
		}
	]
}