{
	"info": {
		"info.name": "항공영상 도시건물 변화탐지 데이터",
		"info.id": "TIFF_CHANGE_safe_01",
		"info.date_created": "2021-04-09 09:00:00",
		"info.src_path": "/dataSet/change",
		"info.label_path": "/dataSet/change",
		"info.category": 2,
		"info.type": 1
	},
	"images": {
		"images.id": "2017_DJG_1LB_000143.tif",
		"images.type": "TIF",
		"images.data_captured": "2021-10-29 02:00:20",
		"images.size": 1745,
		"images.width": 1508,
		"images.height": 754,
		"images.h_resolution": 150,
		"images.v_resolution": 150,
		"images.bit": 24
	},
	"annotations": [
		{
			"polygon.id": "PLG_000000",
			"polygon.name": "building",
			"polygon.points": [
				[
					1256.738386086311,
					753.0548535488499
				],
				[
					1262.9798815697823,
					684.3984032306657
				],
				[
					1300.0557911551255,
					683.6951020589131
				],
				[
					1300.7121388944588,
					661.028401199296
				],
				[
					1330.744689676042,
					604.1506041574635
				],
				[
					1387.6720223963146,
					601.9488487128933
				],
				[
					1377.6740712977914,
					750.4733245695711
				]
			],
			"polygon.shape": 1,
			"polygon.shift": 2,
			"polygon.updates": [
				3,
				4,
				1
			]
		},
		{
			"polygon.id": "PLG_000001",
			"polygon.name": "building",
			"polygon.points": [
				[
					347.24978898412974,
					572.8649037455533
				],
				[
					346.53312696965855,
					527.5022970745694
				],
				[
					364.33620396526453,
					525.0606559949779
				],
				[
					372.03999267629194,
					506.57156308851205
				],
				[
					441.84996743463137,
					505.7215491319256
				],
				[
					446.1445557576238,
					638.7951855205997
				],
				[
					347.21310322760786,
					640.4433769760683
				],
				[
					356.88804042296886,
					623.3876080985449
				],
				[
					370.7962737340994,
					606.6234942571995
				],
				[
					357.3538051434675,
					592.8947543942245
				]
			],
			"polygon.shape": 1,
			"polygon.shift": 1,
			"polygon.updates": [
				4
			]
		},
		{
			"polygon.id": "PLG_000002",
			"polygon.name": "building",
			"polygon.points": [
				[
					1470.2535356260682,
					699.6150073737373
				],
				[
					1508.1689694988752,
					701.6789939754142
				],
				[
					1507.32428071937,
					600.9703774603685
				],
				[
					1495.7809219156097,
					603.8790528415507
				],
				[
					1492.166363116654,
					609.8867995796131
				],
				[
					1472.8789265834016,
					611.1071339206236
				]
			],
			"polygon.shape": 1,
			"polygon.shift": 2,
			"polygon.updates": [
				4,
				3
			]
		},
		{
			"polygon.id": "PLG_000003",
			"polygon.name": "building",
			"polygon.points": [
				[
					898.3159983783219,
					387.2503531073446
				],
				[
					897.7835576867656,
					469.775366914175
				],
				[
					1035.484195176815,
					471.38818439127294
				],
				[
					1036.9175192057576,
					372.3139241696233
				],
				[
					912.7967742341385,
					374.28441676488137
				]
			],
			"polygon.shape": 0,
			"polygon.shift": 2,
			"polygon.updates": [
				2
			]
		}
	]
}