{
	"info": {
		"info.name": "항공영상 도시건물 변화탐지 데이터",
		"info.id": "TIFF_CHANGE_safe_01",
		"info.date_created": "2021-04-09 09:00:00",
		"info.src_path": "/dataSet/change",
		"info.label_path": "/dataSet/change",
		"info.category": 2,
		"info.type": 1
	},
	"images": {
		"images.id": "2017_DJG_1LB_000067.tif",
		"images.type": "TIF",
		"images.data_captured": "2021-10-29 02:00:14",
		"images.size": 1812,
		"images.width": 1508,
		"images.height": 754,
		"images.h_resolution": 150,
		"images.v_resolution": 150,
		"images.bit": 24
	},
	"annotations": [
		{
			"polygon.id": "PLG_000000",
			"polygon.name": "building",
			"polygon.points": [
				[
					895.3454696526871,
					268.06390579532916
				],
				[
					973.6434389603822,
					361.25345587465995
				],
				[
					1052.5533848210123,
					298.12314618644064
				],
				[
					980.6151958061616,
					211.85758777738891
				],
				[
					938.9763897607588,
					244.4126604240775
				],
				[
					931.2726010497315,
					239.27680128339256
				]
			],
			"polygon.shape": 0,
			"polygon.shift": 2,
			"polygon.updates": [
				2
			]
		},
		{
			"polygon.id": "PLG_000001",
			"polygon.name": "building",
			"polygon.points": [
				[
					755.9072754210242,
					530.8083804143126
				],
				[
					833.2299136392594,
					614.0232281402012
				],
				[
					759.2735420133963,
					684.2817811847713
				]
			],
			"polygon.shape": 1,
			"polygon.shift": 2,
			"polygon.updates": [
				3
			]
		}
	]
}