{
	"info": {
		"info.name": "항공영상 도시건물 변화탐지 데이터",
		"info.id": "TIFF_CHANGE_safe_01",
		"info.date_created": "2021-04-09 09:00:00",
		"info.src_path": "/dataSet/change",
		"info.label_path": "/dataSet/change",
		"info.category": 2,
		"info.type": 1
	},
	"images": {
		"images.id": "2017_DJG_1LB_000003.tif",
		"images.type": "TIF",
		"images.data_captured": "2021-10-29 02:00:08",
		"images.size": 1689,
		"images.width": 1508,
		"images.height": 754,
		"images.h_resolution": 150,
		"images.v_resolution": 150,
		"images.bit": 24
	},
	"annotations": [
		{
			"polygon.id": "PLG_000000",
			"polygon.name": "building",
			"polygon.points": [
				[
					841.4294662496321,
					321.3040252489843
				],
				[
					889.2709188299133,
					441.16719900322244
				],
				[
					1142.3103651365018,
					341.4466192170819
				],
				[
					1144.173749873552,
					352.6269276393832
				],
				[
					1190.7583682998074,
					333.99308026888104
				],
				[
					1188.8949835627573,
					320.9493871095294
				],
				[
					1440.2952713197408,
					215.7501254057189
				],
				[
					1416.894581511446,
					157.76843736682832
				],
				[
					1438.5885383274863,
					145.79122182680905
				],
				[
					1417.379466740056,
					89.6113626160928
				],
				[
					1392.367304638281,
					102.55995993952436
				],
				[
					1390.1405351641806,
					99.2066034005536
				]
			],
			"polygon.shape": 0,
			"polygon.shift": 2,
			"polygon.updates": [
				3
			]
		}
	]
}