{
	"info": {
		"info.name": "항공영상 도시건물 변화탐지 데이터",
		"info.id": "TIFF_CHANGE_safe_01",
		"info.date_created": "2021-04-09 09:00:00",
		"info.src_path": "/dataSet/change",
		"info.label_path": "/dataSet/change",
		"info.category": 2,
		"info.type": 1
	},
	"images": {
		"images.id": "2017_DJG_1LB_000194.tif",
		"images.type": "TIF",
		"images.data_captured": "2021-10-29 02:00:26",
		"images.size": 1719,
		"images.width": 1508,
		"images.height": 754,
		"images.h_resolution": 150,
		"images.v_resolution": 150,
		"images.bit": 24
	},
	"annotations": [
		{
			"polygon.id": "PLG_000000",
			"polygon.name": "building",
			"polygon.points": [
				[
					755.5331986769326,
					239.09015792732941
				],
				[
					816.6738050388335,
					287.91916676969106
				],
				[
					755.5956530462947,
					368.5401015966909
				]
			],
			"polygon.shape": 1,
			"polygon.shift": 2,
			"polygon.updates": [
				3
			]
		},
		{
			"polygon.id": "PLG_000001",
			"polygon.name": "building",
			"polygon.points": [
				[
					757.4446689668034,
					514.1543929644405
				],
				[
					836.9477684646063,
					564.0749438118982
				],
				[
					766.6892154200364,
					684.2540477039257
				],
				[
					758.2664177736228,
					680.6761213954047
				]
			],
			"polygon.shape": 1,
			"polygon.shift": 2,
			"polygon.updates": [
				3
			]
		}
	]
}