{
	"info": {
		"info.name": "항공영상 도시건물 변화탐지 데이터",
		"info.id": "TIFF_CHANGE_safe_01",
		"info.date_created": "2021-04-09 09:00:00",
		"info.src_path": "/dataSet/change",
		"info.label_path": "/dataSet/change",
		"info.category": 2,
		"info.type": 1
	},
	"images": {
		"images.id": "2017_DJG_1LB_000222.tif",
		"images.type": "TIF",
		"images.data_captured": "2021-10-29 02:00:28",
		"images.size": 1521,
		"images.width": 1508,
		"images.height": 754,
		"images.h_resolution": 150,
		"images.v_resolution": 150,
		"images.bit": 24
	},
	"annotations": [
		{
			"polygon.id": "PLG_000000",
			"polygon.name": "building",
			"polygon.points": [
				[
					756.2957733643532,
					290.02379170222764
				],
				[
					772.2907250470809,
					271.6550665315174
				],
				[
					859.8994742053834,
					233.52414188988416
				],
				[
					909.1308851224105,
					356.58804143126173
				],
				[
					798.1963276836159,
					405.3992467043314
				],
				[
					811.5084745762713,
					436.46092278719397
				],
				[
					806.9124946737558,
					457.66401982142594
				],
				[
					756.6568765716197,
					483.1529320797605
				]
			],
			"polygon.shape": 1,
			"polygon.shift": 2,
			"polygon.updates": [
				1,
				3
			]
		}
	]
}