{
	"info": {
		"info.name": "항공영상 도시건물 변화탐지 데이터",
		"info.id": "TIFF_CHANGE_safe_01",
		"info.date_created": "2021-04-09 09:00:00",
		"info.src_path": "/dataSet/change",
		"info.label_path": "/dataSet/change",
		"info.category": 2,
		"info.type": 1
	},
	"images": {
		"images.id": "2017_DJG_1LB_000118.tif",
		"images.type": "TIF",
		"images.data_captured": "2021-10-29 02:00:18",
		"images.size": 1867,
		"images.width": 1508,
		"images.height": 754,
		"images.h_resolution": 150,
		"images.v_resolution": 150,
		"images.bit": 24
	},
	"annotations": [
		{
			"polygon.id": "PLG_000000",
			"polygon.name": "building",
			"polygon.points": [
				[
					1314.9981113116414,
					580.850055799679
				],
				[
					1456.2342376804772,
					645.0482950582408
				],
				[
					1408.7275406291415,
					747.7654778719397
				],
				[
					1377.9123857850318,
					750.3334074422821
				],
				[
					1343.2453365854085,
					732.3579004498848
				],
				[
					1341.9613718002372,
					723.3701469536861
				],
				[
					1291.2664988276579,
					699.2857807823788
				],
				[
					1311.94070958148,
					653.4158022035383
				],
				[
					1291.886745178559,
					641.196400702727
				]
			],
			"polygon.shape": 1,
			"polygon.shift": 2,
			"polygon.updates": [
				3
			]
		}
	]
}