{
	"info": {
		"info.name": "항공영상 도시건물 변화탐지 데이터",
		"info.id": "TIFF_CHANGE_safe_01",
		"info.date_created": "2021-04-09 09:00:00",
		"info.src_path": "/dataSet/change",
		"info.label_path": "/dataSet/change",
		"info.category": 2,
		"info.type": 1
	},
	"images": {
		"images.id": "2017_DJG_1LB_000192.tif",
		"images.type": "TIF",
		"images.data_captured": "2021-10-29 02:00:26",
		"images.size": 1813,
		"images.width": 1508,
		"images.height": 754,
		"images.h_resolution": 150,
		"images.v_resolution": 150,
		"images.bit": 24
	},
	"annotations": [
		{
			"polygon.id": "PLG_000000",
			"polygon.name": "building",
			"polygon.points": [
				[
					4.272672069125406,
					590.3519382239953
				],
				[
					68.51170494959638,
					692.7728342749531
				],
				[
					85.12698598915011,
					714.0315184801187
				],
				[
					75.79048964218441,
					720.8971280602636
				],
				[
					30.896965854436218,
					754.6901655726178
				],
				[
					4.272672069125434,
					752.0073607825453
				]
			],
			"polygon.shape": 1,
			"polygon.shift": 2,
			"polygon.updates": [
				4,
				3
			]
		}
	]
}