{
	"info": {
		"info.name": "항공영상 도시건물 변화탐지 데이터",
		"info.id": "TIFF_CHANGE_safe_01",
		"info.date_created": "2021-04-09 09:00:00",
		"info.src_path": "/dataSet/change",
		"info.label_path": "/dataSet/change",
		"info.category": 2,
		"info.type": 1
	},
	"images": {
		"images.id": "2017_DJG_1LB_000076.tif",
		"images.type": "TIF",
		"images.data_captured": "2021-10-29 02:00:14",
		"images.size": 1953,
		"images.width": 1508,
		"images.height": 754,
		"images.h_resolution": 150,
		"images.v_resolution": 150,
		"images.bit": 24
	},
	"annotations": [
		{
			"polygon.id": "PLG_000000",
			"polygon.name": "building",
			"polygon.points": [
				[
					1087.8604939031802,
					493.43283640545064
				],
				[
					1086.7959006281071,
					603.8215223423815
				],
				[
					1178.7163662260552,
					602.8673938442454
				],
				[
					1181.045522151768,
					482.3393806615712
				],
				[
					1087.8604939031802,
					480.1206895127953
				]
			],
			"polygon.shape": 0,
			"polygon.shift": 2,
			"polygon.updates": [
				3
			]
		},
		{
			"polygon.id": "PLG_000001",
			"polygon.name": "building",
			"polygon.points": [
				[
					1100.464728499686,
					347.74728062417796
				],
				[
					1098.260731840865,
					439.52269233212337
				],
				[
					1097.1305249147945,
					474.3524983724308
				],
				[
					1105.9404453253924,
					475.311976943997
				],
				[
					1180.8584805966377,
					477.65184975476484
				],
				[
					1184.048303089976,
					346.9255431616683
				]
			],
			"polygon.shape": 0,
			"polygon.shift": 2,
			"polygon.updates": [
				3
			]
		},
		{
			"polygon.id": "PLG_000002",
			"polygon.name": "building",
			"polygon.points": [
				[
					1054.2012952895643,
					623.4402703985577
				],
				[
					1059.2771107972378,
					734.8428345365139
				],
				[
					1200.515423126667,
					726.6855035444296
				],
				[
					1200.057284148666,
					651.1522131310994
				],
				[
					1184.0784879158819,
					651.6419164574179
				],
				[
					1179.9912724547332,
					613.7014239220623
				],
				[
					1055.211591963246,
					616.7757071974211
				]
			],
			"polygon.shape": 0,
			"polygon.shift": 2,
			"polygon.updates": [
				3
			]
		}
	]
}