{
	"info": {
		"info.name": "항공영상 도시건물 변화탐지 데이터",
		"info.id": "TIFF_CHANGE_safe_01",
		"info.date_created": "2021-04-09 09:00:00",
		"info.src_path": "/dataSet/change",
		"info.label_path": "/dataSet/change",
		"info.category": 2,
		"info.type": 1
	},
	"images": {
		"images.id": "2017_DJG_1LB_000106.tif",
		"images.type": "TIF",
		"images.data_captured": "2021-10-29 02:00:16",
		"images.size": 1899,
		"images.width": 1508,
		"images.height": 754,
		"images.h_resolution": 150,
		"images.v_resolution": 150,
		"images.bit": 24
	},
	"annotations": [
		{
			"polygon.id": "PLG_000000",
			"polygon.name": "building",
			"polygon.points": [
				[
					1235.2030498962379,
					100.58937539234141
				],
				[
					1198.8267027620836,
					181.3569028037387
				],
				[
					1337.1459902699307,
					242.6064814814814
				],
				[
					1373.8538893930054,
					157.94027800583626
				]
			],
			"polygon.shape": 0,
			"polygon.shift": 2,
			"polygon.updates": [
				1,
				3
			]
		},
		{
			"polygon.id": "PLG_000001",
			"polygon.name": "building",
			"polygon.points": [
				[
					754.7429913711914,
					80.25137319522902
				],
				[
					895.2080255551549,
					141.30009439001708
				],
				[
					859.8744638949823,
					230.61486441637953
				],
				[
					836.4491604462172,
					221.9981925945125
				],
				[
					840.7748536588763,
					211.54996878372435
				],
				[
					755.1405449120815,
					177.5352450263449
				]
			],
			"polygon.shape": 1,
			"polygon.shift": 2,
			"polygon.updates": [
				3
			]
		}
	]
}