{
	"info": {
		"info.name": "항공영상 도시건물 변화탐지 데이터",
		"info.id": "TIFF_CHANGE_safe_01",
		"info.date_created": "2021-04-09 09:00:00",
		"info.src_path": "/dataSet/change",
		"info.label_path": "/dataSet/change",
		"info.category": 2,
		"info.type": 1
	},
	"images": {
		"images.id": "2017_DJG_1LB_000264.tif",
		"images.type": "TIF",
		"images.data_captured": "2021-10-29 02:00:32",
		"images.size": 1861,
		"images.width": 1508,
		"images.height": 754,
		"images.h_resolution": 150,
		"images.v_resolution": 150,
		"images.bit": 24
	},
	"annotations": [
		{
			"polygon.id": "PLG_000000",
			"polygon.name": "building",
			"polygon.points": [
				[
					1284.4619363360534,
					177.9444399034549
				],
				[
					1398.5732562477488,
					181.79429317500174
				],
				[
					1397.878825692846,
					296.7111825317942
				],
				[
					1291.9517309162188,
					295.64121187748486
				],
				[
					1294.0916722248376,
					277.4517107542257
				],
				[
					1282.3219950274347,
					273.1718281369882
				]
			],
			"polygon.shape": 0,
			"polygon.shift": 2,
			"polygon.updates": [
				1,
				3
			]
		},
		{
			"polygon.id": "PLG_000001",
			"polygon.name": "building",
			"polygon.points": [
				[
					1270.0201292714094,
					639.0411712808703
				],
				[
					1267.281737310403,
					623.1510566939783
				],
				[
					1397.4398238665208,
					603.2160375761432
				],
				[
					1402.7896771380674,
					629.0736617219528
				],
				[
					1379.6069796280312,
					631.7485883577262
				],
				[
					1424.1890902242546,
					721.8044517620976
				],
				[
					1404.5729615619164,
					736.0707271528892
				]
			],
			"polygon.shape": 0,
			"polygon.shift": 2,
			"polygon.updates": [
				4,
				3,
				1
			]
		},
		{
			"polygon.id": "PLG_000002",
			"polygon.name": "building",
			"polygon.points": [
				[
					1450.7484156529629,
					746.8235564946119
				],
				[
					1418.123286775476,
					654.4484922824975
				],
				[
					1507.96212425145,
					643.2048243333006
				],
				[
					1508.185034804431,
					747.1603991080057
				]
			],
			"polygon.shape": 1,
			"polygon.shift": 2,
			"polygon.updates": [
				1,
				3
			]
		},
		{
			"polygon.id": "PLG_000003",
			"polygon.name": "building",
			"polygon.points": [
				[
					604.4930027588711,
					449.12265259732123
				],
				[
					617.4589391013344,
					449.39830033184336
				],
				[
					615.4217705350187,
					424.72732167906776
				],
				[
					668.8175305081838,
					408.3114272063638
				],
				[
					709.6883684188346,
					402.84030781146345
				],
				[
					731.8741007739811,
					575.8768353220379
				],
				[
					740.719558477773,
					579.0787436341382
				],
				[
					740.719558477773,
					603.4740745523916
				],
				[
					630.7992137526892,
					620.3675250717178
				],
				[
					629.9331924944469,
					583.5806240330653
				],
				[
					619.8108334568481,
					584.1780610081498
				],
				[
					619.7512209371547,
					563.6346244454102
				],
				[
					595.6315377534233,
					563.6711662120833
				],
				[
					592.9373196923299,
					544.4046309831505
				],
				[
					617.6012348937412,
					542.792469395128
				]
			],
			"polygon.shape": 0,
			"polygon.shift": 2,
			"polygon.updates": [
				4,
				1,
				3
			]
		},
		{
			"polygon.id": "PLG_000004",
			"polygon.name": "building",
			"polygon.points": [
				[
					1112.8737432830649,
					328.987338938002
				],
				[
					1114.0082794052505,
					414.6448161630169
				],
				[
					1236.5381806012983,
					414.0775481019241
				],
				[
					1238.2399847845768,
					331.823679243466
				]
			],
			"polygon.shape": 0,
			"polygon.shift": 2,
			"polygon.updates": [
				3
			]
		}
	]
}