{
	"info": {
		"info.name": "항공영상 도시건물 변화탐지 데이터",
		"info.id": "TIFF_CHANGE_safe_01",
		"info.date_created": "2021-04-09 09:00:00",
		"info.src_path": "/dataSet/change",
		"info.label_path": "/dataSet/change",
		"info.category": 2,
		"info.type": 1
	},
	"images": {
		"images.id": "2017_DJG_1LB_000127.tif",
		"images.type": "TIF",
		"images.data_captured": "2021-10-29 02:00:18",
		"images.size": 1766,
		"images.width": 1508,
		"images.height": 754,
		"images.h_resolution": 150,
		"images.v_resolution": 150,
		"images.bit": 24
	},
	"annotations": [
		{
			"polygon.id": "PLG_000000",
			"polygon.name": "building",
			"polygon.points": [
				[
					754.0000000000001,
					223.6440677966102
				],
				[
					864.8422945270867,
					280.0980914685262
				],
				[
					990.2617361520811,
					3.4037601552671104
				],
				[
					801.0187009754773,
					4.444281412829795
				],
				[
					755.0265916107703,
					108.39041444945285
				]
			],
			"polygon.shape": 1,
			"polygon.shift": 2,
			"polygon.updates": [
				3
			]
		},
		{
			"polygon.id": "PLG_000001",
			"polygon.name": "building",
			"polygon.points": [
				[
					1078.467915342862,
					61.265678481223645
				],
				[
					1077.7661598982918,
					149.29960777253518
				],
				[
					1249.3518849909844,
					149.28225047080974
				],
				[
					1246.756512868801,
					54.63896735718764
				],
				[
					1078.5265523766209,
					56.871500541931724
				]
			],
			"polygon.shape": 0,
			"polygon.shift": 2,
			"polygon.updates": [
				4,
				1,
				3
			]
		}
	]
}