{
	"info": {
		"info.name": "항공영상 도시건물 변화탐지 데이터",
		"info.id": "TIFF_CHANGE_safe_01",
		"info.date_created": "2021-04-09 09:00:00",
		"info.src_path": "/dataSet/change",
		"info.label_path": "/dataSet/change",
		"info.category": 2,
		"info.type": 1
	},
	"images": {
		"images.id": "2017_DJG_1LB_000191.tif",
		"images.type": "TIF",
		"images.data_captured": "2021-10-29 02:00:24",
		"images.size": 1906,
		"images.width": 1508,
		"images.height": 754,
		"images.h_resolution": 150,
		"images.v_resolution": 150,
		"images.bit": 24
	},
	"annotations": [
		{
			"polygon.id": "PLG_000000",
			"polygon.name": "building",
			"polygon.points": [
				[
					754.7692983962216,
					35.80231622827021
				],
				[
					800.1230281207133,
					1.988262268663803
				],
				[
					840.3619283735734,
					47.21366241843759
				],
				[
					806.4711537081146,
					81.46779045852945
				],
				[
					821.5224412069006,
					114.33518097114691
				],
				[
					804.4029107379508,
					123.96491685993118
				],
				[
					806.5428520465696,
					127.17482882285927
				],
				[
					795.8431455034759,
					130.38474078578736
				],
				[
					766.953937837123,
					127.17482882285927
				],
				[
					754.7692983962218,
					130.31806481472972
				]
			],
			"polygon.shape": 1,
			"polygon.shift": 2,
			"polygon.updates": [
				3
			]
		},
		{
			"polygon.id": "PLG_000001",
			"polygon.name": "building",
			"polygon.points": [
				[
					1127.9740335321196,
					474.74090649106273
				],
				[
					1210.3638149979074,
					563.0224615505335
				],
				[
					1283.549807752668,
					485.9845744402595
				],
				[
					1212.1997127030018,
					409.75059173424125
				],
				[
					1181.9005545093114,
					438.2738958558489
				],
				[
					1174.4128010131128,
					430.7740886778963
				]
			],
			"polygon.shape": 0,
			"polygon.shift": 2,
			"polygon.updates": [
				3
			]
		},
		{
			"polygon.id": "PLG_000002",
			"polygon.name": "building",
			"polygon.points": [
				[
					1336.7357848642966,
					745.8400735028897
				],
				[
					1366.4268558509386,
					717.0088683855815
				],
				[
					1337.6035902937406,
					685.6815742832291
				],
				[
					1380.766503702651,
					646.8588119003251
				],
				[
					1344.3495241026617,
					607.8618490482397
				],
				[
					1270.369639541432,
					675.7100422132071
				]
			],
			"polygon.shape": 0,
			"polygon.shift": 2,
			"polygon.updates": [
				3
			]
		}
	]
}