{
	"info": {
		"info.name": "항공영상 도시건물 변화탐지 데이터",
		"info.id": "TIFF_CHANGE_safe_01",
		"info.date_created": "2021-04-09 09:00:00",
		"info.src_path": "/dataSet/change",
		"info.label_path": "/dataSet/change",
		"info.category": 2,
		"info.type": 1
	},
	"images": {
		"images.id": "2017_DJG_1LB_000139.tif",
		"images.type": "TIF",
		"images.data_captured": "2021-10-29 02:00:20",
		"images.size": 1558,
		"images.width": 1508,
		"images.height": 754,
		"images.h_resolution": 150,
		"images.v_resolution": 150,
		"images.bit": 24
	},
	"annotations": [
		{
			"polygon.id": "PLG_000000",
			"polygon.name": "building",
			"polygon.points": [
				[
					1491.9929068715055,
					566.469671076794
				],
				[
					1506.3905572722626,
					548.9580886156243
				],
				[
					1505.8745606218433,
					367.6170513869228
				],
				[
					1360.5484384031245,
					450.33090165180874
				],
				[
					1375.338140796101,
					480.32805732594187
				],
				[
					1386.0658120948788,
					475.5221654604982
				],
				[
					1405.6011379445301,
					508.26122639839775
				],
				[
					1390.8717039603223,
					515.3109790350857
				],
				[
					1397.4154725443775,
					529.4964516131904
				],
				[
					1410.2930977495612,
					524.6625949920628
				]
			],
			"polygon.shape": 1,
			"polygon.shift": 2,
			"polygon.updates": [
				1,
				3
			]
		}
	]
}