{
	"info": {
		"info.name": "항공영상 도시건물 변화탐지 데이터",
		"info.id": "TIFF_CHANGE_safe_01",
		"info.date_created": "2021-04-09 09:00:00",
		"info.src_path": "/dataSet/change",
		"info.label_path": "/dataSet/change",
		"info.category": 2,
		"info.type": 1
	},
	"images": {
		"images.id": "2017_DJG_1LB_000052.tif",
		"images.type": "TIF",
		"images.data_captured": "2021-10-29 02:00:12",
		"images.size": 1651,
		"images.width": 1508,
		"images.height": 754,
		"images.h_resolution": 150,
		"images.v_resolution": 150,
		"images.bit": 24
	},
	"annotations": [
		{
			"polygon.id": "PLG_000000",
			"polygon.name": "building",
			"polygon.points": [
				[
					1075.5565493923164,
					441.04602718562506
				],
				[
					1234.288347148392,
					504.46424462768107
				],
				[
					1213.1688703022212,
					557.5748075188632
				],
				[
					1222.1566237984198,
					566.5625610150619
				],
				[
					1193.9573884759102,
					630.0408220901294
				],
				[
					1155.1985271181943,
					612.2931792185572
				],
				[
					1161.8102788953718,
					603.7975397850277
				],
				[
					1118.1554761995496,
					587.1059975778015
				],
				[
					1128.4872381139312,
					565.8305291498139
				],
				[
					1096.6641973324904,
					546.3311395696663
				],
				[
					1099.2080195393253,
					532.9754950675347
				],
				[
					1048.3533711011414,
					509.05999975443916
				]
			],
			"polygon.shape": 0,
			"polygon.shift": 0,
			"polygon.updates": [
				4
			]
		}
	]
}