{
	"info": {
		"info.name": "항공영상 도시건물 변화탐지 데이터",
		"info.id": "TIFF_CHANGE_safe_01",
		"info.date_created": "2021-04-09 09:00:00",
		"info.src_path": "/dataSet/change",
		"info.label_path": "/dataSet/change",
		"info.category": 2,
		"info.type": 1
	},
	"images": {
		"images.id": "2017_DJG_1LB_000043.tif",
		"images.type": "TIF",
		"images.data_captured": "2021-10-29 02:00:10",
		"images.size": 1576,
		"images.width": 1508,
		"images.height": 754,
		"images.h_resolution": 150,
		"images.v_resolution": 150,
		"images.bit": 24
	},
	"annotations": [
		{
			"polygon.id": "PLG_000000",
			"polygon.name": "building",
			"polygon.points": [
				[
					317.02046936788184,
					753.2086251224368
				],
				[
					315.21016211941486,
					674.7502471332541
				],
				[
					414.3728149647111,
					673.0997185288555
				],
				[
					415.13470802637363,
					692.3389885353439
				],
				[
					427.61404395857915,
					693.8343635155089
				],
				[
					426.1694981756734,
					713.5153082713726
				],
				[
					435.43822626655094,
					715.5012282107926
				],
				[
					436.2205783949331,
					752.9980172811089
				]
			],
			"polygon.shape": 1,
			"polygon.shift": 2,
			"polygon.updates": [
				4,
				3
			]
		}
	]
}