{
	"info": {
		"info.name": "항공영상 도시건물 변화탐지 데이터",
		"info.id": "TIFF_CHANGE_safe_01",
		"info.date_created": "2021-04-09 09:00:00",
		"info.src_path": "/dataSet/change",
		"info.label_path": "/dataSet/change",
		"info.category": 2,
		"info.type": 1
	},
	"images": {
		"images.id": "2017_DJG_1LB_000115.tif",
		"images.type": "TIF",
		"images.data_captured": "2021-10-29 02:00:18",
		"images.size": 1579,
		"images.width": 1508,
		"images.height": 754,
		"images.h_resolution": 150,
		"images.v_resolution": 150,
		"images.bit": 24
	},
	"annotations": [
		{
			"polygon.id": "PLG_000000",
			"polygon.name": "building",
			"polygon.points": [
				[
					1053.7885605823262,
					624.7773462021343
				],
				[
					1191.8069287507847,
					698.1697312263204
				],
				[
					1201.099465155275,
					676.761883651269
				],
				[
					1212.4938402385437,
					684.5876754359161
				],
				[
					1241.846847159754,
					631.9434416355857
				],
				[
					1259.8103004703971,
					595.236513197793
				],
				[
					1254.9266375898023,
					590.3166892719366
				],
				[
					1262.6304263008296,
					574.9091118498818
				],
				[
					1240.8030249529188,
					556.9336048574845
				],
				[
					1137.1018387896388,
					507.7110973670775
				],
				[
					1130.9580937116234,
					514.3708390955126
				],
				[
					1105.9867225099392,
					503.00708388029267
				],
				[
					1085.5153832619644,
					544.669997289203
				],
				[
					1090.5791450878842,
					551.7977457167996
				]
			],
			"polygon.shape": 0,
			"polygon.shift": 2,
			"polygon.updates": [
				4,
				3
			]
		},
		{
			"polygon.id": "PLG_000001",
			"polygon.name": "building",
			"polygon.points": [
				[
					1306.1044239288594,
					750.8035554010409
				],
				[
					1262.4139555445604,
					732.9707111625515
				],
				[
					1270.4387354518808,
					718.70443577176
				],
				[
					1256.1724600610892,
					711.5712980763642
				],
				[
					1261.4093123289629,
					700.5604478158366
				],
				[
					1307.8877083527084,
					601.8993060096545
				],
				[
					1327.5038370150467,
					609.0324437050504
				],
				[
					1334.1689680112809,
					591.4828838904099
				],
				[
					1468.6665909229616,
					655.1197187933154
				],
				[
					1427.3677647505872,
					751.6951976129653
				]
			],
			"polygon.shape": 1,
			"polygon.shift": 2,
			"polygon.updates": [
				4,
				3
			]
		}
	]
}