{
	"info": {
		"info.name": "항공영상 도시건물 변화탐지 데이터",
		"info.id": "TIFF_CHANGE_safe_01",
		"info.date_created": "2021-04-09 09:00:00",
		"info.src_path": "/dataSet/change",
		"info.label_path": "/dataSet/change",
		"info.category": 2,
		"info.type": 1
	},
	"images": {
		"images.id": "2017_DJG_1LB_000070.tif",
		"images.type": "TIF",
		"images.data_captured": "2021-10-29 02:00:14",
		"images.size": 1806,
		"images.width": 1508,
		"images.height": 754,
		"images.h_resolution": 150,
		"images.v_resolution": 150,
		"images.bit": 24
	},
	"annotations": [
		{
			"polygon.id": "PLG_000000",
			"polygon.name": "building",
			"polygon.points": [
				[
					1212.1976878958194,
					523.7058774846341
				],
				[
					1217.6302171014606,
					622.8023278250205
				],
				[
					1348.066799632511,
					620.7247510487804
				],
				[
					1349.3395913702116,
					628.7508408995972
				],
				[
					1414.6009259449306,
					627.1693254151861
				],
				[
					1416.141683687136,
					607.1394747665149
				],
				[
					1404.9711900561465,
					604.3147522391382
				],
				[
					1403.9012194018371,
					525.1369238202453
				]
			],
			"polygon.shape": 0,
			"polygon.shift": 2,
			"polygon.updates": [
				4,
				1,
				3
			]
		}
	]
}