{
	"info": {
		"info.name": "항공영상 도시건물 변화탐지 데이터",
		"info.id": "TIFF_CHANGE_safe_01",
		"info.date_created": "2021-04-09 09:00:00",
		"info.src_path": "/dataSet/change",
		"info.label_path": "/dataSet/change",
		"info.category": 2,
		"info.type": 1
	},
	"images": {
		"images.id": "2017_DJG_1LB_000150.tif",
		"images.type": "TIF",
		"images.data_captured": "2021-10-29 02:00:20",
		"images.size": 1658,
		"images.width": 1508,
		"images.height": 754,
		"images.h_resolution": 150,
		"images.v_resolution": 150,
		"images.bit": 24
	},
	"annotations": [
		{
			"polygon.id": "PLG_000000",
			"polygon.name": "building",
			"polygon.points": [
				[
					758.9236140701357,
					686.0354526842306
				],
				[
					776.2431460516601,
					685.8980424735059
				],
				[
					778.3066604132026,
					661.1489143101593
				],
				[
					834.1391242937852,
					659.4837570621471
				],
				[
					834.1391242937852,
					668.3585216572505
				],
				[
					856.3221427236793,
					670.7972016407574
				],
				[
					853.9660413641789,
					754.4713527694717
				],
				[
					757.7710326548122,
					753.6800634574686
				]
			],
			"polygon.shape": 1,
			"polygon.shift": 2,
			"polygon.updates": [
				4,
				3
			]
		},
		{
			"polygon.id": "PLG_000001",
			"polygon.name": "building",
			"polygon.points": [
				[
					947.5413949074584,
					612.7605783918826
				],
				[
					946.04949496931,
					699.420197740113
				],
				[
					998.6920511613307,
					696.8522681697706
				],
				[
					997.4080863761594,
					708.4079512363116
				],
				[
					1082.149762197461,
					707.1239864511405
				],
				[
					1079.8018214618494,
					596.9410842837756
				],
				[
					979.2406515324409,
					596.0569825029027
				],
				[
					967.2188102119558,
					611.906610815394
				]
			],
			"polygon.shape": 0,
			"polygon.shift": 2,
			"polygon.updates": [
				3,
				4
			]
		},
		{
			"polygon.id": "PLG_000002",
			"polygon.name": "building",
			"polygon.points": [
				[
					1407.1329590831415,
					365.3777561989956
				],
				[
					1411.7959900519634,
					425.0186091996232
				],
				[
					1505.7345004477738,
					418.5569690581049
				],
				[
					1506.4394804509677,
					364.7735837170846
				],
				[
					1451.9634530071069,
					365.77717289297453
				],
				[
					1450.2602675918579,
					356.6087581603178
				],
				[
					1412.506353818992,
					353.68238826789366
				]
			],
			"polygon.shape": 0,
			"polygon.shift": 2,
			"polygon.updates": [
				3
			]
		}
	]
}