{
	"info": {
		"info.name": "항공영상 도시건물 변화탐지 데이터",
		"info.id": "TIFF_CHANGE_safe_01",
		"info.date_created": "2021-04-09 09:00:00",
		"info.src_path": "/dataSet/change",
		"info.label_path": "/dataSet/change",
		"info.category": 2,
		"info.type": 1
	},
	"images": {
		"images.id": "2017_DJG_1LB_000182.tif",
		"images.type": "TIF",
		"images.data_captured": "2021-10-29 02:00:24",
		"images.size": 1820,
		"images.width": 1508,
		"images.height": 754,
		"images.h_resolution": 150,
		"images.v_resolution": 150,
		"images.bit": 24
	},
	"annotations": [
		{
			"polygon.id": "PLG_000000",
			"polygon.name": "building",
			"polygon.points": [
				[
					1259.6505043451125,
					655.5172303306131
				],
				[
					1217.6109674426118,
					607.7872658553963
				],
				[
					1324.4320160961572,
					521.5120645009415
				],
				[
					1369.106758411064,
					569.7843189506785
				],
				[
					1335.7523780570632,
					603.7651402757183
				],
				[
					1349.592904412812,
					634.9904441465712
				],
				[
					1328.984602744359,
					650.8949571039966
				],
				[
					1312.0987219494612,
					654.576620235346
				],
				[
					1293.0791679744716,
					652.4692403793553
				]
			],
			"polygon.shape": 1,
			"polygon.shift": 2,
			"polygon.updates": [
				3
			]
		}
	]
}