{
	"info": {
		"info.name": "항공영상 도시건물 변화탐지 데이터",
		"info.id": "TIFF_CHANGE_safe_01",
		"info.date_created": "2021-04-09 09:00:00",
		"info.src_path": "/dataSet/change",
		"info.label_path": "/dataSet/change",
		"info.category": 2,
		"info.type": 1
	},
	"images": {
		"images.id": "2017_DJG_1LB_000126.tif",
		"images.type": "TIF",
		"images.data_captured": "2021-10-29 02:00:18",
		"images.size": 1714,
		"images.width": 1508,
		"images.height": 754,
		"images.h_resolution": 150,
		"images.v_resolution": 150,
		"images.bit": 24
	},
	"annotations": [
		{
			"polygon.id": "PLG_000000",
			"polygon.name": "building",
			"polygon.points": [
				[
					757.453567844025,
					631.7124163194862
				],
				[
					870.3402108133192,
					378.7698987976914
				],
				[
					891.4413217875953,
					362.49702041459363
				],
				[
					916.2439510084146,
					357.3571000853464
				],
				[
					995.5114300254777,
					394.8929460990398
				],
				[
					990.4237288135595,
					408.94915254237293
				],
				[
					1041.6765062492493,
					430.13594924737174
				],
				[
					889.2973579678719,
					754
				],
				[
					759.7765537086441,
					751.7402212885411
				]
			],
			"polygon.shape": 1,
			"polygon.shift": 2,
			"polygon.updates": [
				3
			]
		},
		{
			"polygon.id": "PLG_000001",
			"polygon.name": "building",
			"polygon.points": [
				[
					1080.4100070330842,
					672.380561319585
				],
				[
					1080.4100070330842,
					580.5414134913647
				],
				[
					1251.6053117225824,
					580.5414134913647
				],
				[
					1250.7136695106578,
					674.1638457434339
				]
			],
			"polygon.shape": 0,
			"polygon.shift": 2,
			"polygon.updates": [
				4,
				1,
				3
			]
		}
	]
}