{
	"info": {
		"info.name": "항공영상 도시건물 변화탐지 데이터",
		"info.id": "TIFF_CHANGE_safe_01",
		"info.date_created": "2021-04-09 09:00:00",
		"info.src_path": "/dataSet/change",
		"info.label_path": "/dataSet/change",
		"info.category": 2,
		"info.type": 1
	},
	"images": {
		"images.id": "2017_DJG_1LB_000065.tif",
		"images.type": "TIF",
		"images.data_captured": "2021-10-29 02:00:12",
		"images.size": 1829,
		"images.width": 1508,
		"images.height": 754,
		"images.h_resolution": 150,
		"images.v_resolution": 150,
		"images.bit": 24
	},
	"annotations": [
		{
			"polygon.id": "PLG_000000",
			"polygon.name": "building",
			"polygon.points": [
				[
					1336.1585528165117,
					433.688344708983
				],
				[
					1378.0903064734678,
					475.00090238543635
				],
				[
					1386.7330142479234,
					466.9773905914841
				],
				[
					1407.9518204645324,
					489.44326741996235
				],
				[
					1424.321717390495,
					473.7538317735674
				],
				[
					1470.8147363465162,
					511.6301789077213
				],
				[
					1507.7929221594477,
					474.65199309478976
				],
				[
					1506.2929221594477,
					419.5596596186271
				],
				[
					1441.2321876961707,
					360.01961707470184
				],
				[
					1434.8393704081852,
					366.5170929160658
				],
				[
					1422.743094789705,
					350.77507062146896
				]
			],
			"polygon.shape": 1,
			"polygon.shift": 2,
			"polygon.updates": [
				2
			]
		}
	]
}