{
	"info": {
		"info.name": "항공영상 도시건물 변화탐지 데이터",
		"info.id": "TIFF_CHANGE_safe_01",
		"info.date_created": "2021-04-09 09:00:00",
		"info.src_path": "/dataSet/change",
		"info.label_path": "/dataSet/change",
		"info.category": 2,
		"info.type": 1
	},
	"images": {
		"images.id": "2017_DJG_1LB_000151.tif",
		"images.type": "TIF",
		"images.data_captured": "2021-10-29 02:00:22",
		"images.size": 1738,
		"images.width": 1508,
		"images.height": 754,
		"images.h_resolution": 150,
		"images.v_resolution": 150,
		"images.bit": 24
	},
	"annotations": [
		{
			"polygon.id": "PLG_000000",
			"polygon.name": "building",
			"polygon.points": [
				[
					755.5402107071383,
					159.9428730730048
				],
				[
					773.4653170119271,
					159.46472849968615
				],
				[
					773.900068330932,
					135.0042942764328
				],
				[
					823.3858678593847,
					135.42890772128064
				],
				[
					837.3223741176487,
					145.15159874783217
				],
				[
					852.7154871215989,
					144.72144412577128
				],
				[
					843.1700213289773,
					283.99147960304236
				],
				[
					754.2506913212246,
					280.7672088981237
				]
			],
			"polygon.shape": 1,
			"polygon.shift": 2,
			"polygon.updates": [
				4,
				3
			]
		},
		{
			"polygon.id": "PLG_000001",
			"polygon.name": "building",
			"polygon.points": [
				[
					756.2712846685879,
					299.6430631723367
				],
				[
					832.6304143126176,
					305.5285624607659
				],
				[
					828.8947436542238,
					346.4676341172788
				],
				[
					834.4793236032642,
					349.9023854362838
				],
				[
					828.9325957313245,
					418.3120291902072
				],
				[
					821.5369585687381,
					420.1609384808538
				],
				[
					818.9191232395412,
					454.6929730213053
				],
				[
					756.8731233473655,
					451.5111510904313
				]
			],
			"polygon.shape": 1,
			"polygon.shift": 2,
			"polygon.updates": [
				4,
				3
			]
		},
		{
			"polygon.id": "PLG_000002",
			"polygon.name": "building",
			"polygon.points": [
				[
					943.3978843916396,
					89.1683233780155
				],
				[
					944.2148003814477,
					175.85198272737426
				],
				[
					993.8344318895165,
					175.25014404859667
				],
				[
					995.3344318895165,
					181.6516399874451
				],
				[
					1074.8375313873194,
					177.95382140615192
				],
				[
					1074.8375313873194,
					70.71708254865034
				],
				[
					973.8407422861065,
					71.88290782910498
				],
				[
					965.7518832391712,
					89.20617545511611
				]
			],
			"polygon.shape": 0,
			"polygon.shift": 2,
			"polygon.updates": [
				3,
				4
			]
		}
	]
}