{
	"info": {
		"info.name": "항공영상 도시건물 변화탐지 데이터",
		"info.id": "TIFF_CHANGE_safe_01",
		"info.date_created": "2021-04-09 09:00:00",
		"info.src_path": "/dataSet/change",
		"info.label_path": "/dataSet/change",
		"info.category": 2,
		"info.type": 1
	},
	"images": {
		"images.id": "2017_DJG_1LB_000050.tif",
		"images.type": "TIF",
		"images.data_captured": "2021-10-29 02:00:12",
		"images.size": 1924,
		"images.width": 1508,
		"images.height": 754,
		"images.h_resolution": 150,
		"images.v_resolution": 150,
		"images.bit": 24
	},
	"annotations": [
		{
			"polygon.id": "PLG_000000",
			"polygon.name": "building",
			"polygon.points": [
				[
					1001.6582113896009,
					665.666515381078
				],
				[
					1038.4723350355382,
					681.6530658127424
				],
				[
					1026.543014467673,
					715.3449162320635
				],
				[
					1142.0312280972935,
					748.2658721811957
				],
				[
					1171.3742422349887,
					664.4999107392825
				],
				[
					1163.670453523961,
					655.2553642860497
				],
				[
					1169.8742422349887,
					639.396358105218
				],
				[
					1024.9883270786752,
					595.5121061468608
				]
			],
			"polygon.shape": 0,
			"polygon.shift": 2,
			"polygon.updates": [
				4,
				3,
				1
			]
		}
	]
}