{
	"info": {
		"info.name": "항공영상 도시건물 변화탐지 데이터",
		"info.id": "TIFF_CHANGE_safe_01",
		"info.date_created": "2021-04-09 09:00:00",
		"info.src_path": "/dataSet/change",
		"info.label_path": "/dataSet/change",
		"info.category": 2,
		"info.type": 1
	},
	"images": {
		"images.id": "2017_DJG_1LB_000171.tif",
		"images.type": "TIF",
		"images.data_captured": "2021-10-29 02:00:22",
		"images.size": 1803,
		"images.width": 1508,
		"images.height": 754,
		"images.h_resolution": 150,
		"images.v_resolution": 150,
		"images.bit": 24
	},
	"annotations": [
		{
			"polygon.id": "PLG_000000",
			"polygon.name": "building",
			"polygon.points": [
				[
					1202.7409674269375,
					120.63475731498914
				],
				[
					1242.5438757672457,
					141.17819387772892
				],
				[
					1247.6797349079307,
					130.90647559635903
				],
				[
					1284.9147136778965,
					148.88198258875633
				],
				[
					1311.8779741664925,
					82.11581375985207
				],
				[
					1269.5071362558417,
					64.14030676745477
				],
				[
					1264.3712771151568,
					79.5478841895096
				],
				[
					1228.4202631303622,
					67.99220112296848
				]
			],
			"polygon.shape": 0,
			"polygon.shift": 0
		},
		{
			"polygon.id": "PLG_000001",
			"polygon.name": "building",
			"polygon.points": [
				[
					415.4540262955986,
					605.70562817506
				],
				[
					510.327339890383,
					613.3193674134251
				],
				[
					514.9612971463694,
					581.0963031259447
				],
				[
					531.0108569610098,
					582.166273780254
				],
				[
					535.930680886866,
					478.38913291003274
				],
				[
					518.1712091092975,
					477.3091496579365
				],
				[
					522.451091726535,
					444.1400593743462
				],
				[
					441.13332199902334,
					440.9301474114181
				],
				[
					438.9933806904046,
					452.69982460882113
				],
				[
					440.06335134471396,
					464.4695018062241
				],
				[
					431.5035861102391,
					479.44909096655516
				],
				[
					421.32988881535164,
					487.1825414278174
				]
			],
			"polygon.shape": 1,
			"polygon.shift": 1
		}
	]
}