{
	"info": {
		"info.name": "항공영상 도시건물 변화탐지 데이터",
		"info.id": "TIFF_CHANGE_safe_01",
		"info.date_created": "2021-04-09 09:00:00",
		"info.src_path": "/dataSet/change",
		"info.label_path": "/dataSet/change",
		"info.category": 2,
		"info.type": 1
	},
	"images": {
		"images.id": "2017_DJG_1LB_000263.tif",
		"images.type": "TIF",
		"images.data_captured": "2021-10-29 02:00:32",
		"images.size": 1832,
		"images.width": 1508,
		"images.height": 754,
		"images.h_resolution": 150,
		"images.v_resolution": 150,
		"images.bit": 24
	},
	"annotations": [
		{
			"polygon.id": "PLG_000000",
			"polygon.name": "building",
			"polygon.points": [
				[
					1288.4053314882347,
					750.9186367745938
				],
				[
					1288.6153398621866,
					739.170594773963
				],
				[
					1285.0487710144887,
					739.170594773963
				],
				[
					1287.4187458926333,
					705.476531761005
				],
				[
					1401.2138951939596,
					706.3365261783704
				],
				[
					1401.8539007765942,
					751.6535857409056
				]
			],
			"polygon.shape": 1,
			"polygon.shift": 2,
			"polygon.updates": [
				1,
				3
			]
		},
		{
			"polygon.id": "PLG_000001",
			"polygon.name": "building",
			"polygon.points": [
				[
					762.9121872546522,
					408.8707102197075
				],
				[
					835.0161235363415,
					506.11611774943043
				],
				[
					830.9415250265068,
					524.9478443570304
				],
				[
					815.7627932961218,
					536.0545553286137
				],
				[
					821.0769808791918,
					546.4808249267173
				],
				[
					757.3274752104693,
					594.9187330759004
				],
				[
					754.3108120502875,
					376.9974732841143
				],
				[
					763.0825303316574,
					372.66095943061407
				],
				[
					777.4221781833697,
					400.1088394171965
				]
			],
			"polygon.shape": 1,
			"polygon.shift": 2,
			"polygon.updates": [
				3
			]
		}
	]
}