{
	"info": {
		"info.name": "항공영상 도시건물 변화탐지 데이터",
		"info.id": "TIFF_CHANGE_safe_01",
		"info.date_created": "2021-04-09 09:00:00",
		"info.src_path": "/dataSet/change",
		"info.label_path": "/dataSet/change",
		"info.category": 2,
		"info.type": 1
	},
	"images": {
		"images.id": "2017_DJG_1LB_000077.tif",
		"images.type": "TIF",
		"images.data_captured": "2021-10-29 02:00:14",
		"images.size": 1879,
		"images.width": 1508,
		"images.height": 754,
		"images.h_resolution": 150,
		"images.v_resolution": 150,
		"images.bit": 24
	},
	"annotations": [
		{
			"polygon.id": "PLG_000000",
			"polygon.name": "building",
			"polygon.points": [
				[
					758.2647485797735,
					696.2713482336117
				],
				[
					875.958389898926,
					698.8511425896542
				],
				[
					873.7432140159074,
					753.651802065452
				],
				[
					758.3712742795609,
					753.651802065452
				]
			],
			"polygon.shape": 1,
			"polygon.shift": 2,
			"polygon.updates": [
				3
			]
		},
		{
			"polygon.id": "PLG_000001",
			"polygon.name": "building",
			"polygon.points": [
				[
					1085.7753934252771,
					1.7380698417103346
				],
				[
					1083.5587314108059,
					76.35961570039328
				],
				[
					1175.6826497943277,
					77.52765785529022
				],
				[
					1179.3978256773462,
					1.7380698417103346
				]
			],
			"polygon.shape": 1,
			"polygon.shift": 2,
			"polygon.updates": [
				3
			]
		},
		{
			"polygon.id": "PLG_000002",
			"polygon.name": "building",
			"polygon.points": [
				[
					1051.6978279723662,
					102.26270262163216
				],
				[
					1055.4130038553849,
					212.23190875898337
				],
				[
					1201.0478984697152,
					201.82941628653123
				],
				[
					1200.2118141599212,
					126.06373838052286
				],
				[
					1179.602907942176,
					127.9006864560154
				],
				[
					1177.270772818396,
					86.65896391295394
				],
				[
					1085.8774460961376,
					93.34628050238746
				],
				[
					1085.8774460961376,
					99.29056191521727
				]
			],
			"polygon.shape": 0,
			"polygon.shift": 2,
			"polygon.updates": [
				3
			]
		}
	]
}