{
	"info": {
		"info.name": "항공영상 도시건물 변화탐지 데이터",
		"info.id": "TIFF_CHANGE_safe_01",
		"info.date_created": "2021-04-09 09:00:00",
		"info.src_path": "/dataSet/change",
		"info.label_path": "/dataSet/change",
		"info.category": 2,
		"info.type": 1
	},
	"images": {
		"images.id": "2017_DJG_1LB_000095.tif",
		"images.type": "TIF",
		"images.data_captured": "2021-10-29 02:00:16",
		"images.size": 1768,
		"images.width": 1508,
		"images.height": 754,
		"images.h_resolution": 150,
		"images.v_resolution": 150,
		"images.bit": 24
	},
	"annotations": [
		{
			"polygon.id": "PLG_000000",
			"polygon.name": "building",
			"polygon.points": [
				[
					979.2267341494037,
					704.3013182674201
				],
				[
					1091.1293968593482,
					747.2011771955262
				],
				[
					1099.4058380414313,
					752.3729598242311
				],
				[
					956.2024118964614,
					753.3671010479692
				]
			],
			"polygon.shape": 1,
			"polygon.shift": 2,
			"polygon.updates": [
				4,
				3
			]
		}
	]
}