{
	"info": {
		"info.name": "항공영상 도시건물 변화탐지 데이터",
		"info.id": "TIFF_CHANGE_safe_01",
		"info.date_created": "2021-04-09 09:00:00",
		"info.src_path": "/dataSet/change",
		"info.label_path": "/dataSet/change",
		"info.category": 2,
		"info.type": 1
	},
	"images": {
		"images.id": "2017_DJG_1LB_000157.tif",
		"images.type": "TIF",
		"images.data_captured": "2021-10-29 02:00:22",
		"images.size": 1523,
		"images.width": 1508,
		"images.height": 754,
		"images.h_resolution": 150,
		"images.v_resolution": 150,
		"images.bit": 24
	},
	"annotations": [
		{
			"polygon.id": "PLG_000000",
			"polygon.name": "building",
			"polygon.points": [
				[
					970.3557491106924,
					51.54900618224438
				],
				[
					1024.241512345679,
					67.82292320569154
				],
				[
					1033.4860587989117,
					61.65989223686961
				],
				[
					1122.8500078468298,
					80.1489851433354
				],
				[
					1085.3367770499142,
					213.61647047691474
				],
				[
					954.9074139464321,
					141.7792948315547
				]
			],
			"polygon.shape": 0,
			"polygon.shift": 2,
			"polygon.updates": [
				3,
				1,
				4
			]
		}
	]
}