{
	"info": {
		"info.name": "항공영상 도시건물 변화탐지 데이터",
		"info.id": "TIFF_CHANGE_safe_01",
		"info.date_created": "2021-04-09 09:00:00",
		"info.src_path": "/dataSet/change",
		"info.label_path": "/dataSet/change",
		"info.category": 2,
		"info.type": 1
	},
	"images": {
		"images.id": "2017_DJG_1LB_000195.tif",
		"images.type": "TIF",
		"images.data_captured": "2021-10-29 02:00:26",
		"images.size": 1780,
		"images.width": 1508,
		"images.height": 754,
		"images.h_resolution": 150,
		"images.v_resolution": 150,
		"images.bit": 24
	},
	"annotations": [
		{
			"polygon.id": "PLG_000000",
			"polygon.name": "building",
			"polygon.points": [
				[
					785.4314579409919,
					3.756983678593798
				],
				[
					833.503099497803,
					33.33953232893907
				],
				[
					770.6401836158193,
					151.66972693032014
				],
				[
					754,
					155.36754551161326
				],
				[
					752.1510907093534,
					3.756983678593798
				]
			],
			"polygon.shape": 1,
			"polygon.shift": 2,
			"polygon.updates": [
				3
			]
		},
		{
			"polygon.id": "PLG_000001",
			"polygon.name": "building",
			"polygon.points": [
				[
					1131.5437618842743,
					311.67006714966385
				],
				[
					1095.7782095350608,
					357.761208615238
				],
				[
					1170.6761553367164,
					393.070240207447
				],
				[
					1207.0551575832346,
					340.6416781462882
				],
				[
					1228.4545706694219,
					353.48132599800056
				],
				[
					1261.6236609530122,
					304.2626758997698
				],
				[
					1184.585773842738,
					241.1344072955174
				]
			],
			"polygon.shape": 0,
			"polygon.shift": 2,
			"polygon.updates": [
				3
			]
		},
		{
			"polygon.id": "PLG_000002",
			"polygon.name": "building",
			"polygon.points": [
				[
					1068.4251303604,
					429.41945219625
				],
				[
					1087.8982266164467,
					569.602113412848
				],
				[
					1165.0058003051356,
					556.335441379937
				],
				[
					1178.3276944983565,
					554.7729870105746
				],
				[
					1172.6734279709015,
					420.20383457922617
				],
				[
					1127.9579279137893,
					417.0670969345051
				]
			],
			"polygon.shape": 0,
			"polygon.shift": 2,
			"polygon.updates": [
				3
			]
		}
	]
}