{
	"info": {
		"info.name": "항공영상 도시건물 변화탐지 데이터",
		"info.id": "TIFF_CHANGE_safe_01",
		"info.date_created": "2021-04-09 09:00:00",
		"info.src_path": "/dataSet/change",
		"info.label_path": "/dataSet/change",
		"info.category": 2,
		"info.type": 1
	},
	"images": {
		"images.id": "2017_DJG_1LB_000086.tif",
		"images.type": "TIF",
		"images.data_captured": "2021-10-29 02:00:14",
		"images.size": 1739,
		"images.width": 1508,
		"images.height": 754,
		"images.h_resolution": 150,
		"images.v_resolution": 150,
		"images.bit": 24
	},
	"annotations": [
		{
			"polygon.id": "PLG_000000",
			"polygon.name": "building",
			"polygon.points": [
				[
					954.8931723437512,
					752.5439515412238
				],
				[
					945.7350357139744,
					735.1641604037338
				],
				[
					1070.1339061519147,
					637.82516569768
				],
				[
					1164.4282799748903,
					733.9684488113021
				],
				[
					1144.4391870684244,
					751.5866844625018
				]
			],
			"polygon.shape": 1,
			"polygon.shift": 0
		}
	]
}