{
	"info": {
		"info.name": "항공영상 도시건물 변화탐지 데이터",
		"info.id": "TIFF_CHANGE_safe_01",
		"info.date_created": "2021-04-09 09:00:00",
		"info.src_path": "/dataSet/change",
		"info.label_path": "/dataSet/change",
		"info.category": 2,
		"info.type": 1
	},
	"images": {
		"images.id": "2017_DJG_1LB_000190.tif",
		"images.type": "TIF",
		"images.data_captured": "2021-10-29 02:00:24",
		"images.size": 1710,
		"images.width": 1508,
		"images.height": 754,
		"images.h_resolution": 150,
		"images.v_resolution": 150,
		"images.bit": 24
	},
	"annotations": [
		{
			"polygon.id": "PLG_000000",
			"polygon.name": "building",
			"polygon.points": [
				[
					757.9341949104386,
					561.1426958886955
				],
				[
					799.8049472446003,
					526.8176676460673
				],
				[
					844.7437147255935,
					571.7564351270605
				],
				[
					810.5906210924226,
					606.4075732527537
				],
				[
					822.2742988480888,
					637.224544405073
				],
				[
					801.944888553219,
					659.4940287804284
				],
				[
					789.1052407015067,
					653.0742048545721
				],
				[
					769.2057633413035,
					655.6139770304812
				],
				[
					769.8457689239381,
					652.0042342002628
				],
				[
					757.8962175569677,
					656.304174150082
				]
			],
			"polygon.shape": 1,
			"polygon.shift": 2,
			"polygon.updates": [
				3
			]
		}
	]
}