{
	"info": {
		"info.name": "항공영상 도시건물 변화탐지 데이터",
		"info.id": "TIFF_CHANGE_safe_01",
		"info.date_created": "2021-04-09 09:00:00",
		"info.src_path": "/dataSet/change",
		"info.label_path": "/dataSet/change",
		"info.category": 2,
		"info.type": 1
	},
	"images": {
		"images.id": "2017_DJG_1LB_000045.tif",
		"images.type": "TIF",
		"images.data_captured": "2021-10-29 02:00:12",
		"images.size": 1636,
		"images.width": 1508,
		"images.height": 754,
		"images.h_resolution": 150,
		"images.v_resolution": 150,
		"images.bit": 24
	},
	"annotations": [
		{
			"polygon.id": "PLG_000000",
			"polygon.name": "building",
			"polygon.points": [
				[
					1369.3935066195104,
					127.91220023736318
				],
				[
					1446.4980609235004,
					123.46172125396156
				],
				[
					1453.5046232224715,
					136.53898142741048
				],
				[
					1488.0117479826608,
					131.1472431836309
				],
				[
					1497.716876821464,
					108.50194255975674
				],
				[
					1503.1086150652436,
					111.73698550602447
				],
				[
					1503.1086150652436,
					113.89368080353628
				],
				[
					1505.2653103627554,
					18.99908771301595
				],
				[
					1476.0677513104506,
					21.697654252848
				],
				[
					1475.0715761975898,
					31.93925949808691
				],
				[
					1366.1584636732425,
					39.4876930393783
				]
			],
			"polygon.shape": 1,
			"polygon.shift": 2,
			"polygon.updates": [
				3
			]
		}
	]
}