{
	"info": {
		"info.name": "항공영상 도시건물 변화탐지 데이터",
		"info.id": "TIFF_CHANGE_safe_01",
		"info.date_created": "2021-04-09 09:00:00",
		"info.src_path": "/dataSet/change",
		"info.label_path": "/dataSet/change",
		"info.category": 2,
		"info.type": 1
	},
	"images": {
		"images.id": "2017_DJG_1LB_000163.tif",
		"images.type": "TIF",
		"images.data_captured": "2021-10-29 02:00:22",
		"images.size": 1876,
		"images.width": 1508,
		"images.height": 754,
		"images.h_resolution": 150,
		"images.v_resolution": 150,
		"images.bit": 24
	},
	"annotations": [
		{
			"polygon.id": "PLG_000000",
			"polygon.name": "building",
			"polygon.points": [
				[
					1330.5136060274122,
					482.49032176423276
				],
				[
					1331.5455993282505,
					535.6729819701801
				],
				[
					1361.2807709202639,
					539.2249148901034
				],
				[
					1363.8487004906062,
					539.2249148901034
				],
				[
					1376.6883483423187,
					540.5088796752747
				],
				[
					1377.8758308965857,
					550.4750346474299
				],
				[
					1479.4055311560176,
					549.4966331714733
				],
				[
					1480.0258202544305,
					430.5586193754982
				],
				[
					1455.1227990851703,
					428.70746113447285
				],
				[
					1453.4506970329167,
					417.86854939724884
				],
				[
					1425.4790101788255,
					415.9642955136648
				],
				[
					1422.6655670783455,
					432.38029930121473
				],
				[
					1381.608172268175,
					431.93211225505536
				],
				[
					1384.392137053346,
					441.6435912170895
				],
				[
					1358.7128413499215,
					445.49548557260323
				],
				[
					1357.992863166427,
					466.06280472309317
				],
				[
					1357.4288765647502,
					481.44649955739783
				]
			],
			"polygon.shape": 0,
			"polygon.shift": 2,
			"polygon.updates": [
				0,
				1,
				3
			]
		},
		{
			"polygon.id": "PLG_000001",
			"polygon.name": "building",
			"polygon.points": [
				[
					754.9953295014648,
					40.92040281119941
				],
				[
					849.1527470806886,
					16.31107776208406
				],
				[
					845.9428351177605,
					4.541400564681069
				],
				[
					753.9253588471554,
					4.541400564681069
				]
			],
			"polygon.shape": 1,
			"polygon.shift": 2,
			"polygon.updates": [
				3
			]
		},
		{
			"polygon.id": "PLG_000002",
			"polygon.name": "building",
			"polygon.points": [
				[
					1108.3663965208893,
					83.27677254811293
				],
				[
					1155.1196947978297,
					157.80655249224213
				],
				[
					1168.6159085598756,
					157.24256589056512
				],
				[
					1208.0928322934892,
					199.21363084791653
				],
				[
					1301.7408051413622,
					138.7742579407577
				],
				[
					1215.01586605997,
					13.290708482420152
				]
			],
			"polygon.shape": 0,
			"polygon.shift": 2,
			"polygon.updates": [
				3
			]
		}
	]
}