{
	"info": {
		"info.name": "항공영상 도시건물 변화탐지 데이터",
		"info.id": "TIFF_CHANGE_safe_01",
		"info.date_created": "2021-04-09 09:00:00",
		"info.src_path": "/dataSet/change",
		"info.label_path": "/dataSet/change",
		"info.category": 2,
		"info.type": 1
	},
	"images": {
		"images.id": "2017_DJG_1LB_000055.tif",
		"images.type": "TIF",
		"images.data_captured": "2021-10-29 02:00:12",
		"images.size": 1719,
		"images.width": 1508,
		"images.height": 754,
		"images.h_resolution": 150,
		"images.v_resolution": 150,
		"images.bit": 24
	},
	"annotations": [
		{
			"polygon.id": "PLG_000000",
			"polygon.name": "building",
			"polygon.points": [
				[
					1196.690514490479,
					151.8225700983469
				],
				[
					1230.0232109988067,
					30.474760823727635
				],
				[
					1348.6760215667332,
					69.91526614056707
				],
				[
					1318.1776969219277,
					187.3441491655921
				]
			],
			"polygon.shape": 0,
			"polygon.shift": 2,
			"polygon.updates": [
				4,
				3,
				1
			]
		},
		{
			"polygon.id": "PLG_000001",
			"polygon.name": "building",
			"polygon.points": [
				[
					1345.083980372389,
					179.64856686529302
				],
				[
					1397.8282057924262,
					197.7791975867081
				],
				[
					1402.2304901843117,
					192.1846371768887
				],
				[
					1431.504887286216,
					193.72539491909424
				],
				[
					1429.9641295440103,
					204.5106991145326
				],
				[
					1451.2885685156741,
					207.3106712013597
				],
				[
					1503.9205011698734,
					48.89416715177887
				],
				[
					1501.1712672860308,
					0
				],
				[
					1393.4395115751038,
					0
				]
			],
			"polygon.shape": 1,
			"polygon.shift": 2,
			"polygon.updates": [
				2
			]
		}
	]
}