{
	"info": {
		"info.name": "항공영상 도시건물 변화탐지 데이터",
		"info.id": "TIFF_CHANGE_safe_01",
		"info.date_created": "2021-04-09 09:00:00",
		"info.src_path": "/dataSet/change",
		"info.label_path": "/dataSet/change",
		"info.category": 2,
		"info.type": 1
	},
	"images": {
		"images.id": "2017_DJG_1LB_000071.tif",
		"images.type": "TIF",
		"images.data_captured": "2021-10-29 02:00:14",
		"images.size": 1796,
		"images.width": 1508,
		"images.height": 754,
		"images.h_resolution": 150,
		"images.v_resolution": 150,
		"images.bit": 24
	},
	"annotations": [
		{
			"polygon.id": "PLG_000000",
			"polygon.name": "building",
			"polygon.points": [
				[
					1211.3069728068624,
					1.3140457085186625
				],
				[
					1214.738592255715,
					97.99317969217013
				],
				[
					1345.8899788924089,
					94.27851409883043
				],
				[
					1348.6548969379628,
					100.17821977685621
				],
				[
					1413.6582588552988,
					99.31822535949078
				],
				[
					1412.7982644379333,
					86.10856713385893
				],
				[
					1402.4737795013882,
					82.72871708616333
				],
				[
					1403.9185701225622,
					1.7851786743359117
				]
			],
			"polygon.shape": 0,
			"polygon.shift": 2,
			"polygon.updates": [
				4,
				3,
				1
			]
		}
	]
}