{
	"info": {
		"info.name": "항공영상 도시건물 변화탐지 데이터",
		"info.id": "TIFF_CHANGE_safe_01",
		"info.date_created": "2021-04-09 09:00:00",
		"info.src_path": "/dataSet/change",
		"info.label_path": "/dataSet/change",
		"info.category": 2,
		"info.type": 1
	},
	"images": {
		"images.id": "2017_DJG_1LB_000080.tif",
		"images.type": "TIF",
		"images.data_captured": "2021-10-29 02:00:14",
		"images.size": 1829,
		"images.width": 1508,
		"images.height": 754,
		"images.h_resolution": 150,
		"images.v_resolution": 150,
		"images.bit": 24
	},
	"annotations": [
		{
			"polygon.id": "PLG_000000",
			"polygon.name": "building",
			"polygon.points": [
				[
					755.2635303006821,
					100.03138839352297
				],
				[
					821.8377712782652,
					97.28358465361313
				],
				[
					821.8377712782652,
					104.97531968288672
				],
				[
					886.5037924602309,
					104.95121231937914
				],
				[
					887.3870136068207,
					86.17421804981862
				],
				[
					874.4562201067782,
					84.8902532646474
				],
				[
					877.0697225012856,
					56.02383201037713
				],
				[
					879.8081144622919,
					43.53693784598861
				],
				[
					878.5241496771206,
					2.4500647205090793
				],
				[
					753.9771675606441,
					4.571690609588856
				]
			],
			"polygon.shape": 1,
			"polygon.shift": 2,
			"polygon.updates": [
				1,
				4,
				3
			]
		}
	]
}