{
	"info": {
		"info.name": "항공영상 도시건물 변화탐지 데이터",
		"info.id": "TIFF_CHANGE_safe_01",
		"info.date_created": "2021-04-09 09:00:00",
		"info.src_path": "/dataSet/change",
		"info.label_path": "/dataSet/change",
		"info.category": 2,
		"info.type": 1
	},
	"images": {
		"images.id": "2017_DJG_1LB_000058.tif",
		"images.type": "TIF",
		"images.data_captured": "2021-10-29 02:00:12",
		"images.size": 1840,
		"images.width": 1508,
		"images.height": 754,
		"images.h_resolution": 150,
		"images.v_resolution": 150,
		"images.bit": 24
	},
	"annotations": [
		{
			"polygon.id": "PLG_000000",
			"polygon.name": "building",
			"polygon.points": [
				[
					913.3551082862524,
					273.0027704460699
				],
				[
					945.4317981603356,
					164.2180416373106
				],
				[
					1026.7654789617775,
					185.537636447653
				],
				[
					1020.3456550359213,
					195.80935472902289
				],
				[
					1056.8727093041466,
					208.46912841116784
				],
				[
					1053.7287394503733,
					217.63675607693386
				],
				[
					1080.6919999389693,
					229.19243914347499
				],
				[
					1055.0127042355446,
					310.08222060926283
				]
			],
			"polygon.shape": 0,
			"polygon.shift": 2,
			"polygon.updates": [
				3
			]
		},
		{
			"polygon.id": "PLG_000001",
			"polygon.name": "building",
			"polygon.points": [
				[
					757.0260253241499,
					578.1570261560189
				],
				[
					824.35894197124,
					595.7660287847876
				],
				[
					800.8195875764341,
					715.6027420674363
				],
				[
					757.0854681382782,
					705.3943697976406
				]
			],
			"polygon.shape": 1,
			"polygon.shift": 2,
			"polygon.updates": [
				1,
				3
			]
		},
		{
			"polygon.id": "PLG_000002",
			"polygon.name": "building",
			"polygon.points": [
				[
					890.3755492780916,
					485.3017106089141
				],
				[
					986.5188323917137,
					527.8266242937855
				],
				[
					930.6921423898102,
					732.281233430434
				],
				[
					821.9659055241682,
					712.7175533584433
				]
			],
			"polygon.shape": 0,
			"polygon.shift": 2,
			"polygon.updates": [
				2
			]
		},
		{
			"polygon.id": "PLG_000003",
			"polygon.name": "building",
			"polygon.points": [
				[
					1301.9778742302735,
					265.21138500498614
				],
				[
					1284.7257140615193,
					365.7734227871939
				],
				[
					1402.980204508699,
					387.2393981876604
				],
				[
					1404.350969226027,
					372.1850566001995
				],
				[
					1414.4604216203256,
					372.70105325061877
				],
				[
					1415.9982736974264,
					352.8310577526679
				],
				[
					1415.9982736974264,
					341.73760200878843
				],
				[
					1422.9259041608511,
					292.8111923850687
				]
			],
			"polygon.shape": 0,
			"polygon.shift": 2,
			"polygon.updates": [
				3,
				1
			]
		},
		{
			"polygon.id": "PLG_000004",
			"polygon.name": "building",
			"polygon.points": [
				[
					717.212183365883,
					256.60724436771994
				],
				[
					755.7311269210201,
					265.1670096021948
				],
				[
					752.521214958092,
					406.40313597103074
				],
				[
					731.1218018719046,
					398.9133413908652
				],
				[
					721.4920659831205,
					407.4731066253401
				],
				[
					667.9935332676523,
					390.3535761563903
				],
				[
					674.4133571935084,
					360.3943978357281
				],
				[
					687.8929463538395,
					350.8696179284079
				]
			],
			"polygon.shape": 1,
			"polygon.shift": 1
		},
		{
			"polygon.id": "PLG_000005",
			"polygon.name": "building",
			"polygon.points": [
				[
					1374.5925664364927,
					175.50093508056074
				],
				[
					1505.5569745239588,
					204.77533218246492
				],
				[
					1504.5802033834304,
					109.91358969413389
				],
				[
					1395.7286936613611,
					83.24546916842692
				]
			],
			"polygon.shape": 1,
			"polygon.shift": 2,
			"polygon.updates": [
				4,
				3
			]
		},
		{
			"polygon.id": "PLG_000006",
			"polygon.name": "building",
			"polygon.points": [
				[
					758.3452909510149,
					371.04355890961114
				],
				[
					792.784476029813,
					261.8944984883023
				],
				[
					916.5010484236594,
					302.9092742990165
				],
				[
					881.833999224036,
					409.47835146822905
				]
			],
			"polygon.shape": 0,
			"polygon.shift": 2,
			"polygon.updates": [
				4,
				3
			]
		}
	]
}