{
	"info": {
		"info.name": "항공영상 도시건물 변화탐지 데이터",
		"info.id": "TIFF_CHANGE_safe_01",
		"info.date_created": "2021-04-09 09:00:00",
		"info.src_path": "/dataSet/change",
		"info.label_path": "/dataSet/change",
		"info.category": 2,
		"info.type": 1
	},
	"images": {
		"images.id": "2017_DJG_1LB_000105.tif",
		"images.type": "TIF",
		"images.data_captured": "2021-10-29 02:00:16",
		"images.size": 1847,
		"images.width": 1508,
		"images.height": 754,
		"images.h_resolution": 150,
		"images.v_resolution": 150,
		"images.bit": 24
	},
	"annotations": [
		{
			"polygon.id": "PLG_000000",
			"polygon.name": "building",
			"polygon.points": [
				[
					1237.156975831764,
					628.8510279347145
				],
				[
					1200.7427766205092,
					706.3381307820981
				],
				[
					1304.6260094904203,
					750.6261117292576
				],
				[
					1347.8386038824278,
					750.1101150788382
				],
				[
					1375.883049902932,
					684.8555307799169
				]
			],
			"polygon.shape": 1,
			"polygon.shift": 2,
			"polygon.updates": [
				1,
				3
			]
		},
		{
			"polygon.id": "PLG_000001",
			"polygon.name": "building",
			"polygon.points": [
				[
					756.5653580979591,
					605.4581965779535
				],
				[
					901.5810567317862,
					663.5009397947806
				],
				[
					860.8459694826967,
					753.9781591839287
				],
				[
					840.8631392007937,
					745.1566804483612
				],
				[
					845.0064180420081,
					734.6986300737784
				],
				[
					758.5155777581523,
					701.8329136836268
				]
			],
			"polygon.shape": 1,
			"polygon.shift": 2,
			"polygon.updates": [
				3
			]
		}
	]
}