{
	"info": {
		"info.name": "항공영상 도시건물 변화탐지 데이터",
		"info.id": "TIFF_CHANGE_safe_01",
		"info.date_created": "2021-04-09 09:00:00",
		"info.src_path": "/dataSet/change",
		"info.label_path": "/dataSet/change",
		"info.category": 2,
		"info.type": 1
	},
	"images": {
		"images.id": "2017_DJG_1LB_000153.tif",
		"images.type": "TIF",
		"images.data_captured": "2021-10-29 02:00:22",
		"images.size": 1734,
		"images.width": 1508,
		"images.height": 754,
		"images.h_resolution": 150,
		"images.v_resolution": 150,
		"images.bit": 24
	},
	"annotations": [
		{
			"polygon.id": "PLG_000000",
			"polygon.name": "building",
			"polygon.points": [
				[
					1304.6587990449407,
					357.5500340789489
				],
				[
					1302.4436231619222,
					449.0273933401282
				],
				[
					1374.5510854971387,
					452.7252119214213
				],
				[
					1374.484409526081,
					457.6031103167695
				],
				[
					1432.2734370522978,
					457.9614413240051
				],
				[
					1432.9328448123003,
					431.30279498601317
				],
				[
					1457.7520035762348,
					432.38720972430895
				],
				[
					1459.7208051396535,
					408.11295021144
				],
				[
					1479.6856708491064,
					379.6626488372701
				],
				[
					1463.0454872332873,
					365.34421402827024
				]
			],
			"polygon.shape": 0,
			"polygon.shift": 2,
			"polygon.updates": [
				3
			]
		}
	]
}