{
	"info": {
		"info.name": "항공영상 도시건물 변화탐지 데이터",
		"info.id": "TIFF_CHANGE_safe_01",
		"info.date_created": "2021-04-09 09:00:00",
		"info.src_path": "/dataSet/change",
		"info.label_path": "/dataSet/change",
		"info.category": 2,
		"info.type": 1
	},
	"images": {
		"images.id": "2017_DJG_1LB_000047.tif",
		"images.type": "TIF",
		"images.data_captured": "2021-10-29 02:00:12",
		"images.size": 1934,
		"images.width": 1508,
		"images.height": 754,
		"images.h_resolution": 150,
		"images.v_resolution": 150,
		"images.bit": 24
	},
	"annotations": [
		{
			"polygon.id": "PLG_000000",
			"polygon.name": "building",
			"polygon.points": [
				[
					994.4721172799545,
					545.0366808821839
				],
				[
					1133.4997253609542,
					722.9087413684872
				],
				[
					1197.5284665233926,
					666.8876139215699
				],
				[
					1132.8166413507622,
					583.4716185314434
				],
				[
					1129.801906779661,
					582.3916352793472
				],
				[
					1122.5401015966909,
					572.3781627875638
				],
				[
					1115.0106324544884,
					571.2981795354676
				],
				[
					1055.5926057656666,
					496.44364658838225
				]
			],
			"polygon.shape": 0,
			"polygon.shift": 0
		},
		{
			"polygon.id": "PLG_000001",
			"polygon.name": "building",
			"polygon.points": [
				[
					805.223826462998,
					678.2982580037665
				],
				[
					971.7211077523937,
					548.7406035271742
				],
				[
					1049.1771356455326,
					656.4708566558554
				],
				[
					931.1692199540685,
					752.9563914649418
				],
				[
					868.124171289596,
					755.250884090294
				]
			],
			"polygon.shape": 1,
			"polygon.shift": 0
		}
	]
}