{
	"info": {
		"info.name": "항공영상 도시건물 변화탐지 데이터",
		"info.id": "TIFF_CHANGE_safe_01",
		"info.date_created": "2021-04-09 09:00:00",
		"info.src_path": "/dataSet/change",
		"info.label_path": "/dataSet/change",
		"info.category": 2,
		"info.type": 1
	},
	"images": {
		"images.id": "2017_DJG_1LB_000048.tif",
		"images.type": "TIF",
		"images.data_captured": "2021-10-29 02:00:12",
		"images.size": 1872,
		"images.width": 1508,
		"images.height": 754,
		"images.h_resolution": 150,
		"images.v_resolution": 150,
		"images.bit": 24
	},
	"annotations": [
		{
			"polygon.id": "PLG_000000",
			"polygon.name": "building",
			"polygon.points": [
				[
					802.8153710254837,
					154.62721194486414
				],
				[
					877.2794697733158,
					258.77860592994864
				],
				[
					1047.3238456017546,
					133.15355900821226
				],
				[
					967.1983050847456,
					24.693791763592692
				]
			],
			"polygon.shape": 0,
			"polygon.shift": 0
		},
		{
			"polygon.id": "PLG_000001",
			"polygon.name": "building",
			"polygon.points": [
				[
					987.9497483388097,
					19.79340772768061
				],
				[
					1130.738686131605,
					196.4934802671009
				],
				[
					1196.5114334412826,
					142.06542705759438
				],
				[
					1133.7866760828626,
					66.49861111111113
				],
				[
					1119.4590819129041,
					47.01105043696006
				],
				[
					1109.1345522075749,
					46.46876046243986
				],
				[
					1079.9298416840854,
					2.845072563420306
				],
				[
					1008.9852989642186,
					1.7867859384808753
				]
			],
			"polygon.shape": 1,
			"polygon.shift": 0
		}
	]
}