{
	"info": {
		"info.name": "항공영상 도시건물 변화탐지 데이터",
		"info.id": "TIFF_CHANGE_safe_01",
		"info.date_created": "2021-04-09 09:00:00",
		"info.src_path": "/dataSet/change",
		"info.label_path": "/dataSet/change",
		"info.category": 2,
		"info.type": 1
	},
	"images": {
		"images.id": "2017_DJG_1LB_000138.tif",
		"images.type": "TIF",
		"images.data_captured": "2021-10-29 02:00:20",
		"images.size": 1721,
		"images.width": 1508,
		"images.height": 754,
		"images.h_resolution": 150,
		"images.v_resolution": 150,
		"images.bit": 24
	},
	"annotations": [
		{
			"polygon.id": "PLG_000000",
			"polygon.name": "building",
			"polygon.points": [
				[
					1033.2821317181174,
					1.5016790498870805
				],
				[
					1021.2837546840976,
					40.24061143975496
				],
				[
					1043.3966530494947,
					46.874397359465085
				],
				[
					1034.7921121788963,
					70.87653519133924
				],
				[
					1111.8299992891705,
					96.53172353125639
				],
				[
					1121.3253118585606,
					75.17650727816635
				],
				[
					1147.159731291003,
					83.91952149908458
				],
				[
					1165.787297547789,
					33.85759163620221
				],
				[
					1153.461235610145,
					32.31683389399671
				],
				[
					1141.1351736725012,
					24.613045182969294
				],
				[
					1136.5129004458847,
					18.45001421414738
				],
				[
					1135.2998276073035,
					2.6531973256153094
				]
			],
			"polygon.shape": 1,
			"polygon.shift": 0
		}
	]
}