{
	"info": {
		"info.name": "항공영상 도시건물 변화탐지 데이터",
		"info.id": "TIFF_CHANGE_safe_01",
		"info.date_created": "2021-04-09 09:00:00",
		"info.src_path": "/dataSet/change",
		"info.label_path": "/dataSet/change",
		"info.category": 2,
		"info.type": 1
	},
	"images": {
		"images.id": "2017_DJG_1LB_000123.tif",
		"images.type": "TIF",
		"images.data_captured": "2021-10-29 02:00:18",
		"images.size": 1883,
		"images.width": 1508,
		"images.height": 754,
		"images.h_resolution": 150,
		"images.v_resolution": 150,
		"images.bit": 24
	},
	"annotations": [
		{
			"polygon.id": "PLG_000000",
			"polygon.name": "building",
			"polygon.points": [
				[
					941.9391473793349,
					230.26687767820837
				],
				[
					1089.5950976740269,
					273.9216803740304
				],
				[
					1053.6440836892325,
					394.61437018012657
				],
				[
					1025.4542601456264,
					383.59856635175487
				],
				[
					1021.1922103726278,
					401.00045018781407
				],
				[
					954.7906241370438,
					380.4114408009093
				],
				[
					951.3756344653731,
					388.87114396493484
				],
				[
					905.1340786414014,
					377.1787424258987
				]
			],
			"polygon.shape": 0,
			"polygon.shift": 2,
			"polygon.updates": [
				3
			]
		}
	]
}