{
	"info": {
		"info.name": "항공영상 도시건물 변화탐지 데이터",
		"info.id": "TIFF_CHANGE_safe_01",
		"info.date_created": "2021-04-09 09:00:00",
		"info.src_path": "/dataSet/change",
		"info.label_path": "/dataSet/change",
		"info.category": 2,
		"info.type": 1
	},
	"images": {
		"images.id": "2017_DJG_1LB_000260.tif",
		"images.type": "TIF",
		"images.data_captured": "2021-10-29 02:00:32",
		"images.size": 1932,
		"images.width": 1508,
		"images.height": 754,
		"images.h_resolution": 150,
		"images.v_resolution": 150,
		"images.bit": 24
	},
	"annotations": [
		{
			"polygon.id": "PLG_000000",
			"polygon.name": "building",
			"polygon.points": [
				[
					753.4927133307485,
					266.7205921420951
				],
				[
					846.9323190868154,
					373.2657572345958
				],
				[
					964.3202554735808,
					272.4993768346832
				],
				[
					870.7700420638083,
					157.17542704959436
				],
				[
					757.4659819870034,
					255.78184094531449
				]
			],
			"polygon.shape": 0,
			"polygon.shift": 2,
			"polygon.updates": [
				3,
				4,
				1
			]
		},
		{
			"polygon.id": "PLG_000001",
			"polygon.name": "building",
			"polygon.points": [
				[
					1125.7067082683307,
					355.23868954758194
				],
				[
					1193.93135725429,
					434.0499219968799
				],
				[
					1335.0858034321373,
					312.8923556942278
				],
				[
					1269.2137285491422,
					235.25741029641188
				]
			],
			"polygon.shape": 0,
			"polygon.shift": 2,
			"polygon.updates": [
				4,
				1,
				3,
				0
			]
		}
	]
}