{
	"info": {
		"info.name": "항공영상 도시건물 변화탐지 데이터",
		"info.id": "TIFF_CHANGE_safe_01",
		"info.date_created": "2021-04-09 09:00:00",
		"info.src_path": "/dataSet/change",
		"info.label_path": "/dataSet/change",
		"info.category": 2,
		"info.type": 1
	},
	"images": {
		"images.id": "2017_DJG_1LB_000004.tif",
		"images.type": "TIF",
		"images.data_captured": "2021-10-29 02:00:08",
		"images.size": 1879,
		"images.width": 1508,
		"images.height": 754,
		"images.h_resolution": 150,
		"images.v_resolution": 150,
		"images.bit": 24
	},
	"annotations": [
		{
			"polygon.id": "PLG_000000",
			"polygon.name": "building",
			"polygon.points": [
				[
					1195.5656508557659,
					442.9252459492861
				],
				[
					1310.8932329423137,
					397.3543726110453
				],
				[
					1346.9197311190192,
					481.39729525874355
				],
				[
					1331.5975077984272,
					489.2295922850491
				],
				[
					1352.3017826545406,
					535.8142107113044
				],
				[
					1348.4197311190192,
					539.6962622468258
				],
				[
					1349.4395715207706,
					545.0844090960836
				],
				[
					1258.6746505369672,
					581.5465382046655
				]
			],
			"polygon.shape": 0,
			"polygon.shift": 2,
			"polygon.updates": [
				4,
				3
			]
		}
	]
}