{
	"info": {
		"info.name": "항공영상 도시건물 변화탐지 데이터",
		"info.id": "TIFF_CHANGE_safe_01",
		"info.date_created": "2021-04-09 09:00:00",
		"info.src_path": "/dataSet/change",
		"info.label_path": "/dataSet/change",
		"info.category": 2,
		"info.type": 1
	},
	"images": {
		"images.id": "2017_DJG_1LB_000141.tif",
		"images.type": "TIF",
		"images.data_captured": "2021-10-29 02:00:20",
		"images.size": 1731,
		"images.width": 1508,
		"images.height": 754,
		"images.h_resolution": 150,
		"images.v_resolution": 150,
		"images.bit": 24
	},
	"annotations": [
		{
			"polygon.id": "PLG_000000",
			"polygon.name": "building",
			"polygon.points": [
				[
					820.7744225446434,
					418.05239802547175
				],
				[
					844.9557914690429,
					485.8765159639395
				],
				[
					861.9041266333031,
					482.79500047952854
				],
				[
					880.3986033036037,
					514.439372459577
				],
				[
					863.9518003716582,
					519.3839468259829
				],
				[
					870.0786702952188,
					544.9676001422679
				],
				[
					889.637765993002,
					539.8030369411314
				],
				[
					963.594137618865,
					579.8627382384739
				],
				[
					1037.5505092447283,
					499.74333564378884
				],
				[
					1022.1429318226733,
					476.6319695107066
				],
				[
					1028.3059627914954,
					470.46893854188465
				],
				[
					1019.0614163382625,
					445.81681466659694
				],
				[
					1025.2244473070843,
					436.57226821336405
				],
				[
					1015.1606641786916,
					394.4394996600748
				],
				[
					1010.3237858811792,
					390.46182871303705
				],
				[
					986.1370331929446,
					336.8583959425253
				],
				[
					825.3613217928893,
					409.6678459896043
				]
			],
			"polygon.shape": 0,
			"polygon.shift": 2,
			"polygon.updates": [
				1,
				3
			]
		}
	]
}