{
	"info": {
		"info.name": "항공영상 도시건물 변화탐지 데이터",
		"info.id": "TIFF_CHANGE_safe_01",
		"info.date_created": "2021-04-09 09:00:00",
		"info.src_path": "/dataSet/change",
		"info.label_path": "/dataSet/change",
		"info.category": 2,
		"info.type": 1
	},
	"images": {
		"images.id": "2017_DJG_1LB_000074.tif",
		"images.type": "TIF",
		"images.data_captured": "2021-10-29 02:00:14",
		"images.size": 1772,
		"images.width": 1508,
		"images.height": 754,
		"images.h_resolution": 150,
		"images.v_resolution": 150,
		"images.bit": 24
	},
	"annotations": [
		{
			"polygon.id": "PLG_000000",
			"polygon.name": "building",
			"polygon.points": [
				[
					1338.092631826742,
					518.4427933406571
				],
				[
					1442.093779425612,
					619.8760113691847
				],
				[
					1503.7240891138313,
					549.2579481847667
				],
				[
					1504.7920186841739,
					524.9200189966747
				],
				[
					1401.1822029449813,
					425.6901479451693
				],
				[
					1354.5681388191392,
					477.5440961364212
				],
				[
					1364.1622090194464,
					489.5039903390348
				]
			],
			"polygon.shape": 1,
			"polygon.shift": 2,
			"polygon.updates": [
				3
			]
		},
		{
			"polygon.id": "PLG_000001",
			"polygon.name": "building",
			"polygon.points": [
				[
					1402.7009180790963,
					124.29107815442559
				],
				[
					1399.003099497803,
					257.41254708097927
				],
				[
					1482.204017576899,
					262.95927495291903
				],
				[
					1489.5996547394855,
					251.86581920903953
				],
				[
					1491.448564030132,
					218.5854519774011
				],
				[
					1482.204017576899,
					211.1898148148148
				],
				[
					1484.0529268675457,
					126.13998744507217
				]
			],
			"polygon.shape": 0,
			"polygon.shift": 2,
			"polygon.updates": [
				3
			]
		}
	]
}