{
	"info": {
		"info.name": "항공영상 도시건물 변화탐지 데이터",
		"info.id": "TIFF_CHANGE_safe_01",
		"info.date_created": "2021-04-09 09:00:00",
		"info.src_path": "/dataSet/change",
		"info.label_path": "/dataSet/change",
		"info.category": 2,
		"info.type": 1
	},
	"images": {
		"images.id": "2017_DJG_1LB_000248.tif",
		"images.type": "TIF",
		"images.data_captured": "2021-10-29 02:00:30",
		"images.size": 1932,
		"images.width": 1508,
		"images.height": 754,
		"images.h_resolution": 150,
		"images.v_resolution": 150,
		"images.bit": 24
	},
	"annotations": [
		{
			"polygon.id": "PLG_000000",
			"polygon.name": "building",
			"polygon.points": [
				[
					217.4711759782382,
					306.59846463695317
				],
				[
					294.80058694687517,
					392.7424248501404
				],
				[
					397.7398318162796,
					308.1392223791587
				],
				[
					406.70283487192864,
					318.14145094469853
				],
				[
					453.06863718535703,
					276.0748336512064
				],
				[
					366.92467697216995,
					175.6340565494872
				],
				[
					214.2116686800406,
					302.6506095511499
				]
			],
			"polygon.shape": 0,
			"polygon.shift": 2,
			"polygon.updates": [
				3,
				4,
				1,
				2
			]
		}
	]
}