{
	"info": {
		"info.name": "항공영상 도시건물 변화탐지 데이터",
		"info.id": "TIFF_CHANGE_safe_01",
		"info.date_created": "2021-04-09 09:00:00",
		"info.src_path": "/dataSet/change",
		"info.label_path": "/dataSet/change",
		"info.category": 2,
		"info.type": 1
	},
	"images": {
		"images.id": "2017_DJG_1LB_000142.tif",
		"images.type": "TIF",
		"images.data_captured": "2021-10-29 02:00:20",
		"images.size": 1605,
		"images.width": 1508,
		"images.height": 754,
		"images.h_resolution": 150,
		"images.v_resolution": 150,
		"images.bit": 24
	},
	"annotations": [
		{
			"polygon.id": "PLG_000000",
			"polygon.name": "building",
			"polygon.points": [
				[
					857.9225689540175,
					1.71222695938242
				],
				[
					866.8389910732622,
					21.328355621720746
				],
				[
					885.563477523676,
					12.411933502476046
				],
				[
					964.9196343849537,
					55.21075967485058
				],
				[
					992.5605429546124,
					25.78656668134309
				],
				[
					1010.3933871931017,
					2.603869171306897
				]
			],
			"polygon.shape": 1,
			"polygon.shift": 2,
			"polygon.updates": [
				1,
				3
			]
		}
	]
}