{
	"info": {
		"info.name": "항공영상 도시건물 변화탐지 데이터",
		"info.id": "TIFF_CHANGE_safe_01",
		"info.date_created": "2021-04-09 09:00:00",
		"info.src_path": "/dataSet/change",
		"info.label_path": "/dataSet/change",
		"info.category": 2,
		"info.type": 1
	},
	"images": {
		"images.id": "2017_DJG_1LB_000059.tif",
		"images.type": "TIF",
		"images.data_captured": "2021-10-29 02:00:12",
		"images.size": 1873,
		"images.width": 1508,
		"images.height": 754,
		"images.h_resolution": 150,
		"images.v_resolution": 150,
		"images.bit": 24
	},
	"annotations": [
		{
			"polygon.id": "PLG_000000",
			"polygon.name": "building",
			"polygon.points": [
				[
					753.7834449643665,
					51.80233195881613
				],
				[
					823.62630780498,
					69.7464993786536
				],
				[
					803.5556994141033,
					193.48958987235818
				],
				[
					755.3169704975195,
					179.1475312842951
				]
			],
			"polygon.shape": 1,
			"polygon.shift": 2,
			"polygon.updates": [
				1,
				3
			]
		},
		{
			"polygon.id": "PLG_000001",
			"polygon.name": "building",
			"polygon.points": [
				[
					871.561048336472,
					3.520323289391058
				],
				[
					820.4720494779356,
					184.91355748562407
				],
				[
					854.6592566816589,
					198.70201193619613
				],
				[
					883.4304305194091,
					205.89679161582777
				],
				[
					910.1091780993311,
					209.16759304870973
				],
				[
					925.1794177652229,
					206.9003452605147
				],
				[
					986.19342435656,
					3.520323289391058
				]
			],
			"polygon.shape": 1,
			"polygon.shift": 2,
			"polygon.updates": [
				2
			]
		}
	]
}