{
	"info": {
		"info.name": "항공영상 도시건물 변화탐지 데이터",
		"info.id": "TIFF_CHANGE_safe_01",
		"info.date_created": "2021-04-09 09:00:00",
		"info.src_path": "/dataSet/change",
		"info.label_path": "/dataSet/change",
		"info.category": 2,
		"info.type": 1
	},
	"images": {
		"images.id": "2017_DJG_1LB_000057.tif",
		"images.type": "TIF",
		"images.data_captured": "2021-10-29 02:00:12",
		"images.size": 1834,
		"images.width": 1508,
		"images.height": 754,
		"images.h_resolution": 150,
		"images.v_resolution": 150,
		"images.bit": 24
	},
	"annotations": [
		{
			"polygon.id": "PLG_000000",
			"polygon.name": "building",
			"polygon.points": [
				[
					1056.2884516460908,
					2.094197923205556
				],
				[
					1047.9627378750595,
					32.25729350292684
				],
				[
					1124.3385852601664,
					53.45278933005498
				],
				[
					1129.474444400851,
					38.045211908000155
				],
				[
					1166.923385164671,
					45.95090893112772
				],
				[
					1180.193030225066,
					1.8781627083767916
				]
			],
			"polygon.shape": 1,
			"polygon.shift": 2,
			"polygon.updates": [
				1,
				3,
				4
			]
		},
		{
			"polygon.id": "PLG_000001",
			"polygon.name": "building",
			"polygon.points": [
				[
					1247.599204636605,
					2.094197923205556
				],
				[
					1227.0557680738652,
					63.72450761142487
				],
				[
					1234.7595567848925,
					68.86036675210981
				],
				[
					1232.19162721455,
					79.1320850334797
				],
				[
					1331.0569156727352,
					107.37931030724688
				],
				[
					1371.3118553642591,
					0
				]
			],
			"polygon.shape": 1,
			"polygon.shift": 2,
			"polygon.updates": [
				3
			]
		}
	]
}