{
	"info": {
		"info.name": "항공영상 도시건물 변화탐지 데이터",
		"info.id": "TIFF_CHANGE_safe_01",
		"info.date_created": "2021-04-09 09:00:00",
		"info.src_path": "/dataSet/change",
		"info.label_path": "/dataSet/change",
		"info.category": 2,
		"info.type": 1
	},
	"images": {
		"images.id": "2017_DJG_1LB_000125.tif",
		"images.type": "TIF",
		"images.data_captured": "2021-10-29 02:00:18",
		"images.size": 1847,
		"images.width": 1508,
		"images.height": 754,
		"images.h_resolution": 150,
		"images.v_resolution": 150,
		"images.bit": 24
	},
	"annotations": [
		{
			"polygon.id": "PLG_000000",
			"polygon.name": "building",
			"polygon.points": [
				[
					763.390761245523,
					114.2461049366716
				],
				[
					787.3887299468279,
					123.71032539787903
				],
				[
					762.8369125180031,
					185.67048326169623
				],
				[
					789.2754913145751,
					199.29593230641422
				],
				[
					793.0212998471259,
					209.57706875742974
				],
				[
					881.6397105154897,
					246.46941254200294
				],
				[
					936.0614431864424,
					114.30717912580991
				],
				[
					791.5994937807482,
					51.27412448626165
				]
			],
			"polygon.shape": 0,
			"polygon.shift": 2,
			"polygon.updates": [
				3
			]
		}
	]
}