{
	"info": {
		"info.name": "항공영상 도시건물 변화탐지 데이터",
		"info.id": "TIFF_CHANGE_safe_01",
		"info.date_created": "2021-04-09 09:00:00",
		"info.src_path": "/dataSet/change",
		"info.label_path": "/dataSet/change",
		"info.category": 2,
		"info.type": 1
	},
	"images": {
		"images.id": "2017_DJG_1LB_000006.tif",
		"images.type": "TIF",
		"images.data_captured": "2021-10-29 02:00:08",
		"images.size": 1732,
		"images.width": 1508,
		"images.height": 754,
		"images.h_resolution": 150,
		"images.v_resolution": 150,
		"images.bit": 24
	},
	"annotations": [
		{
			"polygon.id": "PLG_000000",
			"polygon.name": "building",
			"polygon.points": [
				[
					4.172913798700414,
					591.2100168239842
				],
				[
					64.38065752090554,
					567.3167673200749
				],
				[
					63.75592036071454,
					560.5292511590206
				],
				[
					71.27239576468511,
					548.1484373855865
				],
				[
					68.57652664279533,
					532.8718456948777
				],
				[
					55.99580407397635,
					530.1759765729879
				],
				[
					38.921966302007725,
					504.11590839472
				],
				[
					1.1797985955507642,
					483.4475784602317
				]
			],
			"polygon.shape": 1,
			"polygon.shift": 2,
			"polygon.updates": [
				4,
				3
			]
		}
	]
}