{
	"info": {
		"info.name": "항공영상 도시건물 변화탐지 데이터",
		"info.id": "TIFF_CHANGE_safe_01",
		"info.date_created": "2021-04-09 09:00:00",
		"info.src_path": "/dataSet/change",
		"info.label_path": "/dataSet/change",
		"info.category": 2,
		"info.type": 1
	},
	"images": {
		"images.id": "2017_DJG_1LB_000183.tif",
		"images.type": "TIF",
		"images.data_captured": "2021-10-29 02:00:24",
		"images.size": 1785,
		"images.width": 1508,
		"images.height": 754,
		"images.h_resolution": 150,
		"images.v_resolution": 150,
		"images.bit": 24
	},
	"annotations": [
		{
			"polygon.id": "PLG_000000",
			"polygon.name": "building",
			"polygon.points": [
				[
					1257.9732292320568,
					131.20332825469063
				],
				[
					1213.5604709992697,
					81.63060351771102
				],
				[
					1321.463319213121,
					0
				],
				[
					1367.110235971612,
					44.53570525563224
				],
				[
					1332.995119691912,
					79.37673014867971
				],
				[
					1348.4527281491914,
					109.63972729710873
				],
				[
					1321.1014978363094,
					134.4132402176187
				],
				[
					1314.6816739104531,
					125.85347498314381
				],
				[
					1294.3242667228913,
					134.9772268192957
				],
				[
					1292.2223027677433,
					128.92149012997538
				]
			],
			"polygon.shape": 1,
			"polygon.shift": 2,
			"polygon.updates": [
				3
			]
		}
	]
}