{
	"info": {
		"info.name": "항공영상 도시건물 변화탐지 데이터",
		"info.id": "TIFF_CHANGE_safe_01",
		"info.date_created": "2021-04-09 09:00:00",
		"info.src_path": "/dataSet/change",
		"info.label_path": "/dataSet/change",
		"info.category": 2,
		"info.type": 1
	},
	"images": {
		"images.id": "2017_DJG_1LB_000098.tif",
		"images.type": "TIF",
		"images.data_captured": "2021-10-29 02:00:16",
		"images.size": 1821,
		"images.width": 1508,
		"images.height": 754,
		"images.h_resolution": 150,
		"images.v_resolution": 150,
		"images.bit": 24
	},
	"annotations": [
		{
			"polygon.id": "PLG_000000",
			"polygon.name": "building",
			"polygon.points": [
				[
					1158.7935149676887,
					75.61491252760294
				],
				[
					1197.0759093603963,
					137.9652003993165
				],
				[
					1215.0514163527935,
					137.9652003993165
				],
				[
					1235.5948529155332,
					180.33603830996725
				],
				[
					1272.315675120415,
					159.39286071077754
				],
				[
					1231.4884744120611,
					48.69145758925018
				]
			],
			"polygon.shape": 0,
			"polygon.shift": 2,
			"polygon.updates": [
				3,
				2
			]
		},
		{
			"polygon.id": "PLG_000001",
			"polygon.name": "building",
			"polygon.points": [
				[
					1355.753218660095,
					194.62072601730546
				],
				[
					1410.8484450198785,
					180.10841703285203
				],
				[
					1417.0114759887003,
					112.31507637581083
				],
				[
					1407.7669295354674,
					106.15204540698889
				],
				[
					1398.5223830822347,
					90.74446798493409
				],
				[
					1389.2778366290017,
					67.63310185185185
				],
				[
					1383.1148056601796,
					50.68476668759155
				],
				[
					1392.3593521134126,
					30.654916038920277
				],
				[
					1401.6038985666455,
					24.491885070098334
				],
				[
					1415.470718246495,
					12.165823132454477
				],
				[
					1412.4320015882563,
					1.8013740610444557
				],
				[
					1279.786292917699,
					3.3230504458996
				]
			],
			"polygon.shape": 1,
			"polygon.shift": 2,
			"polygon.updates": [
				3
			]
		}
	]
}