{
	"info": {
		"info.name": "항공영상 도시건물 변화탐지 데이터",
		"info.id": "TIFF_CHANGE_safe_01",
		"info.date_created": "2021-04-09 09:00:00",
		"info.src_path": "/dataSet/change",
		"info.label_path": "/dataSet/change",
		"info.category": 2,
		"info.type": 1
	},
	"images": {
		"images.id": "2017_DJG_1LB_000007.tif",
		"images.type": "TIF",
		"images.data_captured": "2021-10-29 02:00:08",
		"images.size": 1785,
		"images.width": 1508,
		"images.height": 754,
		"images.h_resolution": 150,
		"images.v_resolution": 150,
		"images.bit": 24
	},
	"annotations": [
		{
			"polygon.id": "PLG_000000",
			"polygon.name": "building",
			"polygon.points": [
				[
					755.0096597836438,
					48.81045466368697
				],
				[
					817.9132726277389,
					23.41187289032723
				],
				[
					818.8932361458928,
					16.965715447719987
				],
				[
					824.2849743896724,
					11.573977203940423
				],
				[
					822.4877283084124,
					4.384992878901002
				],
				[
					754.8182863583245,
					4.7280021705633075
				]
			],
			"polygon.shape": 1,
			"polygon.shift": 2,
			"polygon.updates": [
				3
			]
		}
	]
}