{
	"info": {
		"info.name": "항공영상 도시건물 변화탐지 데이터",
		"info.id": "TIFF_CHANGE_safe_01",
		"info.date_created": "2021-04-09 09:00:00",
		"info.src_path": "/dataSet/change",
		"info.label_path": "/dataSet/change",
		"info.category": 2,
		"info.type": 1
	},
	"images": {
		"images.id": "2017_DJG_1LB_000029.tif",
		"images.type": "TIF",
		"images.data_captured": "2021-10-29 02:00:10",
		"images.size": 1751,
		"images.width": 1508,
		"images.height": 754,
		"images.h_resolution": 150,
		"images.v_resolution": 150,
		"images.bit": 24
	},
	"annotations": [
		{
			"polygon.id": "PLG_000000",
			"polygon.name": "building",
			"polygon.points": [
				[
					1350.079293772486,
					600.3605352296081
				],
				[
					1508.7618461749057,
					627.874077801413
				],
				[
					1507.2641411071893,
					750.8716087825667
				],
				[
					1320.5632227757806,
					750.5966966968037
				]
			],
			"polygon.shape": 1,
			"polygon.shift": 0
		}
	]
}