{
	"info": {
		"info.name": "항공영상 도시건물 변화탐지 데이터",
		"info.id": "TIFF_CHANGE_safe_01",
		"info.date_created": "2021-04-09 09:00:00",
		"info.src_path": "/dataSet/change",
		"info.label_path": "/dataSet/change",
		"info.category": 2,
		"info.type": 1
	},
	"images": {
		"images.id": "2017_DJG_1LB_000124.tif",
		"images.type": "TIF",
		"images.data_captured": "2021-10-29 02:00:18",
		"images.size": 1908,
		"images.width": 1508,
		"images.height": 754,
		"images.h_resolution": 150,
		"images.v_resolution": 150,
		"images.bit": 24
	},
	"annotations": [
		{
			"polygon.id": "PLG_000000",
			"polygon.name": "building",
			"polygon.points": [
				[
					786.1823414712305,
					580.7063354392222
				],
				[
					932.9926382638469,
					642.4494475603705
				],
				[
					887.1327449351217,
					753.3874326540981
				],
				[
					854.5954128800868,
					753.4187196026162
				],
				[
					765.0700171489965,
					709.7879318037019
				],
				[
					788.0312507618771,
					652.8137977744389
				],
				[
					765.1047317524474,
					636.1770418135526
				]
			],
			"polygon.shape": 1,
			"polygon.shift": 2,
			"polygon.updates": [
				3
			]
		}
	]
}