{
	"info": {
		"info.name": "항공영상 도시건물 변화탐지 데이터",
		"info.id": "TIFF_CHANGE_safe_01",
		"info.date_created": "2021-04-09 09:00:00",
		"info.src_path": "/dataSet/change",
		"info.label_path": "/dataSet/change",
		"info.category": 2,
		"info.type": 1
	},
	"images": {
		"images.id": "2017_DJG_1LB_000186.tif",
		"images.type": "TIF",
		"images.data_captured": "2021-10-29 02:00:24",
		"images.size": 1933,
		"images.width": 1508,
		"images.height": 754,
		"images.h_resolution": 150,
		"images.v_resolution": 150,
		"images.bit": 24
	},
	"annotations": [
		{
			"polygon.id": "PLG_000000",
			"polygon.name": "building",
			"polygon.points": [
				[
					1206.8788968129056,
					606.1687522578864
				],
				[
					1207.1705518490837,
					591.3214141551673
				],
				[
					1235.126122086673,
					552.2422312806945
				],
				[
					1234.4023966208374,
					541.2769217378736
				],
				[
					1261.2759103853555,
					498.5477528199873
				],
				[
					1366.090530174139,
					558.6620552065507
				],
				[
					1299.3243613452346,
					658.811308449907
				]
			],
			"polygon.shape": 0,
			"polygon.shift": 2,
			"polygon.updates": [
				4,
				3
			]
		},
		{
			"polygon.id": "PLG_000001",
			"polygon.name": "building",
			"polygon.points": [
				[
					1182.2629959487113,
					333.90911463782516
				],
				[
					1263.5807656762227,
					393.82747127914945
				],
				[
					1344.8985354037343,
					284.6904645395945
				],
				[
					1267.15712161206,
					226.084056489013
				]
			],
			"polygon.shape": 0,
			"polygon.shift": 2,
			"polygon.updates": [
				3
			]
		},
		{
			"polygon.id": "PLG_000002",
			"polygon.name": "building",
			"polygon.points": [
				[
					1028.0327468125968,
					257.92516218115077
				],
				[
					1140.8236932154673,
					352.340738587326
				],
				[
					1233.2751845886735,
					229.4920358969393
				],
				[
					1183.6205747148988,
					196.9589654390737
				],
				[
					1205.4479760628099,
					167.42777538013527
				],
				[
					1150.4695328169314,
					128.70485029192324
				],
				[
					1142.3297200563443,
					132.11469375700045
				],
				[
					1132.705914597413,
					123.36293639718855
				]
			],
			"polygon.shape": 0,
			"polygon.shift": 2,
			"polygon.updates": [
				2,
				3
			]
		}
	]
}