{
	"info": {
		"info.name": "항공영상 도시건물 변화탐지 데이터",
		"info.id": "TIFF_CHANGE_safe_01",
		"info.date_created": "2021-04-09 09:00:00",
		"info.src_path": "/dataSet/change",
		"info.label_path": "/dataSet/change",
		"info.category": 2,
		"info.type": 1
	},
	"images": {
		"images.id": "2017_DJG_1LB_000137.tif",
		"images.type": "TIF",
		"images.data_captured": "2021-10-29 02:00:20",
		"images.size": 1555,
		"images.width": 1508,
		"images.height": 754,
		"images.h_resolution": 150,
		"images.v_resolution": 150,
		"images.bit": 24
	},
	"annotations": [
		{
			"polygon.id": "PLG_000000",
			"polygon.name": "building",
			"polygon.points": [
				[
					1059.3362758945386,
					461.06908370823743
				],
				[
					1020.8173323394017,
					562.502301736765
				],
				[
					1045.8686761419456,
					573.4360597433024
				],
				[
					1035.5969578605757,
					600.3872665501444
				],
				[
					1115.830726442073,
					629.2684705656693
				],
				[
					1126.1024447234429,
					602.3052100770733
				],
				[
					1149.8577700590617,
					610.677065354145
				],
				[
					1164.62138827858,
					568.9221256626212
				],
				[
					1168.4732826340937,
					558.6504073812513
				],
				[
					1151.7817404268676,
					552.2305834553952
				],
				[
					1136.3741630048128,
					534.2550764629979
				],
				[
					1137.658127789984,
					523.983358181628
				],
				[
					1142.793986930669,
					507.29181597440186
				],
				[
					1144.0779517158403,
					493.1682033375183
				],
				[
					1144.064022069048,
					489.90869603932066
				]
			],
			"polygon.shape": 1,
			"polygon.shift": 0
		}
	]
}