{
	"info": {
		"info.name": "항공영상 도시건물 변화탐지 데이터",
		"info.id": "TIFF_CHANGE_safe_01",
		"info.date_created": "2021-04-09 09:00:00",
		"info.src_path": "/dataSet/change",
		"info.label_path": "/dataSet/change",
		"info.category": 2,
		"info.type": 1
	},
	"images": {
		"images.id": "2017_DJG_1LB_000202.tif",
		"images.type": "TIF",
		"images.data_captured": "2021-10-29 02:00:26",
		"images.size": 1777,
		"images.width": 1508,
		"images.height": 754,
		"images.h_resolution": 150,
		"images.v_resolution": 150,
		"images.bit": 24
	},
	"annotations": [
		{
			"polygon.id": "PLG_000000",
			"polygon.name": "building",
			"polygon.points": [
				[
					1110.4105461393597,
					752.7575329566854
				],
				[
					1111.6279396021805,
					709.1024011299435
				],
				[
					1115.9966167943699,
					702.9450299976606
				],
				[
					1150.917780495711,
					701.7571201706475
				],
				[
					1149.572579490837,
					692.2385322231322
				],
				[
					1278.4719827432355,
					685.6303351200964
				],
				[
					1279.4628660481553,
					692.8406980514028
				],
				[
					1324.110166483984,
					690.3637443932756
				],
				[
					1327.1201469447628,
					739.9888622529298
				],
				[
					1412.2121225721014,
					737.1236360524819
				],
				[
					1420.1419590957444,
					750.6333915542052
				]
			],
			"polygon.shape": 1,
			"polygon.shift": 2,
			"polygon.updates": [
				3
			]
		}
	]
}